t,window,glucose,glucose_src,below_range,bolus_u,carbs_g,bolus_iob_u,frac_suspend,frac_auto,frac_max,frac_uncovered,est_basal_u,frac_activity,frac_limited,frac_manual,hr_mean,hr_n,hr_missing,steps,workout_min,workout_cat,hrs_since_exercise,est_basal_iob_u,hour,dow,g7,dst_day,real_gap,pod_change,missing_glucose,glucose_t30,past_hour_complete,clean,split,exercise_day_cat,synthetic
2000-01-03 00:00:00,1,7.8,synthetic,False,0.0,0.0,0.0,1.0,0.0,0.0,0.0,0.0,0.0,0.0,0.0,51.9,1.0,False,0.0,0.0,,,0.0,0,0,0,False,False,False,False,9.4,False,False,train,exercise day,1
2000-01-03 00:05:00,1,8.1,synthetic,False,0.0,0.0,0.0,1.0,0.0,0.0,0.0,0.0,0.0,0.0,0.0,61.9,3.0,False,3.0,0.0,,,0.0,0,0,0,False,False,False,False,9.5,False,False,train,exercise day,1
2000-01-03 00:10:00,1,8.4,synthetic,False,0.0,0.0,0.0,1.0,0.0,0.0,0.0,0.0,0.0,0.0,0.0,61.9,4.0,False,1.0,0.0,,,0.0,0,0,0,False,False,False,False,9.1,False,False,train,exercise day,1
2000-01-03 00:15:00,1,8.9,synthetic,False,0.0,0.0,0.0,1.0,0.0,0.0,0.0,0.0,0.0,0.0,0.0,52.2,3.0,False,2.0,0.0,,,0.0,0,0,0,False,False,False,False,9.1,False,False,train,exercise day,1
2000-01-03 00:20:00,1,9.1,synthetic,False,0.0,0.0,0.0,1.0,0.0,0.0,0.0,0.0,0.0,0.0,0.0,58.4,2.0,False,0.0,0.0,,,0.0,0,0,0,False,False,False,False,9.6,False,False,train,exercise day,1
2000-01-03 00:25:00,1,9.4,synthetic,False,0.0,0.0,0.0,0.0,1.0,0.0,0.0,0.1078,0.0,0.0,0.0,59.7,1.0,False,0.0,0.0,,,0.0,0,0,0,False,False,False,False,9.9,False,False,train,exercise day,1
2000-01-03 00:30:00,1,9.4,synthetic,False,0.0,0.0,0.0,0.0,1.0,0.0,0.0,0.1078,0.0,0.0,0.0,51.4,4.0,False,0.0,0.0,,,0.106,0,0,0,False,False,False,False,9.8,False,False,train,exercise day,1
2000-01-03 00:35:00,1,9.5,synthetic,False,0.0,0.0,0.0,0.0,1.0,0.0,0.0,0.1078,0.0,0.0,0.0,72.2,2.0,False,3.0,0.0,,,0.207,0,0,0,False,False,False,False,9.3,False,False,train,exercise day,1
2000-01-03 00:40:00,1,9.1,synthetic,False,0.0,0.0,0.0,0.0,1.0,0.0,0.0,0.1078,0.0,0.0,0.0,66.0,3.0,False,1.0,0.0,,,0.303,0,0,0,False,False,False,False,9.1,False,False,train,exercise day,1
2000-01-03 00:45:00,1,9.1,synthetic,False,0.0,0.0,0.0,0.0,1.0,0.0,0.0,0.1078,0.0,0.0,0.0,71.5,1.0,False,4.0,0.0,,,0.395,0,0,0,False,False,False,False,9.5,False,False,train,exercise day,1
2000-01-03 00:50:00,1,9.6,synthetic,False,0.0,0.0,0.0,0.0,1.0,0.0,0.0,0.1078,0.0,0.0,0.0,64.1,1.0,False,1.0,0.0,,,0.483,0,0,0,False,False,False,False,10.3,False,False,train,exercise day,1
2000-01-03 00:55:00,1,9.9,synthetic,False,0.0,0.0,0.0,0.0,1.0,0.0,0.0,0.1078,0.0,0.0,0.0,,,True,1.0,0.0,,,0.566,0,0,0,False,False,False,False,9.9,True,True,train,exercise day,1
2000-01-03 01:00:00,1,9.8,synthetic,False,0.0,0.0,0.0,0.0,1.0,0.0,0.0,0.1078,0.0,0.0,0.0,,,True,2.0,0.0,,,0.645,1,0,0,False,False,False,False,,True,False,train,exercise day,1
2000-01-03 01:05:00,1,9.3,synthetic,False,0.0,0.0,0.0,0.0,1.0,0.0,0.0,0.1078,0.0,0.0,0.0,66.2,5.0,False,2.0,0.0,,,0.719,1,0,0,False,False,False,False,10.0,True,True,train,exercise day,1
2000-01-03 01:10:00,1,9.1,synthetic,False,0.0,0.0,0.0,0.0,1.0,0.0,0.0,0.1078,0.0,0.0,0.0,64.0,3.0,False,0.0,0.0,,,0.788,1,0,0,False,False,False,False,10.0,True,True,train,exercise day,1
2000-01-03 01:15:00,1,9.5,synthetic,False,0.0,0.0,0.0,0.0,1.0,0.0,0.0,0.1078,0.0,0.0,0.0,46.7,2.0,False,0.0,0.0,,,0.853,1,0,0,False,False,False,False,9.7,True,True,train,exercise day,1
2000-01-03 01:20:00,1,10.3,synthetic,False,0.0,0.0,0.0,0.0,1.0,0.0,0.0,0.1078,0.0,0.0,0.0,64.2,1.0,False,1.0,0.0,,,0.914,1,0,0,False,False,False,False,9.3,True,True,train,exercise day,1
2000-01-03 01:25:00,1,9.9,synthetic,False,0.0,0.0,0.0,0.0,0.0,1.0,0.0,0.0833,0.0,0.0,0.0,,,True,0.0,0.0,,,0.97,1,0,0,False,False,False,False,9.1,True,True,train,exercise day,1
2000-01-03 01:30:00,1,,,False,0.0,0.0,0.0,0.0,1.0,0.0,0.0,0.1078,0.0,0.0,0.0,64.4,4.0,False,1.0,0.0,,,0.998,1,0,0,False,False,False,True,9.0,False,False,train,exercise day,1
2000-01-03 01:35:00,1,10.0,synthetic,False,0.0,0.0,0.0,0.0,1.0,0.0,0.0,0.1078,0.0,0.0,0.0,59.5,4.0,False,2.0,0.0,,,1.046,1,0,0,False,False,False,False,8.8,False,False,train,exercise day,1
2000-01-03 01:40:00,1,10.0,synthetic,False,0.0,0.0,0.0,0.0,1.0,0.0,0.0,0.1078,0.0,0.0,0.0,53.0,3.0,False,1.0,0.0,,,1.09,1,0,0,False,False,False,False,8.8,False,False,train,exercise day,1
2000-01-03 01:45:00,1,9.7,synthetic,False,0.0,0.0,0.0,0.0,1.0,0.0,0.0,0.1078,0.0,0.0,0.0,,,True,2.0,0.0,,,1.129,1,0,0,False,False,False,False,9.0,False,False,train,exercise day,1
2000-01-03 01:50:00,1,9.3,synthetic,False,0.0,0.0,0.0,0.0,1.0,0.0,0.0,0.1078,0.0,0.0,0.0,66.6,2.0,False,1.0,0.0,,,1.164,1,0,0,False,False,False,False,8.9,False,False,train,exercise day,1
2000-01-03 01:55:00,1,9.1,synthetic,False,0.0,0.0,0.0,0.0,1.0,0.0,0.0,0.1078,0.0,0.0,0.0,58.1,3.0,False,2.0,0.0,,,1.194,1,0,0,False,False,False,False,8.9,False,False,train,exercise day,1
2000-01-03 02:00:00,1,9.0,synthetic,False,0.0,0.0,0.0,0.0,1.0,0.0,0.0,0.1078,0.0,0.0,0.0,68.6,5.0,False,0.0,0.0,,,1.22,2,0,0,False,False,False,False,9.4,False,False,train,exercise day,1
2000-01-03 02:05:00,1,8.8,synthetic,False,0.0,0.0,0.0,0.0,1.0,0.0,0.0,0.1078,0.0,0.0,0.0,55.6,3.0,False,0.0,0.0,,,1.241,2,0,0,False,False,False,False,9.6,False,False,train,exercise day,1
2000-01-03 02:10:00,1,8.8,synthetic,False,0.0,0.0,0.0,0.0,1.0,0.0,0.0,0.1078,0.0,0.0,0.0,64.3,1.0,False,3.0,0.0,,,1.258,2,0,0,False,False,False,False,9.9,False,False,train,exercise day,1
2000-01-03 02:15:00,1,9.0,synthetic,False,0.0,0.0,0.0,0.0,1.0,0.0,0.0,0.1078,0.0,0.0,0.0,55.5,4.0,False,1.0,0.0,,,1.27,2,0,0,False,False,False,False,9.9,False,False,train,exercise day,1
2000-01-03 02:20:00,1,8.9,synthetic,False,0.0,0.0,0.0,0.0,1.0,0.0,0.0,0.1078,0.0,0.0,0.0,,,True,1.0,0.0,,,1.278,2,0,0,False,False,False,False,9.8,False,False,train,exercise day,1
2000-01-03 02:25:00,1,8.9,synthetic,False,0.0,0.0,0.0,0.0,1.0,0.0,0.0,0.1078,0.0,0.0,0.0,49.1,2.0,False,2.0,0.0,,,1.281,2,0,0,False,False,False,False,9.8,False,False,train,exercise day,1
2000-01-03 02:30:00,1,9.4,synthetic,False,0.0,0.0,0.0,0.0,1.0,0.0,0.0,0.1078,0.0,0.0,0.0,,,True,0.0,0.0,,,1.282,2,0,0,False,False,False,False,9.8,True,True,train,exercise day,1
2000-01-03 02:35:00,1,9.6,synthetic,False,0.0,0.0,0.0,1.0,0.0,0.0,0.0,0.0,0.0,0.0,0.0,,,True,0.0,0.0,,,1.283,2,0,0,False,False,False,False,9.6,True,True,train,exercise day,1
2000-01-03 02:40:00,1,9.9,synthetic,False,0.0,0.0,0.0,1.0,0.0,0.0,0.0,0.0,0.0,0.0,0.0,,,True,0.0,0.0,,,1.178,2,0,0,False,False,False,False,9.6,True,True,train,exercise day,1
2000-01-03 02:45:00,1,9.9,synthetic,False,0.0,0.0,0.0,1.0,0.0,0.0,0.0,0.0,0.0,0.0,0.0,45.6,2.0,False,1.0,0.0,,,1.078,2,0,0,False,False,False,False,9.9,True,True,train,exercise day,1
2000-01-03 02:50:00,1,9.8,synthetic,False,0.0,0.0,0.0,0.0,1.0,0.0,0.0,0.1078,0.0,0.0,0.0,63.8,1.0,False,1.0,0.0,,,0.983,2,0,0,False,False,False,False,10.7,True,True,train,exercise day,1
2000-01-03 02:55:00,1,9.8,synthetic,False,0.0,0.0,0.0,0.0,1.0,0.0,0.0,0.1078,0.0,0.0,0.0,66.3,1.0,False,1.0,0.0,,,0.997,2,0,0,False,False,False,False,10.8,True,True,train,exercise day,1
2000-01-03 03:00:00,1,9.8,synthetic,False,0.0,0.0,0.0,0.0,1.0,0.0,0.0,0.1078,0.0,0.0,0.0,51.9,1.0,False,0.0,0.0,,,1.012,3,0,0,False,False,False,False,10.9,True,True,train,exercise day,1
2000-01-03 03:05:00,1,9.6,synthetic,False,0.0,0.0,0.0,0.0,1.0,0.0,0.0,0.1078,0.0,0.0,0.0,48.4,3.0,False,0.0,0.0,,,1.026,3,0,0,False,False,False,False,9.7,True,True,train,exercise day,1
2000-01-03 03:10:00,1,9.6,synthetic,False,0.0,0.0,0.0,0.0,1.0,0.0,0.0,0.1078,0.0,0.0,0.0,66.6,2.0,False,1.0,0.0,,,1.041,3,0,0,False,False,False,False,9.9,True,True,train,exercise day,1
2000-01-03 03:15:00,1,9.9,synthetic,False,0.0,0.0,0.0,0.0,1.0,0.0,0.0,0.1078,0.0,0.0,0.0,,,True,2.0,0.0,,,1.055,3,0,0,False,False,False,False,9.8,True,True,train,exercise day,1
2000-01-03 03:20:00,1,10.7,synthetic,False,0.0,0.0,0.0,0.0,1.0,0.0,0.0,0.1078,0.0,0.0,0.0,45.0,5.0,False,0.0,0.0,,,1.07,3,0,0,False,False,False,False,9.8,True,True,train,exercise day,1
2000-01-03 03:25:00,1,10.8,synthetic,False,0.0,0.0,0.0,0.0,1.0,0.0,0.0,0.1078,0.0,0.0,0.0,,,True,2.0,0.0,,,1.084,3,0,0,False,False,False,False,9.7,True,True,train,exercise day,1
2000-01-03 03:30:00,1,10.9,synthetic,False,0.0,0.0,0.0,0.0,1.0,0.0,0.0,0.1078,0.0,0.0,0.0,49.7,3.0,False,1.0,0.0,,,1.098,3,0,0,False,False,False,False,9.8,True,True,train,exercise day,1
2000-01-03 03:35:00,1,9.7,synthetic,False,0.0,0.0,0.0,0.0,1.0,0.0,0.0,0.1078,0.0,0.0,0.0,62.9,5.0,False,2.0,0.0,,,1.112,3,0,0,False,False,False,False,9.8,True,True,train,exercise day,1
2000-01-03 03:40:00,1,9.9,synthetic,False,0.0,0.0,0.0,0.0,1.0,0.0,0.0,0.1078,0.0,0.0,0.0,,,True,1.0,0.0,,,1.125,3,0,0,False,False,False,False,10.7,True,True,train,exercise day,1
2000-01-03 03:45:00,1,9.8,synthetic,False,0.0,0.0,0.0,0.0,1.0,0.0,0.0,0.1078,0.0,0.0,0.0,53.7,1.0,False,1.0,0.0,,,1.139,3,0,0,False,False,False,False,10.5,True,True,train,exercise day,1
2000-01-03 03:50:00,1,9.8,synthetic,False,0.0,0.0,0.0,0.0,1.0,0.0,0.0,0.1078,0.0,0.0,0.0,44.6,2.0,False,0.0,0.0,,,1.152,3,0,0,False,False,False,False,10.8,True,True,train,exercise day,1
2000-01-03 03:55:00,1,9.7,synthetic,False,0.0,0.0,0.0,0.0,1.0,0.0,0.0,0.1078,0.0,0.0,0.0,,,True,1.0,0.0,,,1.166,3,0,0,False,False,False,False,10.5,True,True,train,exercise day,1
2000-01-03 04:00:00,1,9.8,synthetic,False,0.0,0.0,0.0,0.0,1.0,0.0,0.0,0.1078,0.0,0.0,0.0,55.5,1.0,False,1.0,0.0,,,1.179,4,0,0,False,False,False,False,10.0,True,True,train,exercise day,1
2000-01-03 04:05:00,1,9.8,synthetic,False,0.0,0.0,0.0,0.0,1.0,0.0,0.0,0.1078,0.0,0.0,0.0,60.5,1.0,False,1.0,0.0,,,1.193,4,0,0,False,False,False,False,9.2,True,True,train,exercise day,1
2000-01-03 04:10:00,1,10.7,synthetic,False,0.0,0.0,0.0,0.0,1.0,0.0,0.0,0.1078,0.0,0.0,0.0,53.6,1.0,False,1.0,0.0,,,1.206,4,0,0,False,False,False,False,8.7,True,True,train,exercise day,1
2000-01-03 04:15:00,1,10.5,synthetic,False,0.0,0.0,0.0,0.0,1.0,0.0,0.0,0.1078,0.0,0.0,0.0,61.2,2.0,False,0.0,0.0,,,1.219,4,0,0,False,False,False,False,8.5,True,True,train,exercise day,1
2000-01-03 04:20:00,1,10.8,synthetic,False,0.0,0.0,0.0,0.0,1.0,0.0,0.0,0.1078,0.0,0.0,0.0,51.6,4.0,False,1.0,0.0,,,1.233,4,0,0,False,False,False,False,8.8,True,True,train,exercise day,1
2000-01-03 04:25:00,1,10.5,synthetic,False,0.0,0.0,0.0,0.0,1.0,0.0,0.0,0.1078,0.0,0.0,0.0,,,True,2.0,0.0,,,1.246,4,0,0,False,False,False,False,8.8,True,True,train,exercise day,1
2000-01-03 04:30:00,1,10.0,synthetic,False,0.0,0.0,0.0,0.0,1.0,0.0,0.0,0.1078,0.0,0.0,0.0,52.6,2.0,False,2.0,0.0,,,1.26,4,0,0,False,False,False,False,8.7,True,True,train,exercise day,1
2000-01-03 04:35:00,1,9.2,synthetic,False,0.0,0.0,0.0,0.0,1.0,0.0,0.0,0.1078,0.0,0.0,0.0,38.8,5.0,False,1.0,0.0,,,1.273,4,0,0,False,False,False,False,8.5,True,True,train,exercise day,1
2000-01-03 04:40:00,1,8.7,synthetic,False,0.0,0.0,0.0,0.0,1.0,0.0,0.0,0.1078,0.0,0.0,0.0,45.5,3.0,False,0.0,0.0,,,1.285,4,0,0,False,False,False,False,7.9,True,True,train,exercise day,1
2000-01-03 04:45:00,1,8.5,synthetic,False,0.0,0.0,0.0,0.0,1.0,0.0,0.0,0.1078,0.0,0.0,0.0,44.8,3.0,False,2.0,0.0,,,1.291,4,0,0,False,False,False,False,7.6,True,True,train,exercise day,1
2000-01-03 04:50:00,1,8.8,synthetic,False,0.0,0.0,0.0,0.0,1.0,0.0,0.0,0.1078,0.0,0.0,0.0,49.6,4.0,False,0.0,0.0,,,1.294,4,0,0,False,False,False,False,7.9,True,True,train,exercise day,1
2000-01-03 04:55:00,1,8.8,synthetic,False,0.0,0.0,0.0,0.0,1.0,0.0,0.0,0.1078,0.0,0.0,0.0,51.6,5.0,False,2.0,0.0,,,1.294,4,0,0,False,False,False,False,8.9,True,True,train,exercise day,1
2000-01-03 05:00:00,1,8.7,synthetic,False,0.0,0.0,0.0,0.0,1.0,0.0,0.0,0.1078,0.0,0.0,0.0,,,True,2.0,0.0,,,1.294,5,0,0,False,False,False,False,9.0,True,True,train,exercise day,1
2000-01-03 05:05:00,1,8.5,synthetic,False,0.0,0.0,0.0,0.0,1.0,0.0,0.0,0.1078,0.0,0.0,0.0,41.3,1.0,False,2.0,0.0,,,1.294,5,0,0,False,False,False,False,8.3,True,True,train,exercise day,1
2000-01-03 05:10:00,1,7.9,synthetic,False,0.0,0.0,0.0,0.0,1.0,0.0,0.0,0.1078,0.0,0.0,0.0,,,True,1.0,0.0,,,1.294,5,0,0,False,False,False,False,8.2,True,True,train,exercise day,1
2000-01-03 05:15:00,1,7.6,synthetic,False,0.0,0.0,0.0,0.0,1.0,0.0,0.0,0.1078,0.0,0.0,0.0,52.3,4.0,False,0.0,0.0,,,1.294,5,0,0,False,False,False,False,8.0,True,True,train,exercise day,1
2000-01-03 05:20:00,1,7.9,synthetic,False,0.0,0.0,0.0,0.0,1.0,0.0,0.0,0.1078,0.0,0.0,0.0,70.3,3.0,False,0.0,0.0,,,1.294,5,0,0,False,False,False,False,8.6,True,True,train,exercise day,1
2000-01-03 05:25:00,1,8.9,synthetic,False,0.0,0.0,0.0,0.0,1.0,0.0,0.0,0.1078,0.0,0.0,0.0,48.0,3.0,False,3.0,0.0,,,1.294,5,0,0,False,False,False,False,8.3,True,True,train,exercise day,1
2000-01-03 05:30:00,1,9.0,synthetic,False,0.0,0.0,0.0,0.0,1.0,0.0,0.0,0.1078,0.0,0.0,0.0,,,True,1.0,0.0,,,1.294,5,0,0,False,False,False,False,7.9,True,True,train,exercise day,1
2000-01-03 05:35:00,1,8.3,synthetic,False,0.0,0.0,0.0,1.0,0.0,0.0,0.0,0.0,0.0,0.0,0.0,,,True,0.0,0.0,,,1.294,5,0,0,False,False,False,False,7.9,True,True,train,exercise day,1
2000-01-03 05:40:00,1,8.2,synthetic,False,0.0,0.0,0.0,1.0,0.0,0.0,0.0,0.0,0.0,0.0,0.0,58.5,2.0,False,0.0,0.0,,,1.188,5,0,0,False,False,False,False,7.4,True,True,train,exercise day,1
2000-01-03 05:45:00,1,8.0,synthetic,False,0.0,0.0,0.0,1.0,0.0,0.0,0.0,0.0,0.0,0.0,0.0,43.7,3.0,False,2.0,0.0,,,1.087,5,0,0,False,False,False,False,7.7,True,True,train,exercise day,1
2000-01-03 05:50:00,1,8.6,synthetic,False,0.0,0.0,0.0,1.0,0.0,0.0,0.0,0.0,0.0,0.0,0.0,,,True,3.0,0.0,,,0.99,5,0,0,False,False,False,False,7.8,True,True,train,exercise day,1
2000-01-03 05:55:00,1,8.3,synthetic,False,0.0,0.0,0.0,1.0,0.0,0.0,0.0,0.0,0.0,0.0,0.0,,,True,1.0,0.0,,,0.898,5,0,0,False,False,False,False,7.6,True,True,train,exercise day,1
2000-01-03 06:00:00,1,7.9,synthetic,False,0.0,0.0,0.0,1.0,0.0,0.0,0.0,0.0,0.0,0.0,0.0,41.6,5.0,False,1.0,0.0,,,0.811,6,0,0,False,False,False,False,8.0,True,True,train,exercise day,1
2000-01-03 06:05:00,1,7.9,synthetic,False,0.0,0.0,0.0,0.0,1.0,0.0,0.0,0.1078,0.0,0.0,0.0,,,True,1.0,0.0,,,0.728,6,0,0,False,False,False,False,8.1,True,True,train,exercise day,1
2000-01-03 06:10:00,1,7.4,synthetic,False,0.0,0.0,0.0,0.0,1.0,0.0,0.0,0.1078,0.0,0.0,0.0,46.5,1.0,False,0.0,0.0,,,0.755,6,0,0,False,False,False,False,8.2,True,True,train,exercise day,1
2000-01-03 06:15:00,1,7.7,synthetic,False,0.0,0.0,0.0,0.0,1.0,0.0,0.0,0.1078,0.0,0.0,0.0,40.0,4.0,False,1.0,0.0,,,0.782,6,0,0,False,False,False,False,8.4,True,True,train,exercise day,1
2000-01-03 06:20:00,1,7.8,synthetic,False,0.0,0.0,0.0,0.0,1.0,0.0,0.0,0.1078,0.0,0.0,0.0,,,True,3.0,0.0,,,0.808,6,0,0,False,False,False,False,8.6,True,True,train,exercise day,1
2000-01-03 06:25:00,1,7.6,synthetic,False,0.0,0.0,0.0,0.0,1.0,0.0,0.0,0.1078,0.0,0.0,0.0,53.1,5.0,False,3.0,0.0,,,0.835,6,0,0,False,False,False,False,8.9,True,True,train,exercise day,1
2000-01-03 06:30:00,1,8.0,synthetic,False,0.0,0.0,0.0,0.0,1.0,0.0,0.0,0.1078,0.0,0.0,0.0,,,True,3.0,0.0,,,0.862,6,0,0,False,False,False,False,9.0,True,True,train,exercise day,1
2000-01-03 06:35:00,1,8.1,synthetic,False,0.0,0.0,0.0,0.0,1.0,0.0,0.0,0.1078,0.0,0.0,0.0,,,True,0.0,0.0,,,0.889,6,0,0,False,False,False,False,8.8,True,True,train,exercise day,1
2000-01-03 06:40:00,1,8.2,synthetic,False,0.0,0.0,0.0,0.0,1.0,0.0,0.0,0.1078,0.0,0.0,0.0,,,True,3.0,0.0,,,0.916,6,0,0,False,False,False,False,8.7,True,True,train,exercise day,1
2000-01-03 06:45:00,1,8.4,synthetic,False,0.0,0.0,0.0,0.0,1.0,0.0,0.0,0.1078,0.0,0.0,0.0,45.7,1.0,False,1.0,0.0,,,0.943,6,0,0,False,False,False,False,8.8,True,True,train,exercise day,1
2000-01-03 06:50:00,1,8.6,synthetic,False,0.0,0.0,0.0,0.0,1.0,0.0,0.0,0.1078,0.0,0.0,0.0,60.3,1.0,False,0.0,0.0,,,0.97,6,0,0,False,False,False,False,8.7,True,True,train,exercise day,1
2000-01-03 06:55:00,1,8.9,synthetic,False,0.0,0.0,0.0,0.0,1.0,0.0,0.0,0.1078,0.0,0.0,0.0,64.2,2.0,False,1.0,0.0,,,0.997,6,0,0,False,False,False,False,8.6,True,True,train,exercise day,1
2000-01-03 07:00:00,1,9.0,synthetic,False,0.0,0.0,0.0,0.0,1.0,0.0,0.0,0.1078,0.0,0.0,0.0,54.4,5.0,False,17.0,0.0,,,1.024,7,0,0,False,False,False,False,8.8,True,True,train,exercise day,1
2000-01-03 07:05:00,1,8.8,synthetic,False,0.0,0.0,0.0,0.0,1.0,0.0,0.0,0.1078,0.0,0.0,0.0,58.9,2.0,False,22.0,0.0,,,1.051,7,0,0,False,False,False,False,9.0,True,True,train,exercise day,1
2000-01-03 07:10:00,1,8.7,synthetic,False,0.0,0.0,0.0,0.0,1.0,0.0,0.0,0.1078,0.0,0.0,0.0,,,True,19.0,0.0,,,1.078,7,0,0,False,False,False,False,9.5,True,True,train,exercise day,1
2000-01-03 07:15:00,1,8.8,synthetic,False,0.0,0.0,0.0,0.0,1.0,0.0,0.0,0.1078,0.0,0.0,0.0,52.4,4.0,False,22.0,0.0,,,1.105,7,0,0,False,False,False,False,9.4,True,True,train,exercise day,1
2000-01-03 07:20:00,1,8.7,synthetic,False,0.0,0.0,0.0,0.0,1.0,0.0,0.0,0.1078,0.0,0.0,0.0,41.3,1.0,False,24.0,0.0,,,1.132,7,0,0,False,False,False,False,9.2,True,True,train,exercise day,1
2000-01-03 07:25:00,1,8.6,synthetic,False,0.0,0.0,0.0,0.0,1.0,0.0,0.0,0.1078,0.0,0.0,0.0,45.0,2.0,False,17.0,0.0,,,1.159,7,0,0,False,False,False,False,9.0,True,True,train,exercise day,1
2000-01-03 07:30:00,1,8.8,synthetic,False,0.0,0.0,0.0,0.0,1.0,0.0,0.0,0.1078,0.0,0.0,0.0,57.4,3.0,False,20.0,0.0,,,1.186,7,0,0,False,False,False,False,8.3,True,True,train,exercise day,1
2000-01-03 07:35:00,1,9.0,synthetic,False,0.0,0.0,0.0,0.0,1.0,0.0,0.0,0.1078,0.0,0.0,0.0,,,True,24.0,0.0,,,1.213,7,0,0,False,False,False,False,7.9,True,True,train,exercise day,1
2000-01-03 07:40:00,1,9.5,synthetic,False,0.0,0.0,0.0,0.0,1.0,0.0,0.0,0.1078,0.0,0.0,0.0,49.6,2.0,False,24.0,0.0,,,1.237,7,0,0,False,False,False,False,7.9,True,True,train,exercise day,1
2000-01-03 07:45:00,1,9.4,synthetic,False,0.0,0.0,0.0,0.0,1.0,0.0,0.0,0.1078,0.0,0.0,0.0,42.8,5.0,False,29.0,0.0,,,1.258,7,0,0,False,False,False,False,8.0,True,True,train,exercise day,1
2000-01-03 07:50:00,1,9.2,synthetic,False,0.0,0.0,0.0,1.0,0.0,0.0,0.0,0.0,0.0,0.0,0.0,45.5,5.0,False,24.0,0.0,,,1.273,7,0,0,False,False,False,False,8.6,True,True,train,exercise day,1
2000-01-03 07:55:00,1,9.0,synthetic,False,0.0,0.0,0.0,1.0,0.0,0.0,0.0,0.0,0.0,0.0,0.0,52.9,5.0,False,31.0,0.0,,,1.179,7,0,0,False,False,False,False,8.1,True,True,train,exercise day,1
2000-01-03 08:00:00,1,8.3,synthetic,False,0.0,0.0,0.0,1.0,0.0,0.0,0.0,0.0,0.0,0.0,0.0,53.3,5.0,False,18.0,0.0,,,1.085,8,0,0,False,False,False,False,7.7,True,True,train,exercise day,1
2000-01-03 08:05:00,1,7.9,synthetic,False,0.0,0.0,0.0,1.0,0.0,0.0,0.0,0.0,0.0,0.0,0.0,56.2,2.0,False,27.0,0.0,,,0.99,8,0,0,False,False,False,False,7.8,True,True,train,exercise day,1
2000-01-03 08:10:00,1,7.9,synthetic,False,0.0,0.0,0.0,1.0,0.0,0.0,0.0,0.0,0.0,0.0,0.0,58.1,3.0,False,22.0,0.0,,,0.898,8,0,0,False,False,False,False,8.0,True,True,train,exercise day,1
2000-01-03 08:15:00,1,8.0,synthetic,False,0.0,0.0,0.0,1.0,0.0,0.0,0.0,0.0,0.0,0.0,0.0,,,True,16.0,0.0,,,0.811,8,0,0,False,False,False,False,8.0,True,True,train,exercise day,1
2000-01-03 08:20:00,1,8.6,synthetic,False,0.0,0.0,0.0,1.0,0.0,0.0,0.0,0.0,0.0,0.0,0.0,66.1,5.0,False,18.0,0.0,,,0.728,8,0,0,False,False,False,False,7.1,True,True,train,exercise day,1
2000-01-03 08:25:00,1,8.1,synthetic,False,0.0,0.0,0.0,1.0,0.0,0.0,0.0,0.0,0.0,0.0,0.0,37.7,5.0,False,23.0,0.0,,,0.649,8,0,0,False,False,False,False,7.6,True,True,train,exercise day,1
2000-01-03 08:30:00,1,7.7,synthetic,False,0.0,0.0,0.0,1.0,0.0,0.0,0.0,0.0,0.0,0.0,0.0,,,True,22.0,0.0,,,0.575,8,0,0,False,False,False,False,7.5,True,True,train,exercise day,1
2000-01-03 08:35:00,1,7.8,synthetic,False,0.0,0.0,0.0,1.0,0.0,0.0,0.0,0.0,0.0,0.0,0.0,41.9,4.0,False,16.0,0.0,,,0.505,8,0,0,False,False,False,False,7.6,True,True,train,exercise day,1
2000-01-03 08:40:00,1,8.0,synthetic,False,0.0,0.0,0.0,1.0,0.0,0.0,0.0,0.0,0.0,0.0,0.0,53.9,1.0,False,24.0,0.0,,,0.44,8,0,0,False,False,False,False,7.5,True,True,train,exercise day,1
2000-01-03 08:45:00,1,8.0,synthetic,False,0.0,0.0,0.0,1.0,0.0,0.0,0.0,0.0,0.0,0.0,0.0,,,True,15.0,0.0,,,0.38,8,0,0,False,False,False,False,7.4,True,True,train,exercise day,1
2000-01-03 08:50:00,1,7.1,synthetic,False,0.0,0.0,0.0,1.0,0.0,0.0,0.0,0.0,0.0,0.0,0.0,,,True,28.0,0.0,,,0.323,8,0,0,False,False,False,False,7.8,True,True,train,exercise day,1
2000-01-03 08:55:00,1,7.6,synthetic,False,0.0,0.0,0.0,1.0,0.0,0.0,0.0,0.0,0.0,0.0,0.0,45.6,2.0,False,25.0,0.0,,,0.272,8,0,0,False,False,False,False,7.7,True,True,train,exercise day,1
2000-01-03 09:00:00,1,7.5,synthetic,False,0.0,0.0,0.0,1.0,0.0,0.0,0.0,0.0,0.0,0.0,0.0,,,True,26.0,0.0,,,0.225,9,0,0,False,False,False,False,7.8,True,True,train,exercise day,1
2000-01-03 09:05:00,1,7.6,synthetic,False,0.0,0.0,0.0,1.0,0.0,0.0,0.0,0.0,0.0,0.0,0.0,49.1,3.0,False,26.0,0.0,,,0.182,9,0,0,False,False,False,False,,True,False,train,exercise day,1
2000-01-03 09:10:00,1,7.5,synthetic,False,6.59,32.4,6.592,1.0,0.0,0.0,0.0,0.0,0.0,0.0,0.0,43.8,5.0,False,30.0,0.0,,,0.144,9,0,0,False,False,False,False,9.2,True,True,train,exercise day,1
2000-01-03 09:15:00,1,7.4,synthetic,False,0.0,0.0,6.317,1.0,0.0,0.0,0.0,0.0,0.0,0.0,0.0,61.0,3.0,False,21.0,0.0,,,0.11,9,0,0,False,False,False,False,9.9,True,True,train,exercise day,1
2000-01-03 09:20:00,1,7.8,synthetic,False,0.0,0.0,6.042,1.0,0.0,0.0,0.0,0.0,0.0,0.0,0.0,49.0,5.0,False,21.0,0.0,,,0.081,9,0,0,False,False,False,False,10.4,True,True,train,exercise day,1
2000-01-03 09:25:00,1,7.7,synthetic,False,0.0,0.0,5.768,1.0,0.0,0.0,0.0,0.0,0.0,0.0,0.0,48.2,2.0,False,25.0,0.0,,,0.056,9,0,0,False,False,False,False,10.8,True,True,train,exercise day,1
2000-01-03 09:30:00,1,7.8,synthetic,False,0.0,0.0,5.493,1.0,0.0,0.0,0.0,0.0,0.0,0.0,0.0,42.1,1.0,False,16.0,0.0,,,0.036,9,0,0,False,False,False,False,11.0,True,True,train,exercise day,1
2000-01-03 09:35:00,1,,,False,0.0,0.0,5.218,1.0,0.0,0.0,0.0,0.0,0.0,0.0,0.0,56.9,3.0,False,21.0,0.0,,,0.02,9,0,0,False,False,False,True,11.9,False,False,train,exercise day,1
2000-01-03 09:40:00,1,9.2,synthetic,False,0.0,0.0,4.944,1.0,0.0,0.0,0.0,0.0,0.0,0.0,0.0,54.2,1.0,False,21.0,0.0,,,0.009,9,0,0,False,False,False,False,11.6,False,False,train,exercise day,1
2000-01-03 09:45:00,1,9.9,synthetic,False,0.0,0.0,4.669,1.0,0.0,0.0,0.0,0.0,0.0,0.0,0.0,53.1,1.0,False,24.0,0.0,,,0.002,9,0,0,False,False,False,False,11.3,False,False,train,exercise day,1
2000-01-03 09:50:00,1,10.4,synthetic,False,0.0,0.0,4.395,1.0,0.0,0.0,0.0,0.0,0.0,0.0,0.0,36.4,5.0,False,24.0,0.0,,,0.0,9,0,0,False,False,False,False,10.7,False,False,train,exercise day,1
2000-01-03 09:55:00,1,10.8,synthetic,False,0.0,0.0,4.12,1.0,0.0,0.0,0.0,0.0,0.0,0.0,0.0,51.9,1.0,False,27.0,0.0,,,0.0,9,0,0,False,False,False,False,10.8,False,False,train,exercise day,1
2000-01-03 10:00:00,1,11.0,synthetic,False,0.0,0.0,3.845,1.0,0.0,0.0,0.0,0.0,0.0,0.0,0.0,46.5,2.0,False,33.0,0.0,,,0.0,10,0,0,False,False,False,False,10.9,False,False,train,exercise day,1
2000-01-03 10:05:00,1,11.9,synthetic,False,0.0,0.0,3.571,1.0,0.0,0.0,0.0,0.0,0.0,0.0,0.0,,,True,18.0,0.0,,,0.0,10,0,0,False,False,False,False,10.7,False,False,train,exercise day,1
2000-01-03 10:10:00,1,11.6,synthetic,False,0.0,0.0,3.296,1.0,0.0,0.0,0.0,0.0,0.0,0.0,0.0,,,True,35.0,0.0,,,0.0,10,0,0,False,False,False,False,11.0,False,False,train,exercise day,1
2000-01-03 10:15:00,1,11.3,synthetic,False,0.0,0.0,3.021,1.0,0.0,0.0,0.0,0.0,0.0,0.0,0.0,,,True,27.0,0.0,,,0.0,10,0,0,False,False,False,False,10.7,False,False,train,exercise day,1
2000-01-03 10:20:00,1,10.7,synthetic,False,0.0,0.0,2.747,1.0,0.0,0.0,0.0,0.0,0.0,0.0,0.0,47.3,1.0,False,19.0,0.0,,,0.0,10,0,0,False,False,False,False,11.0,False,False,train,exercise day,1
2000-01-03 10:25:00,1,10.8,synthetic,False,0.0,0.0,2.472,1.0,0.0,0.0,0.0,0.0,0.0,0.0,0.0,71.0,2.0,False,19.0,0.0,,,0.0,10,0,0,False,False,False,False,10.7,False,False,train,exercise day,1
2000-01-03 10:30:00,1,10.9,synthetic,False,0.0,0.0,2.197,1.0,0.0,0.0,0.0,0.0,0.0,0.0,0.0,53.1,3.0,False,24.0,0.0,,,0.0,10,0,0,False,False,False,False,10.0,False,False,train,exercise day,1
2000-01-03 10:35:00,1,10.7,synthetic,False,0.0,0.0,1.923,1.0,0.0,0.0,0.0,0.0,0.0,0.0,0.0,61.1,2.0,False,18.0,0.0,,,0.0,10,0,0,False,False,False,False,10.2,True,True,train,exercise day,1
2000-01-03 10:40:00,1,11.0,synthetic,False,0.0,0.0,1.648,1.0,0.0,0.0,0.0,0.0,0.0,0.0,0.0,52.3,1.0,False,14.0,0.0,,,0.0,10,0,0,False,False,False,False,9.6,True,True,train,exercise day,1
2000-01-03 10:45:00,1,10.7,synthetic,False,0.0,0.0,1.373,0.164,0.0,0.0,0.836,0.0,0.0,0.0,0.0,,,True,29.0,0.0,,,0.0,10,0,0,False,False,True,False,9.5,True,False,train,exercise day,1
2000-01-03 10:50:00,1,11.0,synthetic,False,0.0,0.0,1.099,1.0,0.0,0.0,0.0,0.0,0.0,0.0,0.0,,,True,32.0,0.0,,,0.0,10,0,0,False,False,False,False,9.7,True,True,train,exercise day,1
2000-01-03 10:55:00,1,10.7,synthetic,False,1.6,38.5,2.423,1.0,0.0,0.0,0.0,0.0,0.0,0.0,0.0,,,True,27.0,0.0,,,0.0,10,0,0,False,False,False,False,9.6,True,True,train,exercise day,1
2000-01-03 11:00:00,1,10.0,synthetic,False,0.0,0.0,2.081,1.0,0.0,0.0,0.0,0.0,0.0,0.0,0.0,38.6,5.0,False,20.0,0.0,,,0.0,11,0,0,False,False,False,False,9.8,True,True,train,exercise day,1
2000-01-03 11:05:00,1,10.2,synthetic,False,0.0,0.0,1.74,1.0,0.0,0.0,0.0,0.0,0.0,0.0,0.0,47.7,4.0,False,23.0,0.0,,,0.0,11,0,0,False,False,False,False,9.1,True,True,train,exercise day,1
2000-01-03 11:10:00,1,9.6,synthetic,False,0.0,0.0,1.399,1.0,0.0,0.0,0.0,0.0,0.0,0.0,0.0,50.5,5.0,False,12.0,0.0,,,0.0,11,0,0,False,False,False,False,9.1,True,True,train,exercise day,1
2000-01-03 11:15:00,1,9.5,synthetic,False,0.0,0.0,1.332,1.0,0.0,0.0,0.0,0.0,0.0,0.0,0.0,41.8,2.0,False,18.0,0.0,,,0.0,11,0,0,False,False,False,False,9.0,True,True,train,exercise day,1
2000-01-03 11:20:00,1,9.7,synthetic,False,0.0,0.0,1.266,1.0,0.0,0.0,0.0,0.0,0.0,0.0,0.0,48.2,3.0,False,23.0,0.0,,,0.0,11,0,0,False,False,False,False,9.2,True,True,train,exercise day,1
2000-01-03 11:25:00,1,9.6,synthetic,False,0.0,0.0,1.199,1.0,0.0,0.0,0.0,0.0,0.0,0.0,0.0,56.4,5.0,False,17.0,0.0,,,0.0,11,0,0,False,False,False,False,9.6,True,True,train,exercise day,1
2000-01-03 11:30:00,1,9.8,synthetic,False,0.0,0.0,1.132,1.0,0.0,0.0,0.0,0.0,0.0,0.0,0.0,,,True,24.0,0.0,,,0.0,11,0,0,False,False,False,False,9.7,True,True,train,exercise day,1
2000-01-03 11:35:00,1,9.1,synthetic,False,0.0,0.0,1.066,1.0,0.0,0.0,0.0,0.0,0.0,0.0,0.0,,,True,21.0,0.0,,,0.0,11,0,0,False,False,False,False,9.3,True,True,train,exercise day,1
2000-01-03 11:40:00,1,9.1,synthetic,False,0.0,0.0,0.999,1.0,0.0,0.0,0.0,0.0,0.0,0.0,0.0,,,True,31.0,0.0,,,0.0,11,0,0,False,False,False,False,9.0,True,True,train,exercise day,1
2000-01-03 11:45:00,1,9.0,synthetic,False,0.0,0.0,0.933,1.0,0.0,0.0,0.0,0.0,0.0,0.0,0.0,47.6,1.0,False,29.0,0.0,,,0.0,11,0,0,False,False,False,False,8.5,True,True,train,exercise day,1
2000-01-03 11:50:00,1,9.2,synthetic,False,0.0,0.0,0.866,1.0,0.0,0.0,0.0,0.0,0.0,0.0,0.0,,,True,30.0,0.0,,,0.0,11,0,0,False,False,False,False,8.1,True,True,train,exercise day,1
2000-01-03 11:55:00,1,9.6,synthetic,False,0.0,0.0,0.799,1.0,0.0,0.0,0.0,0.0,0.0,0.0,0.0,57.8,5.0,False,25.0,0.0,,,0.0,11,0,0,False,False,False,False,8.5,True,True,train,exercise day,1
2000-01-03 12:00:00,1,9.7,synthetic,False,0.0,0.0,0.733,1.0,0.0,0.0,0.0,0.0,0.0,0.0,0.0,53.8,2.0,False,24.0,0.0,,,0.0,12,0,0,False,False,False,False,7.9,True,True,train,exercise day,1
2000-01-03 12:05:00,1,9.3,synthetic,False,0.0,0.0,0.666,1.0,0.0,0.0,0.0,0.0,0.0,0.0,0.0,,,True,26.0,0.0,,,0.0,12,0,0,False,False,False,False,7.4,True,True,train,exercise day,1
2000-01-03 12:10:00,1,9.0,synthetic,False,0.0,0.0,0.599,1.0,0.0,0.0,0.0,0.0,0.0,0.0,0.0,45.9,1.0,False,30.0,0.0,,,0.0,12,0,0,False,False,False,False,7.7,True,True,train,exercise day,1
2000-01-03 12:15:00,1,8.5,synthetic,False,0.0,0.0,0.533,1.0,0.0,0.0,0.0,0.0,0.0,0.0,0.0,62.6,2.0,False,25.0,0.0,,,0.0,12,0,0,False,False,False,False,7.1,True,True,train,exercise day,1
2000-01-03 12:20:00,1,8.1,synthetic,False,0.0,0.0,0.466,1.0,0.0,0.0,0.0,0.0,0.0,0.0,0.0,,,True,37.0,0.0,,,0.0,12,0,0,False,False,False,False,6.5,True,True,train,exercise day,1
2000-01-03 12:25:00,1,8.5,synthetic,False,0.0,0.0,0.4,1.0,0.0,0.0,0.0,0.0,0.0,0.0,0.0,39.4,5.0,False,23.0,0.0,,,0.0,12,0,0,False,False,False,False,5.8,True,True,train,exercise day,1
2000-01-03 12:30:00,1,7.9,synthetic,False,0.0,0.0,0.333,1.0,0.0,0.0,0.0,0.0,0.0,0.0,0.0,38.5,2.0,False,27.0,0.0,,,0.0,12,0,0,False,False,False,False,5.3,True,True,train,exercise day,1
2000-01-03 12:35:00,1,7.4,synthetic,False,0.0,0.0,0.266,1.0,0.0,0.0,0.0,0.0,0.0,0.0,0.0,42.3,5.0,False,27.0,0.0,,,0.0,12,0,0,False,False,False,False,5.5,True,True,train,exercise day,1
2000-01-03 12:40:00,1,7.7,synthetic,False,0.0,0.0,0.2,1.0,0.0,0.0,0.0,0.0,0.0,0.0,0.0,49.4,1.0,False,32.0,0.0,,,0.0,12,0,0,False,False,False,False,4.8,True,True,train,exercise day,1
2000-01-03 12:45:00,1,7.1,synthetic,False,0.0,0.0,0.133,1.0,0.0,0.0,0.0,0.0,0.0,0.0,0.0,73.8,2.0,False,31.0,0.0,,,0.0,12,0,0,False,False,False,False,,True,False,train,exercise day,1
2000-01-03 12:50:00,1,6.5,synthetic,False,0.0,0.0,0.067,1.0,0.0,0.0,0.0,0.0,0.0,0.0,0.0,57.2,1.0,False,22.0,0.0,,,0.0,12,0,0,False,False,False,False,4.0,True,True,train,exercise day,1
2000-01-03 12:55:00,1,5.8,synthetic,False,0.0,0.0,0.0,0.0,1.0,0.0,0.0,0.1078,0.0,0.0,0.0,51.5,1.0,False,22.0,0.0,,,0.0,12,0,0,False,False,False,False,3.7,True,True,train,exercise day,1
2000-01-03 13:00:00,1,5.3,synthetic,False,0.0,0.0,0.0,0.0,1.0,0.0,0.0,0.1078,0.0,0.0,0.0,61.4,1.0,False,24.0,0.0,,,0.106,13,0,0,False,False,False,False,,True,False,train,exercise day,1
2000-01-03 13:05:00,1,5.5,synthetic,False,0.0,0.0,0.0,0.0,1.0,0.0,0.0,0.1078,0.0,0.0,0.0,52.8,5.0,False,23.0,0.0,,,0.207,13,0,0,False,False,False,False,2.6,True,True,train,exercise day,1
2000-01-03 13:10:00,1,4.8,synthetic,False,0.0,0.0,0.0,0.0,1.0,0.0,0.0,0.1078,0.0,0.0,0.0,52.1,4.0,False,22.0,0.0,,,0.303,13,0,0,False,False,False,False,2.9,True,True,train,exercise day,1
2000-01-03 13:15:00,1,,,False,0.0,0.0,0.0,0.0,1.0,0.0,0.0,0.1078,0.0,0.0,0.0,51.5,5.0,False,26.0,0.0,,,0.395,13,0,0,False,False,False,True,2.9,False,False,train,exercise day,1
2000-01-03 13:20:00,1,4.0,synthetic,False,0.0,0.0,0.0,0.0,1.0,0.0,0.0,0.1078,0.0,0.0,0.0,,,True,18.0,0.0,,,0.483,13,0,0,False,False,False,False,2.9,False,False,train,exercise day,1
2000-01-03 13:25:00,1,3.7,synthetic,False,0.0,0.0,0.0,0.0,1.0,0.0,0.0,0.1078,0.0,0.0,0.0,49.6,5.0,False,23.0,0.0,,,0.566,13,0,0,False,False,False,False,3.1,False,False,train,exercise day,1
2000-01-03 13:30:00,1,,,False,0.0,0.0,0.0,0.0,1.0,0.0,0.0,0.1078,0.0,0.0,0.0,57.1,1.0,False,26.0,0.0,,,0.645,13,0,0,False,False,False,True,3.6,False,False,train,exercise day,1
2000-01-03 13:35:00,1,2.6,synthetic,False,0.0,0.0,0.0,0.0,1.0,0.0,0.0,0.1078,0.0,0.0,0.0,,,True,24.0,0.0,,,0.719,13,0,0,False,False,False,False,2.2,False,False,train,exercise day,1
2000-01-03 13:40:00,1,2.9,synthetic,False,0.0,0.0,0.0,0.0,1.0,0.0,0.0,0.1078,0.0,0.0,0.0,,,True,26.0,0.0,,,0.788,13,0,0,False,False,False,False,2.2,False,False,train,exercise day,1
2000-01-03 13:45:00,1,2.9,synthetic,False,0.0,0.0,0.0,0.0,1.0,0.0,0.0,0.1078,0.0,0.0,0.0,55.3,2.0,False,232.0,0.0,,,0.853,13,0,0,False,False,False,False,2.2,False,False,train,exercise day,1
2000-01-03 13:50:00,1,2.9,synthetic,False,0.0,0.0,0.0,0.0,1.0,0.0,0.0,0.1078,0.0,0.0,0.0,65.6,2.0,False,240.0,0.0,,,0.914,13,0,0,False,False,False,False,2.2,False,False,train,exercise day,1
2000-01-03 13:55:00,1,3.1,synthetic,False,0.0,0.0,0.0,0.0,0.0,1.0,0.0,0.0833,0.0,0.0,0.0,41.6,4.0,False,209.0,0.0,,,0.97,13,0,0,False,False,False,False,2.2,False,False,train,exercise day,1
2000-01-03 14:00:00,1,3.6,synthetic,False,0.0,0.0,0.0,0.0,1.0,0.0,0.0,0.1078,0.0,0.0,0.0,48.6,3.0,False,203.0,0.0,,,0.998,14,0,0,False,False,False,False,2.2,False,False,train,exercise day,1
2000-01-03 14:05:00,1,2.2,synthetic,True,2.63,30.8,2.63,0.0,1.0,0.0,0.0,0.1078,1.0,0.0,0.0,97.3,1.0,False,242.0,5.0,football,,1.046,14,0,0,False,False,False,False,2.2,False,False,train,exercise day,1
2000-01-03 14:10:00,1,2.2,synthetic,True,0.0,0.0,2.52,0.0,1.0,0.0,0.0,0.1078,1.0,0.0,0.0,104.0,1.0,False,250.0,5.0,football,,1.09,14,0,0,False,False,False,False,2.2,False,False,train,exercise day,1
2000-01-03 14:15:00,1,2.2,synthetic,True,0.0,0.0,2.411,1.0,0.0,0.0,0.0,0.0,1.0,0.0,0.0,114.7,4.0,False,231.0,5.0,football,,1.129,14,0,0,False,False,False,False,2.2,False,False,train,exercise day,1
2000-01-03 14:20:00,1,2.2,synthetic,True,0.0,0.0,2.301,1.0,0.0,0.0,0.0,0.0,1.0,0.0,0.0,98.7,3.0,False,264.0,5.0,football,,1.058,14,0,0,False,False,False,False,2.2,False,False,train,exercise day,1
2000-01-03 14:25:00,1,2.2,synthetic,True,0.0,0.0,2.191,1.0,0.0,0.0,0.0,0.0,1.0,0.0,0.0,105.0,1.0,False,243.0,5.0,football,,0.987,14,0,0,False,False,False,False,2.3,False,False,train,exercise day,1
2000-01-03 14:30:00,1,2.2,synthetic,True,0.0,0.0,2.082,1.0,0.0,0.0,0.0,0.0,1.0,0.0,0.0,105.9,2.0,False,230.0,5.0,football,,0.916,14,0,0,False,False,False,False,2.3,True,True,train,exercise day,1
2000-01-03 14:35:00,1,2.2,synthetic,True,0.0,0.0,1.972,1.0,0.0,0.0,0.0,0.0,1.0,0.0,0.0,103.2,5.0,False,246.0,5.0,football,,0.846,14,0,0,False,False,False,False,2.2,True,True,train,exercise day,1
2000-01-03 14:40:00,1,2.2,synthetic,True,0.0,0.0,1.863,1.0,0.0,0.0,0.0,0.0,1.0,0.0,0.0,97.0,2.0,False,272.0,5.0,football,,0.775,14,0,0,False,False,False,False,2.2,True,True,train,exercise day,1
2000-01-03 14:45:00,1,2.2,synthetic,True,0.0,0.0,1.753,1.0,0.0,0.0,0.0,0.0,1.0,0.0,0.0,105.7,1.0,False,237.0,5.0,football,,0.704,14,0,0,False,False,False,False,2.2,True,True,train,exercise day,1
2000-01-03 14:50:00,1,2.2,synthetic,True,0.0,0.0,1.644,1.0,0.0,0.0,0.0,0.0,1.0,0.0,0.0,102.0,3.0,False,262.0,5.0,football,,0.633,14,0,0,False,False,False,False,2.2,True,True,train,exercise day,1
2000-01-03 14:55:00,1,2.3,synthetic,False,0.0,0.0,1.534,1.0,0.0,0.0,0.0,0.0,1.0,0.0,0.0,92.0,1.0,False,232.0,5.0,football,,0.562,14,0,0,False,False,False,False,2.2,True,True,train,exercise day,1
2000-01-03 15:00:00,1,2.3,synthetic,False,0.0,0.0,1.424,1.0,0.0,0.0,0.0,0.0,1.0,0.0,0.0,100.7,1.0,False,245.0,5.0,football,,0.494,15,0,0,False,False,False,False,2.2,True,True,train,exercise day,1
2000-01-03 15:05:00,1,2.2,synthetic,True,0.0,0.0,1.315,1.0,0.0,0.0,0.0,0.0,1.0,0.0,0.0,70.6,4.0,False,17.0,0.0,,0.0,0.429,15,0,0,False,False,False,False,2.2,True,True,train,exercise day,1
2000-01-03 15:10:00,1,2.2,synthetic,True,0.0,0.0,1.205,1.0,0.0,0.0,0.0,0.0,1.0,0.0,0.0,,,True,14.0,0.0,,0.08,0.37,15,0,0,False,False,False,False,2.2,True,True,train,exercise day,1
2000-01-03 15:15:00,1,2.2,synthetic,True,0.0,0.0,1.096,1.0,0.0,0.0,0.0,0.0,1.0,0.0,0.0,71.5,3.0,False,29.0,0.0,,0.17,0.315,15,0,0,False,False,False,False,2.2,True,True,train,exercise day,1
2000-01-03 15:20:00,1,2.2,synthetic,True,0.0,0.0,0.986,1.0,0.0,0.0,0.0,0.0,1.0,0.0,0.0,,,True,23.0,0.0,,0.25,0.264,15,0,0,False,False,False,False,2.2,True,True,train,exercise day,1
2000-01-03 15:25:00,1,2.2,synthetic,True,0.0,0.0,0.877,1.0,0.0,0.0,0.0,0.0,1.0,0.0,0.0,62.8,1.0,False,20.0,0.0,,0.33,0.218,15,0,0,False,False,False,False,2.2,True,True,train,exercise day,1
2000-01-03 15:30:00,1,2.2,synthetic,True,0.0,0.0,0.767,1.0,0.0,0.0,0.0,0.0,1.0,0.0,0.0,,,True,21.0,0.0,,0.42,0.176,15,0,0,False,False,False,False,2.2,True,True,train,exercise day,1
2000-01-03 15:35:00,1,2.2,synthetic,True,0.0,0.0,0.657,1.0,0.0,0.0,0.0,0.0,1.0,0.0,0.0,62.8,1.0,False,27.0,0.0,,0.5,0.139,15,0,0,False,False,False,False,2.2,True,True,train,exercise day,1
2000-01-03 15:40:00,1,2.2,synthetic,True,0.0,0.0,0.548,1.0,0.0,0.0,0.0,0.0,1.0,0.0,0.0,,,True,17.0,0.0,,0.58,0.106,15,0,0,False,False,False,False,2.2,True,True,train,exercise day,1
2000-01-03 15:45:00,1,2.2,synthetic,True,0.0,0.0,0.438,1.0,0.0,0.0,0.0,0.0,1.0,0.0,0.0,54.0,4.0,False,20.0,0.0,,0.67,0.078,15,0,0,False,False,False,False,2.2,True,True,train,exercise day,1
2000-01-03 15:50:00,1,2.2,synthetic,True,3.73,24.6,4.059,1.0,0.0,0.0,0.0,0.0,1.0,0.0,0.0,59.0,5.0,False,27.0,0.0,,0.75,0.055,15,0,0,False,False,False,False,2.2,True,True,train,exercise day,1
2000-01-03 15:55:00,1,2.2,synthetic,True,0.0,0.0,3.794,1.0,0.0,0.0,0.0,0.0,1.0,0.0,0.0,,,True,22.0,0.0,,0.83,0.035,15,0,0,False,False,False,False,2.2,True,True,train,exercise day,1
2000-01-03 16:00:00,1,2.2,synthetic,True,0.0,0.0,3.529,1.0,0.0,0.0,0.0,0.0,1.0,0.0,0.0,,,True,30.0,0.0,,0.92,0.02,16,0,0,False,False,False,False,2.2,True,True,train,exercise day,1
2000-01-03 16:05:00,1,2.2,synthetic,True,0.0,0.0,3.264,1.0,0.0,0.0,0.0,0.0,0.0,0.0,0.0,,,True,27.0,0.0,,1.0,0.009,16,0,0,False,False,False,False,2.2,True,True,train,exercise day,1
2000-01-03 16:10:00,1,2.2,synthetic,True,0.0,0.0,3.108,1.0,0.0,0.0,0.0,0.0,0.0,0.0,0.0,,,True,21.0,0.0,,1.08,0.002,16,0,0,False,False,False,False,2.2,True,True,train,exercise day,1
2000-01-03 16:15:00,1,2.2,synthetic,True,0.0,0.0,2.953,1.0,0.0,0.0,0.0,0.0,0.0,0.0,0.0,58.5,3.0,False,28.0,0.0,,1.17,0.0,16,0,0,False,False,False,False,2.2,True,True,train,exercise day,1
2000-01-03 16:20:00,1,2.2,synthetic,True,0.0,0.0,2.797,1.0,0.0,0.0,0.0,0.0,0.0,0.0,0.0,,,True,26.0,0.0,,1.25,0.0,16,0,0,False,False,False,False,2.3,True,True,train,exercise day,1
2000-01-03 16:25:00,1,2.2,synthetic,True,0.0,0.0,2.642,1.0,0.0,0.0,0.0,0.0,0.0,0.0,0.0,58.8,5.0,False,30.0,0.0,,1.33,0.0,16,0,0,False,False,False,False,2.2,True,True,train,exercise day,1
2000-01-03 16:30:00,1,2.2,synthetic,True,0.0,0.0,2.487,1.0,0.0,0.0,0.0,0.0,0.0,0.0,0.0,62.8,1.0,False,28.0,0.0,,1.42,0.0,16,0,0,False,False,False,False,2.2,True,True,train,exercise day,1
2000-01-03 16:35:00,1,2.2,synthetic,True,0.0,0.0,2.331,1.0,0.0,0.0,0.0,0.0,0.0,0.0,0.0,63.4,4.0,False,35.0,0.0,,1.5,0.0,16,0,0,False,False,False,False,4.5,True,True,train,exercise day,1
2000-01-03 16:40:00,1,2.2,synthetic,True,0.0,0.0,2.176,1.0,0.0,0.0,0.0,0.0,0.0,0.0,0.0,71.5,1.0,False,35.0,0.0,,1.58,0.0,16,0,0,False,False,False,False,4.6,True,True,train,exercise day,1
2000-01-03 16:45:00,1,2.2,synthetic,True,2.84,17.8,4.859,1.0,0.0,0.0,0.0,0.0,0.0,0.0,0.0,,,True,22.0,0.0,,1.67,0.0,16,0,0,False,False,False,False,4.7,True,True,train,exercise day,1
2000-01-03 16:50:00,1,2.3,synthetic,False,0.0,0.0,4.585,1.0,0.0,0.0,0.0,0.0,0.0,0.0,0.0,61.0,3.0,False,20.0,0.0,,1.75,0.0,16,0,0,False,False,False,False,5.0,True,True,train,exercise day,1
2000-01-03 16:55:00,1,2.2,synthetic,True,0.0,0.0,4.311,1.0,0.0,0.0,0.0,0.0,0.0,0.0,0.0,57.0,4.0,False,18.0,0.0,,1.83,0.0,16,0,0,False,False,False,False,4.8,True,True,train,exercise day,1
2000-01-03 17:00:00,1,2.2,synthetic,True,0.0,0.0,4.038,1.0,0.0,0.0,0.0,0.0,0.0,0.0,0.0,63.9,4.0,False,20.0,0.0,,1.92,0.0,17,0,0,False,False,False,False,4.6,True,True,train,exercise day,1
2000-01-03 17:05:00,1,4.5,synthetic,False,0.0,0.0,3.764,1.0,0.0,0.0,0.0,0.0,0.0,0.0,0.0,59.2,2.0,False,26.0,0.0,,2.0,0.0,17,0,0,False,False,False,False,4.1,True,True,train,exercise day,1
2000-01-03 17:10:00,1,4.6,synthetic,False,0.0,0.0,3.49,1.0,0.0,0.0,0.0,0.0,0.0,0.0,0.0,,,True,20.0,0.0,,2.08,0.0,17,0,0,False,False,False,False,4.3,True,True,train,exercise day,1
2000-01-03 17:15:00,1,4.7,synthetic,False,1.89,0.0,5.102,1.0,0.0,0.0,0.0,0.0,0.0,0.0,0.0,54.8,4.0,False,24.0,0.0,,2.17,0.0,17,0,0,False,False,False,False,4.2,True,True,train,exercise day,1
2000-01-03 17:20:00,1,5.0,synthetic,False,0.0,0.0,4.75,1.0,0.0,0.0,0.0,0.0,0.0,0.0,0.0,,,True,22.0,0.0,,2.25,0.0,17,0,0,False,False,False,False,4.3,True,True,train,exercise day,1
2000-01-03 17:25:00,1,4.8,synthetic,False,0.0,0.0,4.397,1.0,0.0,0.0,0.0,0.0,0.0,0.0,0.0,45.0,5.0,False,26.0,0.0,,2.33,0.0,17,0,0,False,False,False,False,4.2,True,True,train,exercise day,1
2000-01-03 17:30:00,1,4.6,synthetic,False,0.0,0.0,4.045,1.0,0.0,0.0,0.0,0.0,0.0,0.0,0.0,61.1,2.0,False,26.0,0.0,,2.42,0.0,17,0,0,False,False,False,False,3.5,True,True,train,exercise day,1
2000-01-03 17:35:00,1,4.1,synthetic,False,0.0,0.0,3.693,1.0,0.0,0.0,0.0,0.0,0.0,0.0,0.0,54.5,2.0,False,18.0,0.0,,2.5,0.0,17,0,0,False,False,False,False,3.6,True,True,train,exercise day,1
2000-01-03 17:40:00,1,4.3,synthetic,False,0.0,0.0,3.341,1.0,0.0,0.0,0.0,0.0,0.0,0.0,0.0,,,True,21.0,0.0,,2.58,0.0,17,0,0,False,False,False,False,4.0,True,True,train,exercise day,1
2000-01-03 17:45:00,1,4.2,synthetic,False,0.0,0.0,2.989,1.0,0.0,0.0,0.0,0.0,0.0,0.0,0.0,49.9,2.0,False,23.0,0.0,,2.67,0.0,17,0,0,False,False,False,False,5.1,True,True,train,exercise day,1
2000-01-03 17:50:00,1,4.3,synthetic,False,0.0,0.0,2.636,1.0,0.0,0.0,0.0,0.0,0.0,0.0,0.0,,,True,24.0,0.0,,2.75,0.0,17,0,0,False,False,False,False,5.9,True,True,train,exercise day,1
2000-01-03 17:55:00,1,4.2,synthetic,False,0.0,0.0,2.44,1.0,0.0,0.0,0.0,0.0,0.0,0.0,0.0,,,True,23.0,0.0,,2.83,0.0,17,0,0,False,False,False,False,5.9,True,True,train,exercise day,1
2000-01-03 18:00:00,1,3.5,synthetic,False,0.0,0.0,2.243,1.0,0.0,0.0,0.0,0.0,0.0,0.0,0.0,70.1,2.0,False,34.0,0.0,,2.92,0.0,18,0,0,False,False,False,False,5.9,True,True,train,exercise day,1
2000-01-03 18:05:00,1,3.6,synthetic,False,0.0,0.0,2.046,1.0,0.0,0.0,0.0,0.0,0.0,0.0,0.0,,,True,24.0,0.0,,3.0,0.0,18,0,0,False,False,False,False,6.9,True,True,train,exercise day,1
2000-01-03 18:10:00,1,4.0,synthetic,False,5.25,41.9,7.101,1.0,0.0,0.0,0.0,0.0,0.0,0.0,0.0,,,True,22.0,0.0,,3.08,0.0,18,0,0,False,False,False,False,8.2,True,True,train,exercise day,1
2000-01-03 18:15:00,1,5.1,synthetic,False,0.0,0.0,6.685,1.0,0.0,0.0,0.0,0.0,0.0,0.0,0.0,62.4,1.0,False,30.0,0.0,,3.17,0.0,18,0,0,False,False,False,False,8.9,True,True,train,exercise day,1
2000-01-03 18:20:00,1,5.9,synthetic,False,0.1,32.4,6.37,1.0,0.0,0.0,0.0,0.0,0.0,0.0,0.0,45.5,2.0,False,30.0,0.0,,3.25,0.0,18,0,0,False,False,False,False,9.5,True,True,train,exercise day,1
2000-01-03 18:25:00,1,5.9,synthetic,False,0.0,0.0,5.95,1.0,0.0,0.0,0.0,0.0,0.0,0.0,0.0,60.5,5.0,False,21.0,0.0,,3.33,0.0,18,0,0,False,False,False,False,9.7,True,True,train,exercise day,1
2000-01-03 18:30:00,1,5.9,synthetic,False,0.0,0.0,5.53,1.0,0.0,0.0,0.0,0.0,0.0,0.0,0.0,,,True,20.0,0.0,,3.42,0.0,18,0,0,False,False,False,False,9.8,True,True,train,exercise day,1
2000-01-03 18:35:00,1,6.9,synthetic,False,0.0,0.0,5.11,1.0,0.0,0.0,0.0,0.0,0.0,0.0,0.0,,,True,32.0,0.0,,3.5,0.0,18,0,0,False,False,False,False,9.8,True,True,train,exercise day,1
2000-01-03 18:40:00,1,8.2,synthetic,False,0.0,0.0,4.69,1.0,0.0,0.0,0.0,0.0,0.0,0.0,0.0,,,True,27.0,0.0,,3.58,0.0,18,0,0,False,False,False,False,10.3,True,True,train,exercise day,1
2000-01-03 18:45:00,1,8.9,synthetic,False,0.0,0.0,4.271,1.0,0.0,0.0,0.0,0.0,0.0,0.0,0.0,,,True,16.0,0.0,,3.67,0.0,18,0,0,False,False,False,False,10.0,True,True,train,exercise day,1
2000-01-03 18:50:00,1,9.5,synthetic,False,0.0,0.0,3.969,1.0,0.0,0.0,0.0,0.0,0.0,0.0,0.0,,,True,31.0,0.0,,3.75,0.0,18,0,0,False,False,False,False,9.8,True,True,train,exercise day,1
2000-01-03 18:55:00,1,9.7,synthetic,False,0.0,0.0,3.667,1.0,0.0,0.0,0.0,0.0,0.0,0.0,0.0,,,True,32.0,0.0,,3.83,0.0,18,0,0,False,False,False,False,9.0,True,True,train,exercise day,1
2000-01-03 19:00:00,1,9.8,synthetic,False,0.0,0.0,3.366,1.0,0.0,0.0,0.0,0.0,0.0,0.0,0.0,65.0,4.0,False,21.0,0.0,,3.92,0.0,19,0,0,False,False,False,False,8.2,True,True,train,exercise day,1
2000-01-03 19:05:00,1,9.8,synthetic,False,0.0,0.0,3.064,1.0,0.0,0.0,0.0,0.0,0.0,0.0,0.0,61.9,2.0,False,29.0,0.0,,4.0,0.0,19,0,0,False,False,False,False,8.0,True,True,train,exercise day,1
2000-01-03 19:10:00,1,10.3,synthetic,False,0.0,0.0,2.763,1.0,0.0,0.0,0.0,0.0,0.0,0.0,0.0,39.1,2.0,False,19.0,0.0,,4.08,0.0,19,0,0,False,False,False,False,7.6,True,True,train,exercise day,1
2000-01-03 19:15:00,1,10.0,synthetic,False,0.0,0.0,2.461,1.0,0.0,0.0,0.0,0.0,0.0,0.0,0.0,,,True,31.0,0.0,,4.17,0.0,19,0,0,False,False,False,False,7.4,True,True,train,exercise day,1
2000-01-03 19:20:00,1,9.8,synthetic,False,0.0,0.0,2.238,0.0,1.0,0.0,0.0,0.1078,0.0,0.0,0.0,,,True,22.0,0.0,,4.25,0.0,19,0,0,False,False,False,False,6.7,True,True,train,exercise day,1
2000-01-03 19:25:00,1,9.0,synthetic,False,0.0,0.0,2.015,0.0,1.0,0.0,0.0,0.1078,0.0,0.0,0.0,,,True,32.0,0.0,,4.33,0.106,19,0,0,False,False,False,False,6.4,True,True,train,exercise day,1
2000-01-03 19:30:00,1,8.2,synthetic,False,0.0,0.0,1.792,0.0,1.0,0.0,0.0,0.1078,0.0,0.0,0.0,63.0,2.0,False,30.0,0.0,,4.42,0.207,19,0,0,False,False,False,False,6.7,True,True,train,exercise day,1
2000-01-03 19:35:00,1,8.0,synthetic,False,0.0,0.0,1.569,0.0,1.0,0.0,0.0,0.1078,0.0,0.0,0.0,63.3,3.0,False,21.0,0.0,,4.5,0.303,19,0,0,False,False,False,False,6.5,True,True,train,exercise day,1
2000-01-03 19:40:00,1,7.6,synthetic,False,0.0,0.0,1.346,0.0,1.0,0.0,0.0,0.1078,0.0,0.0,0.0,,,True,25.0,0.0,,4.58,0.395,19,0,0,False,False,False,False,6.5,True,True,train,exercise day,1
2000-01-03 19:45:00,1,7.4,synthetic,False,0.0,0.0,1.123,0.0,1.0,0.0,0.0,0.1078,0.0,0.0,0.0,57.3,1.0,False,33.0,0.0,,4.67,0.483,19,0,0,False,False,False,False,6.1,True,True,train,exercise day,1
2000-01-03 19:50:00,1,6.7,synthetic,False,0.0,0.0,0.9,0.0,1.0,0.0,0.0,0.1078,0.0,0.0,0.0,59.0,4.0,False,22.0,0.0,,4.75,0.566,19,0,0,False,False,False,False,5.5,True,True,train,exercise day,1
2000-01-03 19:55:00,1,6.4,synthetic,False,0.0,0.0,0.677,0.0,1.0,0.0,0.0,0.1078,0.0,0.0,0.0,62.2,4.0,False,21.0,0.0,,4.83,0.645,19,0,0,False,False,False,False,5.4,True,True,train,exercise day,1
2000-01-03 20:00:00,1,6.7,synthetic,False,0.0,0.0,0.454,1.0,0.0,0.0,0.0,0.0,0.0,0.0,0.0,58.2,2.0,False,29.0,0.0,,4.92,0.719,20,0,0,False,False,False,False,5.4,True,True,train,exercise day,1
2000-01-03 20:05:00,1,6.5,synthetic,False,0.0,0.0,0.231,1.0,0.0,0.0,0.0,0.0,0.0,0.0,0.0,,,True,22.0,0.0,,5.0,0.683,20,0,0,False,False,False,False,5.0,True,True,train,exercise day,1
2000-01-03 20:10:00,1,6.5,synthetic,False,0.0,0.0,0.008,1.0,0.0,0.0,0.0,0.0,0.0,0.0,0.0,60.7,3.0,False,24.0,0.0,,5.08,0.647,20,0,0,False,False,False,False,5.1,True,True,train,exercise day,1
2000-01-03 20:15:00,1,6.1,synthetic,False,0.0,0.0,0.004,1.0,0.0,0.0,0.0,0.0,0.0,0.0,0.0,66.6,4.0,False,22.0,0.0,,5.17,0.611,20,0,0,False,False,False,False,4.8,True,True,train,exercise day,1
2000-01-03 20:20:00,1,5.5,synthetic,False,0.0,0.0,0.0,1.0,0.0,0.0,0.0,0.0,0.0,0.0,0.0,55.5,5.0,False,15.0,0.0,,5.25,0.575,20,0,0,False,False,False,False,4.7,True,True,train,exercise day,1
2000-01-03 20:25:00,1,5.4,synthetic,False,0.0,0.0,0.0,1.0,0.0,0.0,0.0,0.0,0.0,0.0,0.0,65.0,4.0,False,26.0,0.0,,5.33,0.539,20,0,0,False,False,False,False,4.6,True,True,train,exercise day,1
2000-01-03 20:30:00,1,5.4,synthetic,False,0.0,0.0,0.0,1.0,0.0,0.0,0.0,0.0,0.0,0.0,0.0,,,True,24.0,0.0,,5.42,0.503,20,0,0,False,False,False,False,4.4,True,True,train,exercise day,1
2000-01-03 20:35:00,1,5.0,synthetic,False,0.0,0.0,0.0,1.0,0.0,0.0,0.0,0.0,0.0,0.0,0.0,60.6,2.0,False,22.0,0.0,,5.5,0.467,20,0,0,False,False,False,False,4.2,True,True,train,exercise day,1
2000-01-03 20:40:00,1,5.1,synthetic,False,0.0,0.0,0.0,1.0,0.0,0.0,0.0,0.0,0.0,0.0,0.0,75.3,5.0,False,20.0,0.0,,5.58,0.431,20,0,0,False,False,False,False,3.5,True,True,train,exercise day,1
2000-01-03 20:45:00,1,4.8,synthetic,False,0.0,0.0,0.0,1.0,0.0,0.0,0.0,0.0,0.0,0.0,0.0,74.1,5.0,False,19.0,0.0,,5.67,0.395,20,0,0,False,False,False,False,3.2,True,True,train,exercise day,1
2000-01-03 20:50:00,1,4.7,synthetic,False,0.0,0.0,0.0,1.0,0.0,0.0,0.0,0.0,0.0,0.0,0.0,68.6,2.0,False,22.0,0.0,,5.75,0.359,20,0,0,False,False,False,False,3.7,True,True,train,exercise day,1
2000-01-03 20:55:00,1,4.6,synthetic,False,0.0,0.0,0.0,1.0,0.0,0.0,0.0,0.0,0.0,0.0,0.0,,,True,27.0,0.0,,5.83,0.323,20,0,0,False,False,False,False,,True,False,train,exercise day,1
2000-01-03 21:00:00,1,4.4,synthetic,False,6.75,21.8,6.747,1.0,0.0,0.0,0.0,0.0,0.0,0.0,0.0,70.9,5.0,False,25.0,0.0,,5.92,0.287,21,0,0,False,False,False,False,3.6,True,True,train,exercise day,1
2000-01-03 21:05:00,1,4.2,synthetic,False,0.0,0.0,6.466,1.0,0.0,0.0,0.0,0.0,0.0,0.0,0.0,67.8,4.0,False,25.0,0.0,,6.0,0.252,21,0,0,False,False,False,False,3.8,True,True,train,exercise day,1
2000-01-03 21:10:00,1,3.5,synthetic,False,0.0,0.0,6.185,1.0,0.0,0.0,0.0,0.0,0.0,0.0,0.0,71.9,3.0,False,18.0,0.0,,6.08,0.216,21,0,0,False,False,False,False,4.4,True,True,train,exercise day,1
2000-01-03 21:15:00,1,3.2,synthetic,False,0.0,0.0,5.904,1.0,0.0,0.0,0.0,0.0,0.0,0.0,0.0,,,True,23.0,0.0,,6.17,0.18,21,0,0,False,False,False,False,4.6,True,True,train,exercise day,1
2000-01-03 21:20:00,1,3.7,synthetic,False,0.0,0.0,5.623,1.0,0.0,0.0,0.0,0.0,0.0,0.0,0.0,70.2,5.0,False,18.0,0.0,,6.25,0.144,21,0,0,False,False,False,False,4.7,True,True,train,exercise day,1
2000-01-03 21:25:00,1,,,False,0.0,0.0,5.342,1.0,0.0,0.0,0.0,0.0,0.0,0.0,0.0,,,True,15.0,0.0,,6.33,0.11,21,0,0,False,False,False,True,4.3,False,False,train,exercise day,1
2000-01-03 21:30:00,1,3.6,synthetic,False,0.0,0.0,5.061,1.0,0.0,0.0,0.0,0.0,0.0,0.0,0.0,50.5,2.0,False,25.0,0.0,,6.42,0.081,21,0,0,False,False,False,False,4.2,False,False,train,exercise day,1
2000-01-03 21:35:00,1,3.8,synthetic,False,0.0,0.0,4.779,0.0,1.0,0.0,0.0,0.1078,0.0,0.0,0.0,58.3,2.0,False,27.0,0.0,,6.5,0.056,21,0,0,False,False,False,False,4.3,False,False,train,exercise day,1
2000-01-03 21:40:00,1,4.4,synthetic,False,0.0,0.0,4.498,1.0,0.0,0.0,0.0,0.0,0.0,0.0,0.0,74.9,3.0,False,29.0,0.0,,6.58,0.141,21,0,0,False,False,False,False,4.8,False,False,train,exercise day,1
2000-01-03 21:45:00,1,4.6,synthetic,False,0.0,0.0,4.217,1.0,0.0,0.0,0.0,0.0,0.0,0.0,0.0,,,True,24.0,0.0,,6.67,0.121,21,0,0,False,False,False,False,,False,False,train,exercise day,1
2000-01-03 21:50:00,1,4.7,synthetic,False,0.0,0.0,3.936,1.0,0.0,0.0,0.0,0.0,0.0,0.0,0.0,72.4,1.0,False,18.0,0.0,,6.75,0.106,21,0,0,False,False,False,False,4.8,False,False,train,exercise day,1
2000-01-03 21:55:00,1,4.3,synthetic,False,0.0,0.0,3.655,1.0,0.0,0.0,0.0,0.0,0.0,0.0,0.0,55.5,1.0,False,26.0,0.0,,6.83,0.094,21,0,0,False,False,False,False,5.2,False,False,train,exercise day,1
2000-01-03 22:00:00,1,4.2,synthetic,False,0.0,0.0,3.374,1.0,0.0,0.0,0.0,0.0,0.0,0.0,0.0,55.1,1.0,False,24.0,0.0,,6.92,0.088,22,0,0,False,False,False,False,5.3,False,False,train,exercise day,1
2000-01-03 22:05:00,1,4.3,synthetic,False,0.0,0.0,3.093,1.0,0.0,0.0,0.0,0.0,0.0,0.0,0.0,57.9,1.0,False,21.0,0.0,,7.0,0.083,22,0,0,False,False,False,False,4.9,False,False,train,exercise day,1
2000-01-03 22:10:00,1,4.8,synthetic,False,0.0,0.0,2.811,1.0,0.0,0.0,0.0,0.0,0.0,0.0,0.0,67.6,1.0,False,26.0,0.0,,7.08,0.079,22,0,0,False,False,False,False,4.6,False,False,train,exercise day,1
2000-01-03 22:15:00,1,,,False,0.0,0.0,2.53,1.0,0.0,0.0,0.0,0.0,0.0,0.0,0.0,69.6,5.0,False,34.0,0.0,,7.17,0.074,22,0,0,False,False,False,True,5.0,False,False,train,exercise day,1
2000-01-03 22:20:00,1,4.8,synthetic,False,0.0,0.0,2.249,1.0,0.0,0.0,0.0,0.0,0.0,0.0,0.0,57.2,1.0,False,28.0,0.0,,7.25,0.07,22,0,0,False,False,False,False,4.9,False,False,train,exercise day,1
2000-01-03 22:25:00,1,5.2,synthetic,False,0.0,0.0,1.968,1.0,0.0,0.0,0.0,0.0,0.0,0.0,0.0,,,True,24.0,0.0,,7.33,0.065,22,0,0,False,False,False,False,,False,False,train,exercise day,1
2000-01-03 22:30:00,1,5.3,synthetic,False,0.0,0.0,1.687,1.0,0.0,0.0,0.0,0.0,0.0,0.0,0.0,68.6,3.0,False,22.0,0.0,,7.42,0.061,22,0,0,False,False,False,False,5.0,False,False,train,exercise day,1
2000-01-03 22:35:00,1,4.9,synthetic,False,0.0,0.0,1.406,0.0,1.0,0.0,0.0,0.1078,0.0,0.0,0.0,,,True,24.0,0.0,,7.5,0.056,22,0,0,False,False,False,False,5.4,False,False,train,exercise day,1
2000-01-03 22:40:00,1,4.6,synthetic,False,0.0,0.0,1.125,0.0,1.0,0.0,0.0,0.1078,0.0,0.0,0.0,55.6,2.0,False,11.0,0.0,,7.58,0.157,22,0,0,False,False,False,False,5.2,False,False,train,exercise day,1
2000-01-03 22:45:00,1,5.0,synthetic,False,0.0,0.0,0.843,0.0,1.0,0.0,0.0,0.1078,0.0,0.0,0.0,48.3,5.0,False,26.0,0.0,,7.67,0.254,22,0,0,False,False,False,False,5.5,False,False,train,exercise day,1
2000-01-03 22:50:00,1,4.9,synthetic,False,0.0,0.0,0.562,0.0,1.0,0.0,0.0,0.1078,0.0,0.0,0.0,,,True,29.0,0.0,,7.75,0.346,22,0,0,False,False,False,False,5.0,False,False,train,exercise day,1
2000-01-03 22:55:00,1,,,False,0.0,0.0,0.281,0.0,1.0,0.0,0.0,0.1078,0.0,0.0,0.0,71.7,4.0,False,23.0,0.0,,7.83,0.433,22,0,0,False,False,False,True,5.0,False,False,train,exercise day,1
2000-01-03 23:00:00,1,5.0,synthetic,False,0.0,0.0,0.0,0.0,1.0,0.0,0.0,0.1078,0.0,0.0,0.0,52.9,2.0,False,3.0,0.0,,7.92,0.517,23,0,0,False,False,False,False,5.0,False,False,train,exercise day,1
2000-01-03 23:05:00,1,5.4,synthetic,False,0.0,0.0,0.0,0.0,1.0,0.0,0.0,0.1078,0.0,0.0,0.0,,,True,0.0,0.0,,8.0,0.595,23,0,0,False,False,False,False,5.6,False,False,train,exercise day,1
2000-01-03 23:10:00,1,5.2,synthetic,False,0.0,0.0,0.0,0.0,1.0,0.0,0.0,0.1078,0.0,0.0,0.0,69.5,1.0,False,3.0,0.0,,8.08,0.669,23,0,0,False,False,False,False,5.5,False,False,train,exercise day,1
2000-01-03 23:15:00,1,5.5,synthetic,False,0.0,0.0,0.0,0.0,1.0,0.0,0.0,0.1078,0.0,0.0,0.0,,,True,2.0,0.0,,8.17,0.739,23,0,0,False,False,False,False,5.2,False,False,train,exercise day,1
2000-01-03 23:20:00,1,5.0,synthetic,False,0.0,0.0,0.0,0.0,1.0,0.0,0.0,0.1078,0.0,0.0,0.0,,,True,0.0,0.0,,8.25,0.804,23,0,0,False,False,False,False,4.9,False,False,train,exercise day,1
2000-01-03 23:25:00,1,5.0,synthetic,False,0.0,0.0,0.0,0.0,1.0,0.0,0.0,0.1078,0.0,0.0,0.0,45.9,3.0,False,1.0,0.0,,8.33,0.865,23,0,0,False,False,False,False,5.2,False,False,train,exercise day,1
2000-01-03 23:30:00,1,5.0,synthetic,False,0.0,0.0,0.0,0.0,1.0,0.0,0.0,0.1078,0.0,0.0,0.0,53.6,4.0,False,1.0,0.0,,8.42,0.921,23,0,0,False,False,False,False,4.9,False,False,train,exercise day,1
2000-01-03 23:35:00,1,5.6,synthetic,False,0.0,0.0,0.0,0.0,1.0,0.0,0.0,0.1078,0.0,0.0,0.0,,,True,1.0,0.0,,8.5,0.972,23,0,0,False,False,False,False,5.4,False,False,train,exercise day,1
2000-01-03 23:40:00,1,5.5,synthetic,False,0.0,0.0,0.0,0.0,1.0,0.0,0.0,0.1078,0.0,0.0,0.0,,,True,2.0,0.0,,8.58,1.022,23,0,0,False,False,False,False,5.9,False,False,train,exercise day,1
2000-01-03 23:45:00,1,5.2,synthetic,False,0.0,0.0,0.0,0.0,1.0,0.0,0.0,0.1078,0.0,0.0,0.0,49.0,4.0,False,0.0,0.0,,8.67,1.069,23,0,0,False,False,False,False,5.8,False,False,train,exercise day,1
2000-01-03 23:50:00,1,4.9,synthetic,False,0.0,0.0,0.0,0.0,1.0,0.0,0.0,0.1078,0.0,0.0,0.0,65.8,1.0,False,1.0,0.0,,8.75,1.112,23,0,0,False,False,False,False,5.6,False,False,train,exercise day,1
2000-01-03 23:55:00,1,5.2,synthetic,False,0.0,0.0,0.0,0.0,1.0,0.0,0.0,0.1078,0.0,0.0,0.0,,,True,1.0,0.0,,8.83,1.15,23,0,0,False,False,False,False,5.2,True,True,train,exercise day,1
2000-01-04 00:00:00,1,4.9,synthetic,False,0.0,0.0,0.0,0.0,1.0,0.0,0.0,0.1078,0.0,0.0,0.0,57.6,2.0,False,1.0,0.0,,8.92,1.184,0,1,0,False,False,False,False,5.1,True,True,train,day after,1
2000-01-04 00:05:00,1,5.4,synthetic,False,0.0,0.0,0.0,0.0,1.0,0.0,0.0,0.1078,0.0,0.0,0.0,56.7,5.0,False,2.0,0.0,,9.0,1.213,0,1,0,False,False,False,False,5.3,True,True,train,day after,1
2000-01-04 00:10:00,1,5.9,synthetic,False,0.0,0.0,0.0,0.0,1.0,0.0,0.0,0.1078,0.0,0.0,0.0,46.3,3.0,False,0.0,0.0,,9.08,1.237,0,1,0,False,False,False,False,4.9,True,True,train,day after,1
2000-01-04 00:15:00,1,5.8,synthetic,False,0.0,0.0,0.0,0.0,1.0,0.0,0.0,0.1078,0.0,0.0,0.0,65.0,4.0,False,0.0,0.0,,9.17,1.258,0,1,0,False,False,False,False,5.8,True,True,train,day after,1
2000-01-04 00:20:00,1,5.6,synthetic,False,0.0,0.0,0.0,0.0,1.0,0.0,0.0,0.1078,0.0,0.0,0.0,,,True,2.0,0.0,,9.25,1.273,0,1,0,False,False,False,False,5.6,True,True,train,day after,1
2000-01-04 00:25:00,1,5.2,synthetic,False,0.0,0.0,0.0,0.0,1.0,0.0,0.0,0.1078,0.0,0.0,0.0,58.5,1.0,False,1.0,0.0,,9.33,1.285,0,1,0,False,False,False,False,5.5,True,True,train,day after,1
2000-01-04 00:30:00,1,5.1,synthetic,False,0.0,0.0,0.0,0.0,1.0,0.0,0.0,0.1078,0.0,0.0,0.0,67.7,4.0,False,0.0,0.0,,9.42,1.291,0,1,0,False,False,False,False,5.2,True,True,train,day after,1
2000-01-04 00:35:00,1,5.3,synthetic,False,0.0,0.0,0.0,0.0,1.0,0.0,0.0,0.1078,0.0,0.0,0.0,43.3,5.0,False,1.0,0.0,,9.5,1.294,0,1,0,False,False,False,False,5.1,True,True,train,day after,1
2000-01-04 00:40:00,1,4.9,synthetic,False,0.0,0.0,0.0,0.0,1.0,0.0,0.0,0.1078,0.0,0.0,0.0,64.0,4.0,False,3.0,0.0,,9.58,1.294,0,1,0,False,False,False,False,5.5,True,True,train,day after,1
2000-01-04 00:45:00,1,5.8,synthetic,False,0.0,0.0,0.0,0.0,1.0,0.0,0.0,0.1078,0.0,0.0,0.0,67.2,5.0,False,2.0,0.0,,9.67,1.294,0,1,0,False,False,False,False,5.4,True,True,train,day after,1
2000-01-04 00:50:00,1,5.6,synthetic,False,0.0,0.0,0.0,0.0,1.0,0.0,0.0,0.1078,0.0,0.0,0.0,57.9,3.0,False,2.0,0.0,,9.75,1.294,0,1,0,False,False,False,False,4.7,True,True,train,day after,1
2000-01-04 00:55:00,1,5.5,synthetic,False,0.0,0.0,0.0,0.0,1.0,0.0,0.0,0.1078,0.0,0.0,0.0,54.8,2.0,False,3.0,0.0,,9.83,1.294,0,1,0,False,False,False,False,5.1,True,True,train,day after,1
2000-01-04 01:00:00,1,5.2,synthetic,False,0.0,0.0,0.0,0.0,1.0,0.0,0.0,0.1078,0.0,0.0,0.0,57.8,1.0,False,1.0,0.0,,9.92,1.294,1,1,0,False,False,False,False,5.3,True,True,train,day after,1
2000-01-04 01:05:00,1,5.1,synthetic,False,0.0,0.0,0.0,0.0,1.0,0.0,0.0,0.1078,0.0,0.0,0.0,,,True,0.0,0.0,,10.0,1.294,1,1,0,False,False,False,False,5.8,True,True,train,day after,1
2000-01-04 01:10:00,1,5.5,synthetic,False,0.0,0.0,0.0,0.0,1.0,0.0,0.0,0.1078,0.0,0.0,0.0,,,True,2.0,0.0,,10.08,1.294,1,1,0,False,False,False,False,6.1,True,True,train,day after,1
2000-01-04 01:15:00,1,5.4,synthetic,False,0.0,0.0,0.0,0.0,1.0,0.0,0.0,0.1078,0.0,0.0,0.0,72.3,4.0,False,3.0,0.0,,10.17,1.294,1,1,0,False,False,False,False,6.6,True,True,train,day after,1
2000-01-04 01:20:00,1,4.7,synthetic,False,0.0,0.0,0.0,0.0,1.0,0.0,0.0,0.1078,0.0,0.0,0.0,,,True,0.0,0.0,,10.25,1.294,1,1,0,False,False,False,False,6.7,True,True,train,day after,1
2000-01-04 01:25:00,1,5.1,synthetic,False,0.0,0.0,0.0,0.0,1.0,0.0,0.0,0.1078,0.0,0.0,0.0,60.4,4.0,False,1.0,0.0,,10.33,1.294,1,1,0,False,False,False,False,7.1,True,True,train,day after,1
2000-01-04 01:30:00,1,5.3,synthetic,False,0.0,0.0,0.0,0.0,1.0,0.0,0.0,0.1078,0.0,0.0,0.0,51.7,4.0,False,1.0,0.0,,10.42,1.294,1,1,0,False,False,False,False,7.0,True,True,train,day after,1
2000-01-04 01:35:00,1,5.8,synthetic,False,0.0,0.0,0.0,0.0,1.0,0.0,0.0,0.1078,0.0,0.0,0.0,65.7,5.0,False,0.0,0.0,,10.5,1.294,1,1,0,False,False,False,False,6.8,True,True,train,day after,1
2000-01-04 01:40:00,1,6.1,synthetic,False,0.0,0.0,0.0,0.0,1.0,0.0,0.0,0.1078,0.0,0.0,0.0,,,True,2.0,0.0,,10.58,1.294,1,1,0,False,False,False,False,6.3,True,True,train,day after,1
2000-01-04 01:45:00,1,6.6,synthetic,False,0.0,0.0,0.0,0.0,1.0,0.0,0.0,0.1078,0.0,0.0,0.0,,,True,2.0,0.0,,10.67,1.294,1,1,0,False,False,False,False,6.3,True,True,train,day after,1
2000-01-04 01:50:00,1,6.7,synthetic,False,0.0,0.0,0.0,0.0,1.0,0.0,0.0,0.1078,0.0,0.0,0.0,44.1,3.0,False,0.0,0.0,,10.75,1.294,1,1,0,False,False,False,False,6.8,True,True,train,day after,1
2000-01-04 01:55:00,1,7.1,synthetic,False,0.0,0.0,0.0,0.0,1.0,0.0,0.0,0.1078,0.0,0.0,0.0,,,True,2.0,0.0,,10.83,1.294,1,1,0,False,False,False,False,6.5,True,True,train,day after,1
2000-01-04 02:00:00,1,7.0,synthetic,False,0.0,0.0,0.0,0.0,1.0,0.0,0.0,0.1078,0.0,0.0,0.0,,,True,0.0,0.0,,10.92,1.294,2,1,0,False,False,False,False,6.3,True,True,train,day after,1
2000-01-04 02:05:00,1,6.8,synthetic,False,0.0,0.0,0.0,0.0,1.0,0.0,0.0,0.1078,0.0,0.0,0.0,58.2,5.0,False,1.0,0.0,,11.0,1.294,2,1,0,False,False,False,False,6.7,True,True,train,day after,1
2000-01-04 02:10:00,1,6.3,synthetic,False,0.0,0.0,0.0,0.0,1.0,0.0,0.0,0.1078,0.0,0.0,0.0,51.1,3.0,False,2.0,0.0,,11.08,1.294,2,1,0,False,False,False,False,6.5,True,True,train,day after,1
2000-01-04 02:15:00,1,6.3,synthetic,False,0.0,0.0,0.0,0.0,1.0,0.0,0.0,0.1078,0.0,0.0,0.0,44.0,3.0,False,1.0,0.0,,11.17,1.294,2,1,0,False,False,False,False,7.1,True,True,train,day after,1
2000-01-04 02:20:00,1,6.8,synthetic,False,0.0,0.0,0.0,0.0,1.0,0.0,0.0,0.1078,0.0,0.0,0.0,45.9,2.0,False,2.0,0.0,,11.25,1.294,2,1,0,False,False,False,False,7.9,True,True,train,day after,1
2000-01-04 02:25:00,1,6.5,synthetic,False,0.0,0.0,0.0,0.0,1.0,0.0,0.0,0.1078,0.0,0.0,0.0,,,True,1.0,0.0,,11.33,1.294,2,1,0,False,False,False,False,7.8,True,True,train,day after,1
2000-01-04 02:30:00,1,6.3,synthetic,False,0.0,0.0,0.0,0.0,1.0,0.0,0.0,0.1078,0.0,0.0,0.0,,,True,0.0,0.0,,11.42,1.294,2,1,0,False,False,False,False,7.7,True,True,train,day after,1
2000-01-04 02:35:00,1,6.7,synthetic,False,0.0,0.0,0.0,0.0,1.0,0.0,0.0,0.1078,0.0,0.0,0.0,61.6,1.0,False,0.0,0.0,,11.5,1.294,2,1,0,False,False,False,False,7.1,True,True,train,day after,1
2000-01-04 02:40:00,1,6.5,synthetic,False,0.0,0.0,0.0,0.0,1.0,0.0,0.0,0.1078,0.0,0.0,0.0,49.7,2.0,False,2.0,0.0,,11.58,1.294,2,1,0,False,False,False,False,7.2,True,True,train,day after,1
2000-01-04 02:45:00,1,7.1,synthetic,False,0.0,0.0,0.0,0.0,1.0,0.0,0.0,0.1078,0.0,0.0,0.0,,,True,1.0,0.0,,11.67,1.294,2,1,0,False,False,False,False,7.0,True,True,train,day after,1
2000-01-04 02:50:00,1,7.9,synthetic,False,0.0,0.0,0.0,0.0,1.0,0.0,0.0,0.1078,0.0,0.0,0.0,52.1,3.0,False,1.0,0.0,,11.75,1.294,2,1,0,False,False,False,False,6.9,True,True,train,day after,1
2000-01-04 02:55:00,1,7.8,synthetic,False,0.0,0.0,0.0,0.0,1.0,0.0,0.0,0.1078,0.0,0.0,0.0,,,True,0.0,0.0,,11.83,1.294,2,1,0,False,False,False,False,7.4,True,True,train,day after,1
2000-01-04 03:00:00,1,7.7,synthetic,False,0.0,0.0,0.0,1.0,0.0,0.0,0.0,0.0,0.0,0.0,0.0,53.1,1.0,False,0.0,0.0,,11.92,1.294,3,1,0,False,False,False,False,7.0,True,True,train,day after,1
2000-01-04 03:05:00,1,7.1,synthetic,False,0.0,0.0,0.0,0.0,1.0,0.0,0.0,0.1078,0.0,0.0,0.0,73.3,3.0,False,2.0,0.0,,12.0,1.188,3,1,0,False,False,False,False,7.7,True,True,train,day after,1
2000-01-04 03:10:00,1,7.2,synthetic,False,0.0,0.0,0.0,0.0,1.0,0.0,0.0,0.1078,0.0,0.0,0.0,55.6,4.0,False,1.0,0.0,,12.08,1.193,3,1,0,False,False,False,False,7.8,True,True,train,day after,1
2000-01-04 03:15:00,1,7.0,synthetic,False,0.0,0.0,0.0,0.0,1.0,0.0,0.0,0.1078,0.0,0.0,0.0,56.6,1.0,False,1.0,0.0,,12.17,1.197,3,1,0,False,False,False,False,7.2,True,True,train,day after,1
2000-01-04 03:20:00,1,6.9,synthetic,False,0.0,0.0,0.0,0.0,1.0,0.0,0.0,0.1078,0.0,0.0,0.0,55.7,1.0,False,1.0,0.0,,12.25,1.202,3,1,0,False,False,False,False,7.2,True,True,train,day after,1
2000-01-04 03:25:00,1,7.4,synthetic,False,0.0,0.0,0.0,0.0,1.0,0.0,0.0,0.1078,0.0,0.0,0.0,48.0,1.0,False,1.0,0.0,,12.33,1.206,3,1,0,False,False,False,False,6.8,True,True,train,day after,1
2000-01-04 03:30:00,1,7.0,synthetic,False,0.0,0.0,0.0,0.0,1.0,0.0,0.0,0.1078,0.0,0.0,0.0,,,True,2.0,0.0,,12.42,1.211,3,1,0,False,False,False,False,7.1,True,True,train,day after,1
2000-01-04 03:35:00,1,7.7,synthetic,False,0.0,0.0,0.0,0.0,1.0,0.0,0.0,0.1078,0.0,0.0,0.0,55.1,1.0,False,0.0,0.0,,12.5,1.215,3,1,0,False,False,False,False,7.1,True,True,train,day after,1
2000-01-04 03:40:00,1,7.8,synthetic,False,0.0,0.0,0.0,1.0,0.0,0.0,0.0,0.0,0.0,0.0,0.0,50.7,3.0,False,2.0,0.0,,12.58,1.219,3,1,0,False,False,False,False,7.0,True,True,train,day after,1
2000-01-04 03:45:00,1,7.2,synthetic,False,0.0,0.0,0.0,1.0,0.0,0.0,0.0,0.0,0.0,0.0,0.0,,,True,1.0,0.0,,12.67,1.118,3,1,0,False,False,False,False,6.9,True,True,train,day after,1
2000-01-04 03:50:00,1,7.2,synthetic,False,0.0,0.0,0.0,1.0,0.0,0.0,0.0,0.0,0.0,0.0,0.0,,,True,5.0,0.0,,12.75,1.022,3,1,0,False,False,False,False,6.7,True,True,train,day after,1
2000-01-04 03:55:00,1,6.8,synthetic,False,0.0,0.0,0.0,1.0,0.0,0.0,0.0,0.0,0.0,0.0,0.0,55.8,1.0,False,1.0,0.0,,12.83,0.93,3,1,0,False,False,False,False,6.1,True,True,train,day after,1
2000-01-04 04:00:00,1,7.1,synthetic,False,0.0,0.0,0.0,1.0,0.0,0.0,0.0,0.0,0.0,0.0,0.0,61.1,1.0,False,3.0,0.0,,12.92,0.842,4,1,0,False,False,False,False,5.9,True,True,train,day after,1
2000-01-04 04:05:00,1,7.1,synthetic,False,0.0,0.0,0.0,1.0,0.0,0.0,0.0,0.0,0.0,0.0,0.0,,,True,0.0,0.0,,13.0,0.759,4,1,0,False,False,False,False,6.1,True,True,train,day after,1
2000-01-04 04:10:00,1,7.0,synthetic,False,0.0,0.0,0.0,1.0,0.0,0.0,0.0,0.0,0.0,0.0,0.0,,,True,4.0,0.0,,13.08,0.68,4,1,0,False,False,False,False,5.5,True,True,train,day after,1
2000-01-04 04:15:00,1,6.9,synthetic,False,0.0,0.0,0.0,1.0,0.0,0.0,0.0,0.0,0.0,0.0,0.0,63.7,2.0,False,0.0,0.0,,13.17,0.606,4,1,0,False,False,False,False,4.8,True,True,train,day after,1
2000-01-04 04:20:00,1,6.7,synthetic,False,0.0,0.0,0.0,1.0,0.0,0.0,0.0,0.0,0.0,0.0,0.0,,,True,3.0,0.0,,13.25,0.537,4,1,0,False,False,False,False,4.5,True,True,train,day after,1
2000-01-04 04:25:00,1,6.1,synthetic,False,0.0,0.0,0.0,1.0,0.0,0.0,0.0,0.0,0.0,0.0,0.0,,,True,1.0,0.0,,13.33,0.472,4,1,0,False,False,False,False,4.3,True,True,train,day after,1
2000-01-04 04:30:00,1,5.9,synthetic,False,0.0,0.0,0.0,1.0,0.0,0.0,0.0,0.0,0.0,0.0,0.0,36.5,4.0,False,1.0,0.0,,13.42,0.411,4,1,0,False,False,False,False,3.8,True,True,train,day after,1
2000-01-04 04:35:00,1,6.1,synthetic,False,0.0,0.0,0.0,1.0,0.0,0.0,0.0,0.0,0.0,0.0,0.0,40.6,4.0,False,1.0,0.0,,13.5,0.355,4,1,0,False,False,False,False,4.4,True,True,train,day after,1
2000-01-04 04:40:00,1,5.5,synthetic,False,0.0,0.0,0.0,1.0,0.0,0.0,0.0,0.0,0.0,0.0,0.0,52.5,3.0,False,0.0,0.0,,13.58,0.303,4,1,0,False,False,False,False,4.3,True,True,train,day after,1
2000-01-04 04:45:00,1,4.8,synthetic,False,0.0,0.0,0.0,1.0,0.0,0.0,0.0,0.0,0.0,0.0,0.0,64.7,5.0,False,1.0,0.0,,13.67,0.256,4,1,0,False,False,False,False,4.7,True,True,train,day after,1
2000-01-04 04:50:00,1,4.5,synthetic,False,0.0,0.0,0.0,1.0,0.0,0.0,0.0,0.0,0.0,0.0,0.0,48.4,1.0,False,0.0,0.0,,13.75,0.213,4,1,0,False,False,False,False,5.1,True,True,train,day after,1
2000-01-04 04:55:00,1,4.3,synthetic,False,0.0,0.0,0.0,1.0,0.0,0.0,0.0,0.0,0.0,0.0,0.0,50.0,5.0,False,0.0,0.0,,13.83,0.175,4,1,0,False,False,False,False,,True,False,train,day after,1
2000-01-04 05:00:00,1,3.8,synthetic,False,0.0,0.0,0.0,1.0,0.0,0.0,0.0,0.0,0.0,0.0,0.0,,,True,3.0,0.0,,13.92,0.141,5,1,0,False,False,False,False,5.4,True,True,train,day after,1
2000-01-04 05:05:00,1,4.4,synthetic,False,0.0,0.0,0.0,1.0,0.0,0.0,0.0,0.0,0.0,0.0,0.0,,,True,1.0,0.0,,14.0,0.11,5,1,0,False,False,False,False,5.9,True,True,train,day after,1
2000-01-04 05:10:00,1,4.3,synthetic,False,0.0,0.0,0.0,1.0,0.0,0.0,0.0,0.0,0.0,0.0,0.0,43.4,1.0,False,2.0,0.0,,14.08,0.081,5,1,0,False,False,False,False,5.7,True,True,train,day after,1
2000-01-04 05:15:00,1,4.7,synthetic,False,0.0,0.0,0.0,1.0,0.0,0.0,0.0,0.0,0.0,0.0,0.0,,,True,1.0,0.0,,14.17,0.056,5,1,0,False,False,False,False,5.6,True,True,train,day after,1
2000-01-04 05:20:00,1,5.1,synthetic,False,0.0,0.0,0.0,1.0,0.0,0.0,0.0,0.0,0.0,0.0,0.0,,,True,2.0,0.0,,14.25,0.036,5,1,0,False,False,False,False,5.1,True,True,train,day after,1
2000-01-04 05:25:00,1,,,False,0.0,0.0,0.0,1.0,0.0,0.0,0.0,0.0,0.0,0.0,0.0,49.8,3.0,False,1.0,0.0,,14.33,0.02,5,1,0,False,False,False,True,5.7,False,False,train,day after,1
2000-01-04 05:30:00,1,5.4,synthetic,False,0.0,0.0,0.0,1.0,0.0,0.0,0.0,0.0,0.0,0.0,0.0,50.0,1.0,False,1.0,0.0,,14.42,0.009,5,1,0,False,False,False,False,5.9,False,False,train,day after,1
2000-01-04 05:35:00,1,5.9,synthetic,False,0.0,0.0,0.0,1.0,0.0,0.0,0.0,0.0,0.0,0.0,0.0,53.4,5.0,False,1.0,0.0,,14.5,0.002,5,1,0,False,False,False,False,6.2,False,False,train,day after,1
2000-01-04 05:40:00,1,5.7,synthetic,False,0.0,0.0,0.0,1.0,0.0,0.0,0.0,0.0,0.0,0.0,0.0,25.1,1.0,False,0.0,0.0,,14.58,0.0,5,1,0,False,False,False,False,6.8,False,False,train,day after,1
2000-01-04 05:45:00,1,5.6,synthetic,False,0.0,0.0,0.0,1.0,0.0,0.0,0.0,0.0,0.0,0.0,0.0,51.6,2.0,False,2.0,0.0,,14.67,0.0,5,1,0,False,False,False,False,6.9,False,False,train,day after,1
2000-01-04 05:50:00,1,5.1,synthetic,False,0.0,0.0,0.0,1.0,0.0,0.0,0.0,0.0,0.0,0.0,0.0,,,True,0.0,0.0,,14.75,0.0,5,1,0,False,False,False,False,6.6,False,False,train,day after,1
2000-01-04 05:55:00,1,5.7,synthetic,False,0.0,0.0,0.0,1.0,0.0,0.0,0.0,0.0,0.0,0.0,0.0,,,True,0.0,0.0,,14.83,0.0,5,1,0,False,False,False,False,6.6,False,False,train,day after,1
2000-01-04 06:00:00,1,5.9,synthetic,False,0.0,0.0,0.0,1.0,0.0,0.0,0.0,0.0,0.0,0.0,0.0,48.5,4.0,False,0.0,0.0,,14.92,0.0,6,1,0,False,False,False,False,6.9,False,False,train,day after,1
2000-01-04 06:05:00,1,6.2,synthetic,False,8.05,55.9,8.05,1.0,0.0,0.0,0.0,0.0,0.0,0.0,0.0,52.9,4.0,False,2.0,0.0,,15.0,0.0,6,1,0,False,False,False,False,6.9,False,False,train,day after,1
2000-01-04 06:10:00,1,6.8,synthetic,False,0.0,0.0,7.714,1.0,0.0,0.0,0.0,0.0,0.0,0.0,0.0,58.0,2.0,False,1.0,0.0,,15.08,0.0,6,1,0,False,False,False,False,6.6,False,False,train,day after,1
2000-01-04 06:15:00,1,6.9,synthetic,False,0.0,0.0,7.379,1.0,0.0,0.0,0.0,0.0,0.0,0.0,0.0,,,True,1.0,0.0,,15.17,0.0,6,1,0,False,False,False,False,7.0,False,False,train,day after,1
2000-01-04 06:20:00,1,6.6,synthetic,False,0.0,0.0,7.043,1.0,0.0,0.0,0.0,0.0,0.0,0.0,0.0,,,True,0.0,0.0,,15.25,0.0,6,1,0,False,False,False,False,7.0,False,False,train,day after,1
2000-01-04 06:25:00,1,6.6,synthetic,False,0.0,0.0,6.708,1.0,0.0,0.0,0.0,0.0,0.0,0.0,0.0,,,True,0.0,0.0,,15.33,0.0,6,1,0,False,False,False,False,7.7,True,True,train,day after,1
2000-01-04 06:30:00,1,6.9,synthetic,False,0.0,0.0,6.373,1.0,0.0,0.0,0.0,0.0,0.0,0.0,0.0,49.6,4.0,False,1.0,0.0,,15.42,0.0,6,1,0,False,False,False,False,8.9,True,True,train,day after,1
2000-01-04 06:35:00,1,6.9,synthetic,False,0.0,0.0,6.037,1.0,0.0,0.0,0.0,0.0,0.0,0.0,0.0,56.8,2.0,False,1.0,0.0,,15.5,0.0,6,1,0,False,False,False,False,9.5,True,True,train,day after,1
2000-01-04 06:40:00,1,6.6,synthetic,False,0.0,0.0,5.702,1.0,0.0,0.0,0.0,0.0,0.0,0.0,0.0,,,True,0.0,0.0,,15.58,0.0,6,1,0,False,False,False,False,9.4,True,True,train,day after,1
2000-01-04 06:45:00,1,7.0,synthetic,False,0.0,0.0,5.366,1.0,0.0,0.0,0.0,0.0,0.0,0.0,0.0,33.0,4.0,False,2.0,0.0,,15.67,0.0,6,1,0,False,False,False,False,9.4,True,True,train,day after,1
2000-01-04 06:50:00,1,7.0,synthetic,False,4.51,28.9,9.545,1.0,0.0,0.0,0.0,0.0,0.0,0.0,0.0,45.5,5.0,False,2.0,0.0,,15.75,0.0,6,1,0,False,False,False,False,9.2,True,True,train,day after,1
2000-01-04 06:55:00,1,7.7,synthetic,False,0.0,0.0,9.022,1.0,0.0,0.0,0.0,0.0,0.0,0.0,0.0,55.5,3.0,False,3.0,0.0,,15.83,0.0,6,1,0,False,False,False,False,9.4,True,True,train,day after,1
2000-01-04 07:00:00,1,8.9,synthetic,False,0.0,0.0,8.498,1.0,0.0,0.0,0.0,0.0,0.0,0.0,0.0,,,True,17.0,0.0,,15.92,0.0,7,1,0,False,False,False,False,9.3,True,True,train,day after,1
2000-01-04 07:05:00,1,9.5,synthetic,False,0.0,0.0,7.975,1.0,0.0,0.0,0.0,0.0,0.0,0.0,0.0,56.3,3.0,False,33.0,0.0,,16.0,0.0,7,1,0,False,False,False,False,9.5,True,True,train,day after,1
2000-01-04 07:10:00,1,9.4,synthetic,False,0.0,0.0,7.451,1.0,0.0,0.0,0.0,0.0,0.0,0.0,0.0,56.4,5.0,False,26.0,0.0,,16.08,0.0,7,1,0,False,False,False,False,9.4,True,True,train,day after,1
2000-01-04 07:15:00,1,9.4,synthetic,False,0.0,0.0,6.928,1.0,0.0,0.0,0.0,0.0,0.0,0.0,0.0,39.7,2.0,False,23.0,0.0,,16.17,0.0,7,1,0,False,False,False,False,9.4,True,True,train,day after,1
2000-01-04 07:20:00,1,9.2,synthetic,False,0.0,0.0,6.404,1.0,0.0,0.0,0.0,0.0,0.0,0.0,0.0,,,True,23.0,0.0,,16.25,0.0,7,1,0,False,False,False,False,9.7,True,True,train,day after,1
2000-01-04 07:25:00,1,9.4,synthetic,False,0.0,0.0,5.881,1.0,0.0,0.0,0.0,0.0,0.0,0.0,0.0,56.0,4.0,False,26.0,0.0,,16.33,0.0,7,1,0,False,False,False,False,9.6,True,True,train,day after,1
2000-01-04 07:30:00,1,9.3,synthetic,False,0.0,0.0,5.357,1.0,0.0,0.0,0.0,0.0,0.0,0.0,0.0,54.2,3.0,False,30.0,0.0,,16.42,0.0,7,1,0,False,False,False,False,9.9,True,True,train,day after,1
2000-01-04 07:35:00,1,9.5,synthetic,False,0.0,0.0,4.834,1.0,0.0,0.0,0.0,0.0,0.0,0.0,0.0,60.8,4.0,False,22.0,0.0,,16.5,0.0,7,1,0,False,False,False,False,9.5,True,True,train,day after,1
2000-01-04 07:40:00,1,9.4,synthetic,False,0.0,0.0,4.31,1.0,0.0,0.0,0.0,0.0,0.0,0.0,0.0,51.8,3.0,False,16.0,0.0,,16.58,0.0,7,1,0,False,False,False,False,8.6,True,True,train,day after,1
2000-01-04 07:45:00,1,9.4,synthetic,False,0.0,0.0,3.787,1.0,0.0,0.0,0.0,0.0,0.0,0.0,0.0,46.4,4.0,False,25.0,0.0,,16.67,0.0,7,1,0,False,False,False,False,7.7,True,True,train,day after,1
2000-01-04 07:50:00,1,9.7,synthetic,False,0.0,0.0,3.263,1.0,0.0,0.0,0.0,0.0,0.0,0.0,0.0,,,True,24.0,0.0,,16.75,0.0,7,1,0,False,False,False,False,6.9,True,True,train,day after,1
2000-01-04 07:55:00,1,9.6,synthetic,False,0.0,0.0,2.74,1.0,0.0,0.0,0.0,0.0,0.0,0.0,0.0,52.8,4.0,False,21.0,0.0,,16.83,0.0,7,1,0,False,False,False,False,7.3,True,True,train,day after,1
2000-01-04 08:00:00,1,9.9,synthetic,False,0.0,0.0,2.216,1.0,0.0,0.0,0.0,0.0,0.0,0.0,0.0,,,True,22.0,0.0,,16.92,0.0,8,1,0,False,False,False,False,7.9,True,True,train,day after,1
2000-01-04 08:05:00,1,9.5,synthetic,False,0.0,0.0,1.693,1.0,0.0,0.0,0.0,0.0,0.0,0.0,0.0,50.8,4.0,False,20.0,0.0,,17.0,0.0,8,1,0,False,False,False,False,7.1,True,True,train,day after,1
2000-01-04 08:10:00,1,8.6,synthetic,False,0.0,0.0,1.505,1.0,0.0,0.0,0.0,0.0,0.0,0.0,0.0,54.0,4.0,False,28.0,0.0,,17.08,0.0,8,1,0,False,False,False,False,6.5,True,True,train,day after,1
2000-01-04 08:15:00,1,7.7,synthetic,False,0.0,0.0,1.317,0.0,1.0,0.0,0.0,0.1078,0.0,0.0,0.0,55.7,2.0,False,20.0,0.0,,17.17,0.0,8,1,0,False,False,False,False,6.4,True,True,train,day after,1
2000-01-04 08:20:00,1,6.9,synthetic,False,0.0,0.0,1.129,0.0,1.0,0.0,0.0,0.1078,0.0,0.0,0.0,,,True,17.0,0.0,,17.25,0.106,8,1,0,False,False,False,False,6.1,True,True,train,day after,1
2000-01-04 08:25:00,1,7.3,synthetic,False,0.0,0.0,0.941,0.0,1.0,0.0,0.0,0.1078,0.0,0.0,0.0,48.6,5.0,False,33.0,0.0,,17.33,0.207,8,1,0,False,False,False,False,6.2,True,True,train,day after,1
2000-01-04 08:30:00,1,7.9,synthetic,False,0.0,0.0,0.752,0.0,1.0,0.0,0.0,0.1078,0.0,0.0,0.0,,,True,32.0,0.0,,17.42,0.303,8,1,0,False,False,False,False,6.1,True,True,train,day after,1
2000-01-04 08:35:00,1,7.1,synthetic,False,0.0,0.0,0.564,0.0,1.0,0.0,0.0,0.1078,0.0,0.0,0.0,,,True,22.0,0.0,,17.5,0.395,8,1,0,False,False,False,False,5.8,True,True,train,day after,1
2000-01-04 08:40:00,1,6.5,synthetic,False,0.0,0.0,0.376,0.0,1.0,0.0,0.0,0.1078,0.0,0.0,0.0,55.5,1.0,False,21.0,0.0,,17.58,0.483,8,1,0,False,False,False,False,5.8,True,True,train,day after,1
2000-01-04 08:45:00,1,6.4,synthetic,False,0.0,0.0,0.188,0.0,1.0,0.0,0.0,0.1078,0.0,0.0,0.0,51.5,3.0,False,23.0,0.0,,17.67,0.566,8,1,0,False,False,False,False,5.3,True,True,train,day after,1
2000-01-04 08:50:00,1,6.1,synthetic,False,0.0,0.0,0.0,0.0,1.0,0.0,0.0,0.1078,0.0,0.0,0.0,51.6,4.0,False,14.0,0.0,,17.75,0.645,8,1,0,False,False,False,False,5.1,True,True,train,day after,1
2000-01-04 08:55:00,1,6.2,synthetic,False,0.0,0.0,0.0,0.0,1.0,0.0,0.0,0.1078,0.0,0.0,0.0,,,True,28.0,0.0,,17.83,0.719,8,1,0,False,False,False,False,4.7,True,True,train,day after,1
2000-01-04 09:00:00,1,6.1,synthetic,False,0.0,0.0,0.0,0.0,1.0,0.0,0.0,0.1078,0.0,0.0,0.0,52.8,1.0,False,17.0,0.0,,17.92,0.788,9,1,0,False,False,False,False,5.2,True,True,train,day after,1
2000-01-04 09:05:00,1,5.8,synthetic,False,0.0,0.0,0.0,0.0,1.0,0.0,0.0,0.1078,0.0,0.0,0.0,63.8,5.0,False,18.0,0.0,,18.0,0.853,9,1,0,False,False,False,False,4.9,True,True,train,day after,1
2000-01-04 09:10:00,1,5.8,synthetic,False,0.0,0.0,0.0,0.0,1.0,0.0,0.0,0.1078,0.0,0.0,0.0,44.5,2.0,False,19.0,0.0,,18.08,0.914,9,1,0,False,False,False,False,4.6,True,True,train,day after,1
2000-01-04 09:15:00,1,5.3,synthetic,False,0.0,0.0,0.0,0.0,0.0,1.0,0.0,0.0833,0.0,0.0,0.0,65.3,2.0,False,20.0,0.0,,18.17,0.97,9,1,0,False,False,False,False,4.0,True,True,train,day after,1
2000-01-04 09:20:00,1,5.1,synthetic,False,0.0,0.0,0.0,0.0,1.0,0.0,0.0,0.1078,0.0,0.0,0.0,50.5,2.0,False,27.0,0.0,,18.25,0.998,9,1,0,False,False,False,False,3.3,True,True,train,day after,1
2000-01-04 09:25:00,1,4.7,synthetic,False,0.0,0.0,0.0,0.0,1.0,0.0,0.0,0.1078,0.0,0.0,0.0,,,True,21.0,0.0,,18.33,1.046,9,1,0,False,False,False,False,3.9,True,True,train,day after,1
2000-01-04 09:30:00,1,5.2,synthetic,False,0.0,0.0,0.0,0.0,1.0,0.0,0.0,0.1078,0.0,0.0,0.0,56.2,1.0,False,22.0,0.0,,18.42,1.09,9,1,0,False,False,False,False,3.0,True,True,train,day after,1
2000-01-04 09:35:00,1,4.9,synthetic,False,0.0,0.0,0.0,0.0,1.0,0.0,0.0,0.1078,0.0,0.0,0.0,,,True,18.0,0.0,,18.5,1.129,9,1,0,False,False,False,False,2.9,True,True,train,day after,1
2000-01-04 09:40:00,1,4.6,synthetic,False,0.0,0.0,0.0,0.0,1.0,0.0,0.0,0.1078,0.0,0.0,0.0,54.1,2.0,False,36.0,0.0,,18.58,1.164,9,1,0,False,False,False,False,2.8,True,True,train,day after,1
2000-01-04 09:45:00,1,4.0,synthetic,False,0.0,0.0,0.0,0.0,1.0,0.0,0.0,0.1078,0.0,0.0,0.0,,,True,29.0,0.0,,18.67,1.194,9,1,0,False,False,False,False,3.3,True,True,train,day after,1
2000-01-04 09:50:00,1,3.3,synthetic,False,0.0,0.0,0.0,0.0,1.0,0.0,0.0,0.1078,0.0,0.0,0.0,48.0,2.0,False,23.0,0.0,,18.75,1.22,9,1,0,False,False,False,False,3.6,True,True,train,day after,1
2000-01-04 09:55:00,1,3.9,synthetic,False,0.0,0.0,0.0,0.0,1.0,0.0,0.0,0.1078,0.0,0.0,0.0,,,True,25.0,0.0,,18.83,1.241,9,1,0,False,False,False,False,3.9,True,True,train,day after,1
2000-01-04 10:00:00,1,3.0,synthetic,False,0.0,0.0,0.0,0.0,1.0,0.0,0.0,0.1078,0.0,0.0,0.0,,,True,21.0,0.0,,18.92,1.258,10,1,0,False,False,False,False,4.2,True,True,train,day after,1
2000-01-04 10:05:00,1,2.9,synthetic,False,0.0,0.0,0.0,0.0,1.0,0.0,0.0,0.1078,0.0,0.0,0.0,38.2,2.0,False,22.0,0.0,,19.0,1.27,10,1,0,False,False,False,False,4.3,True,True,train,day after,1
2000-01-04 10:10:00,1,2.8,synthetic,False,0.0,0.0,0.0,0.0,1.0,0.0,0.0,0.1078,0.0,0.0,0.0,,,True,17.0,0.0,,19.08,1.278,10,1,0,False,False,False,False,4.6,True,True,train,day after,1
2000-01-04 10:15:00,1,3.3,synthetic,False,0.0,0.0,0.0,0.0,1.0,0.0,0.0,0.1078,0.0,0.0,0.0,,,True,24.0,0.0,,19.17,1.281,10,1,0,False,False,False,False,4.5,True,True,train,day after,1
2000-01-04 10:20:00,1,3.6,synthetic,False,0.0,0.0,0.0,0.0,1.0,0.0,0.0,0.1078,0.0,0.0,0.0,44.2,3.0,False,23.0,0.0,,19.25,1.282,10,1,0,False,False,False,False,4.8,True,True,train,day after,1
2000-01-04 10:25:00,1,3.9,synthetic,False,0.0,0.0,0.0,0.0,1.0,0.0,0.0,0.1078,0.0,0.0,0.0,,,True,30.0,0.0,,19.33,1.283,10,1,0,False,False,False,False,4.6,True,True,train,day after,1
2000-01-04 10:30:00,1,4.2,synthetic,False,0.0,0.0,0.0,0.0,1.0,0.0,0.0,0.1078,0.0,0.0,0.0,,,True,24.0,0.0,,19.42,1.284,10,1,0,False,False,False,False,5.0,True,True,train,day after,1
2000-01-04 10:35:00,1,4.3,synthetic,False,0.0,0.0,0.0,0.0,1.0,0.0,0.0,0.1078,0.0,0.0,0.0,,,True,26.0,0.0,,19.5,1.285,10,1,0,False,False,False,False,5.0,True,True,train,day after,1
2000-01-04 10:40:00,1,4.6,synthetic,False,0.0,0.0,0.0,0.0,1.0,0.0,0.0,0.1078,0.0,0.0,0.0,,,True,25.0,0.0,,19.58,1.286,10,1,0,False,False,False,False,4.6,True,True,train,day after,1
2000-01-04 10:45:00,1,4.5,synthetic,False,0.0,0.0,0.0,0.0,1.0,0.0,0.0,0.1078,0.0,0.0,0.0,49.1,2.0,False,27.0,0.0,,19.67,1.287,10,1,0,False,False,False,False,4.9,True,True,train,day after,1
2000-01-04 10:50:00,1,4.8,synthetic,False,0.0,0.0,0.0,0.0,1.0,0.0,0.0,0.1078,0.0,0.0,0.0,45.0,1.0,False,17.0,0.0,,19.75,1.288,10,1,0,False,False,False,False,5.0,True,True,train,day after,1
2000-01-04 10:55:00,1,4.6,synthetic,False,0.0,0.0,0.0,0.0,1.0,0.0,0.0,0.1078,0.0,0.0,0.0,53.5,1.0,False,24.0,0.0,,19.83,1.289,10,1,0,False,False,False,False,5.1,True,True,train,day after,1
2000-01-04 11:00:00,1,5.0,synthetic,False,0.0,0.0,0.0,0.0,1.0,0.0,0.0,0.1078,0.0,0.0,0.0,,,True,19.0,0.0,,19.92,1.29,11,1,0,False,False,False,False,4.6,True,True,train,day after,1
2000-01-04 11:05:00,1,5.0,synthetic,False,0.0,0.0,0.0,0.0,1.0,0.0,0.0,0.1078,0.0,0.0,0.0,,,True,30.0,0.0,,20.0,1.291,11,1,0,False,False,False,False,4.4,True,True,train,day after,1
2000-01-04 11:10:00,1,4.6,synthetic,False,0.0,0.0,0.0,0.0,0.637,0.0,0.363,0.0687,0.0,0.0,0.0,,,True,27.0,0.0,,20.08,1.292,11,1,0,False,False,True,False,3.8,True,False,train,day after,1
2000-01-04 11:15:00,1,4.9,synthetic,False,0.0,0.0,0.0,0.0,1.0,0.0,0.0,0.1078,0.0,0.0,0.0,37.2,3.0,False,16.0,0.0,,20.17,1.255,11,1,0,False,False,False,False,4.1,True,True,train,day after,1
2000-01-04 11:20:00,1,5.0,synthetic,False,0.0,0.0,0.0,0.0,1.0,0.0,0.0,0.1078,0.0,0.0,0.0,46.2,3.0,False,14.0,0.0,,20.25,1.257,11,1,0,False,False,False,False,4.2,True,True,train,day after,1
2000-01-04 11:25:00,1,5.1,synthetic,False,0.0,0.0,0.0,0.0,1.0,0.0,0.0,0.1078,0.0,0.0,0.0,59.7,5.0,False,22.0,0.0,,20.33,1.259,11,1,0,False,False,False,False,4.1,True,True,train,day after,1
2000-01-04 11:30:00,1,4.6,synthetic,False,0.0,0.0,0.0,0.0,1.0,0.0,0.0,0.1078,0.0,0.0,0.0,,,True,27.0,0.0,,20.42,1.26,11,1,0,False,False,False,False,4.0,True,True,train,day after,1
2000-01-04 11:35:00,1,4.4,synthetic,False,0.0,0.0,0.0,0.0,1.0,0.0,0.0,0.1078,0.0,0.0,0.0,56.5,5.0,False,29.0,0.0,,20.5,1.262,11,1,0,False,False,False,False,4.5,True,True,train,day after,1
2000-01-04 11:40:00,1,3.8,synthetic,False,0.0,0.0,0.0,0.0,1.0,0.0,0.0,0.1078,0.0,0.0,0.0,,,True,25.0,0.0,,20.58,1.263,11,1,0,False,False,False,False,4.7,True,True,train,day after,1
2000-01-04 11:45:00,1,4.1,synthetic,False,0.0,0.0,0.0,0.0,1.0,0.0,0.0,0.1078,0.0,0.0,0.0,,,True,16.0,0.0,,20.67,1.265,11,1,0,False,False,False,False,4.8,True,True,train,day after,1
2000-01-04 11:50:00,1,4.2,synthetic,False,0.0,0.0,0.0,0.0,1.0,0.0,0.0,0.1078,0.0,0.0,0.0,46.0,4.0,False,25.0,0.0,,20.75,1.267,11,1,0,False,False,False,False,5.0,True,True,train,day after,1
2000-01-04 11:55:00,1,4.1,synthetic,False,0.0,0.0,0.0,0.0,1.0,0.0,0.0,0.1078,0.0,0.0,0.0,,,True,26.0,0.0,,20.83,1.268,11,1,0,False,False,False,False,5.4,True,True,train,day after,1
2000-01-04 12:00:00,1,4.0,synthetic,False,0.0,0.0,0.0,0.0,1.0,0.0,0.0,0.1078,0.0,0.0,0.0,56.8,5.0,False,19.0,0.0,,20.92,1.27,12,1,0,False,False,False,False,4.9,True,True,train,day after,1
2000-01-04 12:05:00,1,4.5,synthetic,False,0.0,0.0,0.0,0.0,1.0,0.0,0.0,0.1078,0.0,0.0,0.0,50.4,3.0,False,26.0,0.0,,21.0,1.272,12,1,0,False,False,False,False,5.9,True,True,train,day after,1
2000-01-04 12:10:00,1,4.7,synthetic,False,0.0,0.0,0.0,0.0,1.0,0.0,0.0,0.1078,0.0,0.0,0.0,,,True,22.0,0.0,,21.08,1.273,12,1,0,False,False,False,False,6.1,True,True,train,day after,1
2000-01-04 12:15:00,1,4.8,synthetic,False,0.0,0.0,0.0,0.0,1.0,0.0,0.0,0.1078,0.0,0.0,0.0,,,True,22.0,0.0,,21.17,1.275,12,1,0,False,False,False,False,5.9,True,True,train,day after,1
2000-01-04 12:20:00,1,5.0,synthetic,False,0.0,0.0,0.0,0.0,1.0,0.0,0.0,0.1078,0.0,0.0,0.0,47.3,5.0,False,16.0,0.0,,21.25,1.276,12,1,0,False,False,False,False,5.8,True,True,train,day after,1
2000-01-04 12:25:00,1,5.4,synthetic,False,0.0,0.0,0.0,0.0,1.0,0.0,0.0,0.1078,0.0,0.0,0.0,,,True,31.0,0.0,,21.33,1.278,12,1,0,False,False,False,False,5.5,True,True,train,day after,1
2000-01-04 12:30:00,1,4.9,synthetic,False,0.0,0.0,0.0,0.0,1.0,0.0,0.0,0.1078,0.0,0.0,0.0,,,True,22.0,0.0,,21.42,1.28,12,1,0,False,False,False,False,6.0,True,True,train,day after,1
2000-01-04 12:35:00,1,5.9,synthetic,False,0.0,0.0,0.0,0.0,0.0,1.0,0.0,0.0833,0.0,0.0,0.0,,,True,28.0,0.0,,21.5,1.281,12,1,0,False,False,False,False,5.7,True,True,train,day after,1
2000-01-04 12:40:00,1,6.1,synthetic,False,0.0,0.0,0.0,0.0,1.0,0.0,0.0,0.1078,0.0,0.0,0.0,39.3,5.0,False,19.0,0.0,,21.58,1.259,12,1,0,False,False,False,False,6.5,True,True,train,day after,1
2000-01-04 12:45:00,1,5.9,synthetic,False,0.0,0.0,0.0,0.0,1.0,0.0,0.0,0.1078,0.0,0.0,0.0,48.2,4.0,False,21.0,0.0,,21.67,1.262,12,1,0,False,False,False,False,6.1,True,True,train,day after,1
2000-01-04 12:50:00,1,5.8,synthetic,False,0.0,0.0,0.0,0.0,1.0,0.0,0.0,0.1078,0.0,0.0,0.0,,,True,25.0,0.0,,21.75,1.264,12,1,0,False,False,False,False,6.0,True,True,train,day after,1
2000-01-04 12:55:00,1,5.5,synthetic,False,0.0,0.0,0.0,0.0,0.0,1.0,0.0,0.0833,0.0,0.0,0.0,54.5,4.0,False,22.0,0.0,,21.83,1.267,12,1,0,False,False,False,False,6.1,True,True,train,day after,1
2000-01-04 13:00:00,1,6.0,synthetic,False,0.0,0.0,0.0,0.0,1.0,0.0,0.0,0.1078,0.0,0.0,0.0,49.9,3.0,False,34.0,0.0,,21.92,1.246,13,1,0,False,False,False,False,6.3,True,True,train,day after,1
2000-01-04 13:05:00,1,5.7,synthetic,False,0.0,0.0,0.0,0.0,0.0,1.0,0.0,0.0833,0.0,0.0,0.0,,,True,25.0,0.0,,22.0,1.249,13,1,0,False,False,False,False,6.6,True,True,train,day after,1
2000-01-04 13:10:00,1,6.5,synthetic,False,0.0,0.0,0.0,0.0,1.0,0.0,0.0,0.1078,0.0,0.0,0.0,65.8,1.0,False,31.0,0.0,,22.08,1.229,13,1,0,False,False,False,False,6.7,True,True,train,day after,1
2000-01-04 13:15:00,1,6.1,synthetic,False,0.0,0.0,0.0,0.0,1.0,0.0,0.0,0.1078,0.0,0.0,0.0,65.1,4.0,False,23.0,0.0,,22.17,1.233,13,1,0,False,False,False,False,6.8,True,True,train,day after,1
2000-01-04 13:20:00,1,6.0,synthetic,False,0.0,0.0,0.0,0.0,1.0,0.0,0.0,0.1078,0.0,0.0,0.0,39.4,2.0,False,31.0,0.0,,22.25,1.236,13,1,0,False,False,False,False,7.0,True,True,train,day after,1
2000-01-04 13:25:00,1,6.1,synthetic,False,0.0,0.0,0.0,0.0,1.0,0.0,0.0,0.1078,0.0,0.0,0.0,52.8,2.0,False,18.0,0.0,,22.33,1.239,13,1,0,False,False,False,False,6.9,True,True,train,day after,1
2000-01-04 13:30:00,1,6.3,synthetic,False,0.0,0.0,0.0,0.0,1.0,0.0,0.0,0.1078,0.0,0.0,0.0,58.8,2.0,False,28.0,0.0,,22.42,1.242,13,1,0,False,False,False,False,5.9,True,True,train,day after,1
2000-01-04 13:35:00,1,6.6,synthetic,False,0.0,0.0,0.0,0.0,1.0,0.0,0.0,0.1078,0.0,0.0,0.0,49.4,4.0,False,28.0,0.0,,22.5,1.245,13,1,0,False,False,False,False,6.3,True,True,train,day after,1
2000-01-04 13:40:00,1,6.7,synthetic,False,0.0,0.0,0.0,0.0,1.0,0.0,0.0,0.1078,0.0,0.0,0.0,64.2,4.0,False,24.0,0.0,,22.58,1.248,13,1,0,False,False,False,False,6.2,True,True,train,day after,1
2000-01-04 13:45:00,1,6.8,synthetic,False,0.0,0.0,0.0,0.0,1.0,0.0,0.0,0.1078,0.0,0.0,0.0,57.9,1.0,False,18.0,0.0,,22.67,1.251,13,1,0,False,False,False,False,7.3,True,True,train,day after,1
2000-01-04 13:50:00,1,7.0,synthetic,False,0.0,0.0,0.0,0.0,1.0,0.0,0.0,0.1078,0.0,0.0,0.0,67.9,2.0,False,28.0,0.0,,22.75,1.254,13,1,0,False,False,False,False,7.1,True,True,train,day after,1
2000-01-04 13:55:00,1,6.9,synthetic,False,0.0,0.0,0.0,0.0,1.0,0.0,0.0,0.1078,0.0,0.0,0.0,58.3,5.0,False,21.0,0.0,,22.83,1.257,13,1,0,False,False,False,False,7.2,True,True,train,day after,1
2000-01-04 14:00:00,1,5.9,synthetic,False,0.0,0.0,0.0,0.0,1.0,0.0,0.0,0.1078,0.0,0.0,0.0,,,True,25.0,0.0,,22.92,1.26,14,1,0,False,False,False,False,7.8,True,True,train,day after,1
2000-01-04 14:05:00,1,6.3,synthetic,False,0.0,0.0,0.0,0.0,1.0,0.0,0.0,0.1078,0.0,0.0,0.0,,,True,30.0,0.0,,23.0,1.263,14,1,0,False,False,False,False,7.6,True,True,train,day after,1
2000-01-04 14:10:00,1,6.2,synthetic,False,0.0,0.0,0.0,0.0,1.0,0.0,0.0,0.1078,0.0,0.0,0.0,49.0,5.0,False,17.0,0.0,,23.08,1.267,14,1,0,False,False,False,False,7.9,True,True,train,day after,1
2000-01-04 14:15:00,1,7.3,synthetic,False,0.0,0.0,0.0,0.0,1.0,0.0,0.0,0.1078,0.0,0.0,0.0,50.7,2.0,False,29.0,0.0,,23.17,1.27,14,1,0,False,False,False,False,8.0,True,True,train,day after,1
2000-01-04 14:20:00,1,7.1,synthetic,False,0.0,0.0,0.0,0.0,1.0,0.0,0.0,0.1078,0.0,0.0,0.0,,,True,21.0,0.0,,23.25,1.273,14,1,0,False,False,False,False,7.5,True,True,train,day after,1
2000-01-04 14:25:00,1,7.2,synthetic,False,0.0,0.0,0.0,0.0,1.0,0.0,0.0,0.1078,0.0,0.0,0.0,,,True,30.0,0.0,,23.33,1.276,14,1,0,False,False,False,False,7.6,True,True,train,day after,1
2000-01-04 14:30:00,1,7.8,synthetic,False,0.0,0.0,0.0,0.0,1.0,0.0,0.0,0.1078,0.0,0.0,0.0,57.2,2.0,False,25.0,0.0,,23.42,1.279,14,1,0,False,False,False,False,7.6,True,True,train,day after,1
2000-01-04 14:35:00,1,7.6,synthetic,False,0.0,0.0,0.0,0.0,1.0,0.0,0.0,0.1078,0.0,0.0,0.0,58.2,2.0,False,18.0,0.0,,23.5,1.282,14,1,0,False,False,False,False,8.1,True,True,train,day after,1
2000-01-04 14:40:00,1,7.9,synthetic,False,0.0,0.0,0.0,0.0,1.0,0.0,0.0,0.1078,0.0,0.0,0.0,,,True,22.0,0.0,,23.58,1.284,14,1,0,False,False,False,False,8.0,True,True,train,day after,1
2000-01-04 14:45:00,1,8.0,synthetic,False,0.0,0.0,0.0,1.0,0.0,0.0,0.0,0.0,0.0,0.0,0.0,55.4,5.0,False,25.0,0.0,,23.67,1.286,14,1,0,False,False,False,False,7.6,True,True,train,day after,1
2000-01-04 14:50:00,1,7.5,synthetic,False,0.0,0.0,0.0,1.0,0.0,0.0,0.0,0.0,0.0,0.0,0.0,,,True,19.0,0.0,,23.75,1.183,14,1,0,False,False,False,False,7.3,True,True,train,day after,1
2000-01-04 14:55:00,1,7.6,synthetic,False,0.0,0.0,0.0,0.488,0.0,0.0,0.512,0.0,0.0,0.0,0.0,48.0,4.0,False,26.0,0.0,,23.83,1.084,14,1,0,False,False,True,False,7.5,True,False,train,day after,1
2000-01-04 15:00:00,1,7.6,synthetic,False,0.0,0.0,0.0,1.0,0.0,0.0,0.0,0.0,0.0,0.0,0.0,,,True,33.0,0.0,,23.92,0.989,15,1,0,False,False,False,False,7.7,True,True,train,day after,1
2000-01-04 15:05:00,1,8.1,synthetic,False,0.0,0.0,0.0,1.0,0.0,0.0,0.0,0.0,0.0,0.0,0.0,55.3,3.0,False,23.0,0.0,,24.0,0.898,15,1,0,False,False,False,False,7.1,True,True,train,day after,1
2000-01-04 15:10:00,1,8.0,synthetic,False,0.0,0.0,0.0,1.0,0.0,0.0,0.0,0.0,0.0,0.0,0.0,,,True,19.0,0.0,,24.08,0.811,15,1,0,False,False,False,False,7.1,True,True,train,day after,1
2000-01-04 15:15:00,1,7.6,synthetic,False,0.0,0.0,0.0,0.0,1.0,0.0,0.0,0.1078,0.0,0.0,0.0,,,True,24.0,0.0,,24.17,0.728,15,1,0,False,False,False,False,7.2,True,True,train,day after,1
2000-01-04 15:20:00,1,7.3,synthetic,False,0.0,0.0,0.0,0.0,1.0,0.0,0.0,0.1078,0.0,0.0,0.0,57.8,1.0,False,29.0,0.0,,24.25,0.755,15,1,0,False,False,False,False,6.8,True,True,train,day after,1
2000-01-04 15:25:00,1,7.5,synthetic,False,0.0,0.0,0.0,0.0,1.0,0.0,0.0,0.1078,0.0,0.0,0.0,57.8,2.0,False,28.0,0.0,,24.33,0.782,15,1,0,False,False,False,False,7.0,True,True,train,day after,1
2000-01-04 15:30:00,1,7.7,synthetic,False,0.0,0.0,0.0,0.0,1.0,0.0,0.0,0.1078,0.0,0.0,0.0,,,True,22.0,0.0,,24.42,0.808,15,1,0,False,False,False,False,7.6,True,True,train,day after,1
2000-01-04 15:35:00,1,7.1,synthetic,False,0.0,0.0,0.0,0.0,1.0,0.0,0.0,0.1078,0.0,0.0,0.0,,,True,20.0,0.0,,24.5,0.835,15,1,0,False,False,False,False,7.6,True,True,train,day after,1
2000-01-04 15:40:00,1,7.1,synthetic,False,0.0,0.0,0.0,0.0,1.0,0.0,0.0,0.1078,0.0,0.0,0.0,47.5,1.0,False,32.0,0.0,,24.58,0.862,15,1,0,False,False,False,False,7.9,True,True,train,day after,1
2000-01-04 15:45:00,1,7.2,synthetic,False,0.0,0.0,0.0,0.0,1.0,0.0,0.0,0.1078,0.0,0.0,0.0,,,True,23.0,0.0,,24.67,0.889,15,1,0,False,False,False,False,7.7,True,True,train,day after,1
2000-01-04 15:50:00,1,6.8,synthetic,False,0.0,0.0,0.0,0.0,1.0,0.0,0.0,0.1078,0.0,0.0,0.0,48.5,1.0,False,27.0,0.0,,24.75,0.916,15,1,0,False,False,False,False,7.8,True,True,train,day after,1
2000-01-04 15:55:00,1,7.0,synthetic,False,0.0,0.0,0.0,0.0,1.0,0.0,0.0,0.1078,0.0,0.0,0.0,60.4,1.0,False,26.0,0.0,,24.83,0.943,15,1,0,False,False,False,False,7.4,True,True,train,day after,1
2000-01-04 16:00:00,1,7.6,synthetic,False,0.0,0.0,0.0,0.0,1.0,0.0,0.0,0.1078,0.0,0.0,0.0,,,True,38.0,0.0,,24.92,0.97,16,1,0,False,False,False,False,7.8,True,True,train,day after,1
2000-01-04 16:05:00,1,7.6,synthetic,False,0.0,0.0,0.0,0.0,1.0,0.0,0.0,0.1078,0.0,0.0,0.0,,,True,22.0,0.0,,25.0,0.997,16,1,0,False,False,False,False,7.8,True,True,train,day after,1
2000-01-04 16:10:00,1,7.9,synthetic,False,0.0,0.0,0.0,0.0,1.0,0.0,0.0,0.1078,0.0,0.0,0.0,52.2,1.0,False,38.0,0.0,,25.08,1.024,16,1,0,False,False,False,False,8.2,True,True,train,day after,1
2000-01-04 16:15:00,1,7.7,synthetic,False,0.0,0.0,0.0,0.0,1.0,0.0,0.0,0.1078,0.0,0.0,0.0,,,True,22.0,0.0,,25.17,1.051,16,1,0,False,False,False,False,9.5,True,True,train,day after,1
2000-01-04 16:20:00,1,7.8,synthetic,False,0.0,0.0,0.0,0.0,1.0,0.0,0.0,0.1078,0.0,0.0,0.0,70.7,3.0,False,28.0,0.0,,25.25,1.078,16,1,0,False,False,False,False,9.6,True,True,train,day after,1
2000-01-04 16:25:00,1,7.4,synthetic,False,0.0,0.0,0.0,0.0,1.0,0.0,0.0,0.1078,0.0,0.0,0.0,,,True,21.0,0.0,,25.33,1.105,16,1,0,False,False,False,False,9.4,True,True,train,day after,1
2000-01-04 16:30:00,1,7.8,synthetic,False,0.0,0.0,0.0,0.0,1.0,0.0,0.0,0.1078,0.0,0.0,0.0,67.0,3.0,False,28.0,0.0,,25.42,1.132,16,1,0,False,False,False,False,9.3,True,True,train,day after,1
2000-01-04 16:35:00,1,7.8,synthetic,False,7.28,42.1,7.285,0.0,1.0,0.0,0.0,0.1078,0.0,0.0,0.0,,,True,26.0,0.0,,25.5,1.159,16,1,0,False,False,False,False,10.0,True,True,train,day after,1
2000-01-04 16:40:00,1,8.2,synthetic,False,0.0,0.0,6.981,0.0,1.0,0.0,0.0,0.1078,0.0,0.0,0.0,,,True,31.0,0.0,,25.58,1.186,16,1,0,False,False,False,False,10.6,True,True,train,day after,1
2000-01-04 16:45:00,1,9.5,synthetic,False,0.0,0.0,6.678,0.0,1.0,0.0,0.0,0.1078,0.0,0.0,0.0,,,True,28.0,0.0,,25.67,1.213,16,1,0,False,False,False,False,10.6,True,True,train,day after,1
2000-01-04 16:50:00,1,9.6,synthetic,False,0.0,0.0,6.374,0.0,1.0,0.0,0.0,0.1078,0.0,0.0,0.0,56.6,3.0,False,24.0,0.0,,25.75,1.237,16,1,0,False,False,False,False,10.8,True,True,train,day after,1
2000-01-04 16:55:00,1,9.4,synthetic,False,0.0,0.0,6.071,0.0,1.0,0.0,0.0,0.1078,0.0,0.0,0.0,69.8,5.0,False,29.0,0.0,,25.83,1.258,16,1,0,False,False,False,False,12.0,True,True,train,day after,1
2000-01-04 17:00:00,1,9.3,synthetic,False,0.0,0.0,5.767,0.0,1.0,0.0,0.0,0.1078,0.0,0.0,0.0,,,True,27.0,0.0,,25.92,1.273,17,1,0,False,False,False,False,12.4,True,True,train,day after,1
2000-01-04 17:05:00,1,10.0,synthetic,False,0.0,0.0,5.464,0.0,1.0,0.0,0.0,0.1078,0.0,0.0,0.0,61.2,3.0,False,19.0,0.0,,26.0,1.285,17,1,0,False,False,False,False,13.4,True,True,train,day after,1
2000-01-04 17:10:00,1,10.6,synthetic,False,0.0,0.0,5.16,0.0,1.0,0.0,0.0,0.1078,0.0,0.0,0.0,54.4,2.0,False,16.0,0.0,,26.08,1.291,17,1,0,False,False,False,False,13.2,True,True,train,day after,1
2000-01-04 17:15:00,1,10.6,synthetic,False,0.0,0.0,4.857,0.0,1.0,0.0,0.0,0.1078,0.0,0.0,0.0,,,True,20.0,0.0,,26.17,1.294,17,1,0,False,False,False,False,12.7,True,True,train,day after,1
2000-01-04 17:20:00,1,10.8,synthetic,False,0.0,0.0,4.553,0.0,1.0,0.0,0.0,0.1078,0.0,0.0,0.0,56.5,3.0,False,27.0,0.0,,26.25,1.294,17,1,0,False,False,False,False,12.3,True,True,train,day after,1
2000-01-04 17:25:00,1,12.0,synthetic,False,2.22,0.0,6.466,0.0,1.0,0.0,0.0,0.1078,0.0,0.0,0.0,,,True,20.0,0.0,,26.33,1.294,17,1,0,False,False,False,False,11.5,True,True,train,day after,1
2000-01-04 17:30:00,1,12.4,synthetic,False,0.0,0.0,6.07,0.0,1.0,0.0,0.0,0.1078,0.0,0.0,0.0,,,True,22.0,0.0,,26.42,1.294,17,1,0,False,False,False,False,11.2,True,True,train,day after,1
2000-01-04 17:35:00,1,13.4,synthetic,False,0.0,0.0,5.674,0.0,1.0,0.0,0.0,0.1078,0.0,0.0,0.0,71.9,4.0,False,15.0,0.0,,26.5,1.294,17,1,0,False,False,False,False,10.7,True,True,train,day after,1
2000-01-04 17:40:00,1,13.2,synthetic,False,0.0,0.0,5.278,0.0,1.0,0.0,0.0,0.1078,0.0,0.0,0.0,,,True,23.0,0.0,,26.58,1.294,17,1,0,False,False,False,False,10.4,True,True,train,day after,1
2000-01-04 17:45:00,1,12.7,synthetic,False,0.0,0.0,4.882,0.0,1.0,0.0,0.0,0.1078,0.0,0.0,0.0,64.0,2.0,False,24.0,0.0,,26.67,1.294,17,1,0,False,False,False,False,10.1,True,True,train,day after,1
2000-01-04 17:50:00,1,12.3,synthetic,False,0.0,0.0,4.486,0.0,1.0,0.0,0.0,0.1078,0.0,0.0,0.0,68.9,5.0,False,20.0,0.0,,26.75,1.294,17,1,0,False,False,False,False,9.5,True,True,train,day after,1
2000-01-04 17:55:00,1,11.5,synthetic,False,0.0,0.0,4.091,0.0,1.0,0.0,0.0,0.1078,0.0,0.0,0.0,71.4,1.0,False,27.0,0.0,,26.83,1.294,17,1,0,False,False,False,False,9.5,True,True,train,day after,1
2000-01-04 18:00:00,1,11.2,synthetic,False,0.0,0.0,3.695,0.0,1.0,0.0,0.0,0.1078,0.0,0.0,0.0,72.9,5.0,False,23.0,0.0,,26.92,1.294,18,1,0,False,False,False,False,9.3,True,True,train,day after,1
2000-01-04 18:05:00,1,10.7,synthetic,False,0.0,0.0,3.299,0.0,1.0,0.0,0.0,0.1078,0.0,0.0,0.0,68.1,1.0,False,20.0,0.0,,27.0,1.294,18,1,0,False,False,False,False,8.8,True,True,train,day after,1
2000-01-04 18:10:00,1,10.4,synthetic,False,0.0,0.0,2.903,0.0,1.0,0.0,0.0,0.1078,0.0,0.0,0.0,,,True,22.0,0.0,,27.08,1.294,18,1,0,False,False,False,False,8.7,True,True,train,day after,1
2000-01-04 18:15:00,1,10.1,synthetic,False,0.0,0.0,2.507,0.0,0.382,0.0,0.618,0.0412,0.0,0.0,0.0,,,True,23.0,0.0,,27.17,1.294,18,1,0,False,False,True,False,9.0,True,False,train,day after,1
2000-01-04 18:20:00,1,9.5,synthetic,False,0.0,0.0,2.111,0.0,1.0,0.0,0.0,0.1078,0.0,0.0,0.0,55.8,5.0,False,27.0,0.0,,27.25,1.228,18,1,0,False,False,False,False,,True,False,train,day after,1
2000-01-04 18:25:00,1,9.5,synthetic,False,0.0,0.0,1.715,0.0,1.0,0.0,0.0,0.1078,0.0,0.0,0.0,61.9,5.0,False,25.0,0.0,,27.33,1.231,18,1,0,False,False,False,False,9.3,True,True,train,day after,1
2000-01-04 18:30:00,1,9.3,synthetic,False,0.0,0.0,1.319,0.0,1.0,0.0,0.0,0.1078,0.0,0.0,0.0,,,True,15.0,0.0,,27.42,1.234,18,1,0,False,False,False,False,9.5,True,True,train,day after,1
2000-01-04 18:35:00,1,8.8,synthetic,False,0.0,0.0,0.923,0.0,1.0,0.0,0.0,0.1078,0.0,0.0,0.0,65.6,2.0,False,25.0,0.0,,27.5,1.237,18,1,0,False,False,False,False,9.1,True,True,train,day after,1
2000-01-04 18:40:00,1,8.7,synthetic,False,0.0,0.0,0.831,0.0,1.0,0.0,0.0,0.1078,0.0,0.0,0.0,48.4,3.0,False,22.0,0.0,,27.58,1.239,18,1,0,False,False,False,False,9.0,True,True,train,day after,1
2000-01-04 18:45:00,1,9.0,synthetic,False,0.0,0.0,0.739,0.0,1.0,0.0,0.0,0.1078,0.0,0.0,0.0,,,True,21.0,0.0,,27.67,1.242,18,1,0,False,False,False,False,8.8,True,True,train,day after,1
2000-01-04 18:50:00,1,,,False,0.0,0.0,0.646,0.0,1.0,0.0,0.0,0.1078,0.0,0.0,0.0,48.0,1.0,False,22.0,0.0,,27.75,1.245,18,1,0,False,False,False,True,8.5,False,False,train,day after,1
2000-01-04 18:55:00,1,9.3,synthetic,False,0.0,0.0,0.554,0.0,1.0,0.0,0.0,0.1078,0.0,0.0,0.0,53.9,2.0,False,21.0,0.0,,27.83,1.248,18,1,0,False,False,False,False,9.0,False,False,train,day after,1
2000-01-04 19:00:00,1,9.5,synthetic,False,0.0,0.0,0.462,0.0,1.0,0.0,0.0,0.1078,0.0,0.0,0.0,,,True,24.0,0.0,,27.92,1.251,19,1,0,False,False,False,False,8.5,False,False,train,day after,1
2000-01-04 19:05:00,1,9.1,synthetic,False,0.0,0.0,0.369,0.0,1.0,0.0,0.0,0.1078,0.0,0.0,0.0,67.4,4.0,False,25.0,0.0,,28.0,1.253,19,1,0,False,False,False,False,8.5,False,False,train,day after,1
2000-01-04 19:10:00,1,9.0,synthetic,False,0.0,0.0,0.277,0.0,1.0,0.0,0.0,0.1078,0.0,0.0,0.0,67.8,5.0,False,25.0,0.0,,28.08,1.256,19,1,0,False,False,False,False,8.3,False,False,train,day after,1
2000-01-04 19:15:00,1,8.8,synthetic,False,0.0,0.0,0.185,0.0,1.0,0.0,0.0,0.1078,0.0,0.0,0.0,48.1,3.0,False,26.0,0.0,,28.17,1.259,19,1,0,False,False,False,False,8.3,False,False,train,day after,1
2000-01-04 19:20:00,1,8.5,synthetic,False,0.0,0.0,0.092,0.0,1.0,0.0,0.0,0.1078,0.0,0.0,0.0,,,True,29.0,0.0,,28.25,1.262,19,1,0,False,False,False,False,8.4,False,False,train,day after,1
2000-01-04 19:25:00,1,9.0,synthetic,False,0.0,0.0,0.0,0.0,1.0,0.0,0.0,0.1078,0.0,0.0,0.0,,,True,24.0,0.0,,28.33,1.264,19,1,0,False,False,False,False,8.3,False,False,train,day after,1
2000-01-04 19:30:00,1,8.5,synthetic,False,0.0,0.0,0.0,0.0,1.0,0.0,0.0,0.1078,0.0,0.0,0.0,73.1,5.0,False,23.0,0.0,,28.42,1.267,19,1,0,False,False,False,False,8.5,False,False,train,day after,1
2000-01-04 19:35:00,1,8.5,synthetic,False,0.0,0.0,0.0,0.0,1.0,0.0,0.0,0.1078,0.0,0.0,0.0,,,True,26.0,0.0,,28.5,1.27,19,1,0,False,False,False,False,8.2,False,False,train,day after,1
2000-01-04 19:40:00,1,8.3,synthetic,False,0.0,0.0,0.0,0.0,1.0,0.0,0.0,0.1078,0.0,0.0,0.0,57.1,5.0,False,23.0,0.0,,28.58,1.273,19,1,0,False,False,False,False,9.2,False,False,train,day after,1
2000-01-04 19:45:00,1,8.3,synthetic,False,0.0,0.0,0.0,0.0,1.0,0.0,0.0,0.1078,0.0,0.0,0.0,57.8,4.0,False,22.0,0.0,,28.67,1.276,19,1,0,False,False,False,False,9.4,False,False,train,day after,1
2000-01-04 19:50:00,1,8.4,synthetic,False,0.0,0.0,0.0,0.0,1.0,0.0,0.0,0.1078,0.0,0.0,0.0,67.6,1.0,False,23.0,0.0,,28.75,1.278,19,1,0,False,False,False,False,9.5,True,True,train,day after,1
2000-01-04 19:55:00,1,8.3,synthetic,False,4.92,21.0,4.915,0.0,1.0,0.0,0.0,0.1078,0.0,0.0,0.0,71.8,2.0,False,31.0,0.0,,28.83,1.281,19,1,0,False,False,False,False,9.8,True,True,train,day after,1
2000-01-04 20:00:00,1,8.5,synthetic,False,0.0,0.0,4.711,0.0,1.0,0.0,0.0,0.1078,0.0,0.0,0.0,,,True,31.0,0.0,,28.92,1.284,20,1,0,False,False,False,False,9.7,True,True,train,day after,1
2000-01-04 20:05:00,1,8.2,synthetic,False,0.0,0.0,4.506,0.0,1.0,0.0,0.0,0.1078,0.0,0.0,0.0,,,True,24.0,0.0,,29.0,1.287,20,1,0,False,False,False,False,10.1,True,True,train,day after,1
2000-01-04 20:10:00,1,9.2,synthetic,False,0.0,0.0,4.301,0.0,1.0,0.0,0.0,0.1078,0.0,0.0,0.0,,,True,25.0,0.0,,29.08,1.289,20,1,0,False,False,False,False,10.0,True,True,train,day after,1
2000-01-04 20:15:00,1,9.4,synthetic,False,0.0,0.0,4.096,0.0,1.0,0.0,0.0,0.1078,0.0,0.0,0.0,65.3,4.0,False,26.0,0.0,,29.17,1.292,20,1,0,False,False,False,False,10.1,True,True,train,day after,1
2000-01-04 20:20:00,1,9.5,synthetic,False,0.0,0.0,3.891,0.0,1.0,0.0,0.0,0.1078,0.0,0.0,0.0,61.4,4.0,False,21.0,0.0,,29.25,1.294,20,1,0,False,False,False,False,10.2,True,True,train,day after,1
2000-01-04 20:25:00,1,9.8,synthetic,False,0.0,0.0,3.687,0.0,1.0,0.0,0.0,0.1078,0.0,0.0,0.0,,,True,27.0,0.0,,29.33,1.294,20,1,0,False,False,False,False,10.1,True,True,train,day after,1
2000-01-04 20:30:00,1,9.7,synthetic,False,0.0,0.0,3.482,0.0,1.0,0.0,0.0,0.1078,0.0,0.0,0.0,,,True,23.0,0.0,,29.42,1.294,20,1,0,False,False,False,False,9.2,True,True,train,day after,1
2000-01-04 20:35:00,1,10.1,synthetic,False,0.0,0.0,3.277,0.0,1.0,0.0,0.0,0.1078,0.0,0.0,0.0,,,True,30.0,0.0,,29.5,1.294,20,1,0,False,False,False,False,9.1,True,True,train,day after,1
2000-01-04 20:40:00,1,10.0,synthetic,False,0.0,0.0,3.072,0.0,1.0,0.0,0.0,0.1078,0.0,0.0,0.0,56.2,5.0,False,23.0,0.0,,29.58,1.294,20,1,0,False,False,False,False,9.3,True,True,train,day after,1
2000-01-04 20:45:00,1,10.1,synthetic,False,0.0,0.0,2.867,0.0,1.0,0.0,0.0,0.1078,0.0,0.0,0.0,50.0,3.0,False,23.0,0.0,,29.67,1.294,20,1,0,False,False,False,False,9.2,True,True,train,day after,1
2000-01-04 20:50:00,1,10.2,synthetic,False,0.0,0.0,2.663,0.0,1.0,0.0,0.0,0.1078,0.0,0.0,0.0,,,True,17.0,0.0,,29.75,1.294,20,1,0,False,False,False,False,9.5,True,True,train,day after,1
2000-01-04 20:55:00,1,10.1,synthetic,False,0.0,0.0,2.458,0.0,1.0,0.0,0.0,0.1078,0.0,0.0,0.0,65.7,3.0,False,27.0,0.0,,29.83,1.294,20,1,0,False,False,False,False,9.3,True,True,train,day after,1
2000-01-04 21:00:00,1,9.2,synthetic,False,0.0,0.0,2.253,0.0,1.0,0.0,0.0,0.1078,0.0,0.0,0.0,58.9,4.0,False,15.0,0.0,,29.92,1.294,21,1,0,False,False,False,False,,True,False,train,day after,1
2000-01-04 21:05:00,1,9.1,synthetic,False,0.0,0.0,2.048,0.0,1.0,0.0,0.0,0.1078,0.0,0.0,0.0,,,True,28.0,0.0,,30.0,1.294,21,1,0,False,False,False,False,8.6,True,True,train,day after,1
2000-01-04 21:10:00,1,9.3,synthetic,False,0.0,0.0,1.843,0.0,1.0,0.0,0.0,0.1078,0.0,0.0,0.0,68.1,4.0,False,27.0,0.0,,30.08,1.294,21,1,0,False,False,False,False,8.2,True,True,train,day after,1
2000-01-04 21:15:00,1,9.2,synthetic,False,0.0,0.0,1.638,0.0,1.0,0.0,0.0,0.1078,0.0,0.0,0.0,59.8,1.0,False,15.0,0.0,,30.17,1.294,21,1,0,False,False,False,False,8.6,True,True,train,day after,1
2000-01-04 21:20:00,1,9.5,synthetic,False,0.0,0.0,1.434,0.0,1.0,0.0,0.0,0.1078,0.0,0.0,0.0,,,True,20.0,0.0,,30.25,1.294,21,1,0,False,False,False,False,8.5,True,True,train,day after,1
2000-01-04 21:25:00,1,9.3,synthetic,False,0.0,0.0,1.229,0.0,1.0,0.0,0.0,0.1078,0.0,0.0,0.0,60.9,2.0,False,26.0,0.0,,30.33,1.294,21,1,0,False,False,False,False,8.8,True,True,train,day after,1
2000-01-04 21:30:00,1,,,False,0.0,0.0,1.024,0.0,1.0,0.0,0.0,0.1078,0.0,0.0,0.0,55.2,4.0,False,22.0,0.0,,30.42,1.294,21,1,0,False,False,False,True,8.2,False,False,train,day after,1
2000-01-04 21:35:00,1,8.6,synthetic,False,0.0,0.0,0.819,0.0,1.0,0.0,0.0,0.1078,0.0,0.0,0.0,,,True,26.0,0.0,,30.5,1.294,21,1,0,False,False,False,False,8.3,False,False,train,day after,1
2000-01-04 21:40:00,1,8.2,synthetic,False,0.0,0.0,0.614,0.0,1.0,0.0,0.0,0.1078,0.0,0.0,0.0,63.9,1.0,False,26.0,0.0,,30.58,1.294,21,1,0,False,False,False,False,8.5,False,False,train,day after,1
2000-01-04 21:45:00,1,8.6,synthetic,False,0.0,0.0,0.41,0.0,1.0,0.0,0.0,0.1078,0.0,0.0,0.0,,,True,12.0,0.0,,30.67,1.294,21,1,0,False,False,False,False,8.0,False,False,train,day after,1
2000-01-04 21:50:00,1,8.5,synthetic,False,0.0,0.0,0.205,0.0,1.0,0.0,0.0,0.1078,0.0,0.0,0.0,,,True,26.0,0.0,,30.75,1.294,21,1,0,False,False,False,False,7.6,False,False,train,day after,1
2000-01-04 21:55:00,1,8.8,synthetic,False,0.0,0.0,0.0,0.0,1.0,0.0,0.0,0.1078,0.0,0.0,0.0,,,True,19.0,0.0,,30.83,1.294,21,1,0,False,False,False,False,6.9,False,False,train,day after,1
2000-01-04 22:00:00,1,8.2,synthetic,False,0.0,0.0,0.0,0.0,1.0,0.0,0.0,0.1078,0.0,0.0,0.0,56.1,2.0,False,24.0,0.0,,30.92,1.294,22,1,0,False,False,False,False,6.0,False,False,train,day after,1
2000-01-04 22:05:00,1,8.3,synthetic,False,0.0,0.0,0.0,0.0,1.0,0.0,0.0,0.1078,0.0,0.0,0.0,68.5,3.0,False,23.0,0.0,,31.0,1.294,22,1,0,False,False,False,False,6.4,False,False,train,day after,1
2000-01-04 22:10:00,1,8.5,synthetic,False,0.0,0.0,0.0,1.0,0.0,0.0,0.0,0.0,0.0,0.0,0.0,,,True,36.0,0.0,,31.08,1.294,22,1,0,False,False,False,False,6.5,False,False,train,day after,1
2000-01-04 22:15:00,1,8.0,synthetic,False,0.0,0.0,0.0,1.0,0.0,0.0,0.0,0.0,0.0,0.0,0.0,,,True,26.0,0.0,,31.17,1.188,22,1,0,False,False,False,False,5.5,False,False,train,day after,1
2000-01-04 22:20:00,1,7.6,synthetic,False,0.0,0.0,0.0,1.0,0.0,0.0,0.0,0.0,0.0,0.0,0.0,49.8,4.0,False,29.0,0.0,,31.25,1.087,22,1,0,False,False,False,False,5.1,False,False,train,day after,1
2000-01-04 22:25:00,1,6.9,synthetic,False,0.0,0.0,0.0,1.0,0.0,0.0,0.0,0.0,0.0,0.0,0.0,58.8,4.0,False,31.0,0.0,,31.33,0.99,22,1,0,False,False,False,False,5.4,False,False,train,day after,1
2000-01-04 22:30:00,1,6.0,synthetic,False,0.0,0.0,0.0,1.0,0.0,0.0,0.0,0.0,0.0,0.0,0.0,72.8,4.0,False,20.0,0.0,,31.42,0.898,22,1,0,False,False,False,False,4.8,True,True,train,day after,1
2000-01-04 22:35:00,1,6.4,synthetic,False,0.0,0.0,0.0,1.0,0.0,0.0,0.0,0.0,0.0,0.0,0.0,,,True,30.0,0.0,,31.5,0.811,22,1,0,False,False,False,False,4.9,True,True,train,day after,1
2000-01-04 22:40:00,1,6.5,synthetic,False,0.0,0.0,0.0,1.0,0.0,0.0,0.0,0.0,0.0,0.0,0.0,,,True,15.0,0.0,,31.58,0.728,22,1,0,False,False,False,False,5.7,True,True,train,day after,1
2000-01-04 22:45:00,1,5.5,synthetic,False,0.0,0.0,0.0,1.0,0.0,0.0,0.0,0.0,0.0,0.0,0.0,,,True,32.0,0.0,,31.67,0.649,22,1,0,False,False,False,False,5.9,True,True,train,day after,1
2000-01-04 22:50:00,1,5.1,synthetic,False,0.0,0.0,0.0,1.0,0.0,0.0,0.0,0.0,0.0,0.0,0.0,49.4,5.0,False,32.0,0.0,,31.75,0.575,22,1,0,False,False,False,False,5.7,True,True,train,day after,1
2000-01-04 22:55:00,1,5.4,synthetic,False,0.0,0.0,0.0,1.0,0.0,0.0,0.0,0.0,0.0,0.0,0.0,47.3,5.0,False,23.0,0.0,,31.83,0.505,22,1,0,False,False,False,False,6.2,True,True,train,day after,1
2000-01-04 23:00:00,1,4.8,synthetic,False,0.0,0.0,0.0,1.0,0.0,0.0,0.0,0.0,0.0,0.0,0.0,,,True,2.0,0.0,,31.92,0.44,23,1,0,False,False,False,False,6.7,True,True,train,day after,1
2000-01-04 23:05:00,1,4.9,synthetic,False,0.0,0.0,0.0,1.0,0.0,0.0,0.0,0.0,0.0,0.0,0.0,,,True,0.0,0.0,,32.0,0.38,23,1,0,False,False,False,False,6.0,True,True,train,day after,1
2000-01-04 23:10:00,1,5.7,synthetic,False,0.0,0.0,0.0,1.0,0.0,0.0,0.0,0.0,0.0,0.0,0.0,58.5,5.0,False,1.0,0.0,,32.08,0.323,23,1,0,False,False,False,False,5.2,True,True,train,day after,1
2000-01-04 23:15:00,1,5.9,synthetic,False,0.0,0.0,0.0,1.0,0.0,0.0,0.0,0.0,0.0,0.0,0.0,,,True,0.0,0.0,,32.17,0.272,23,1,0,False,False,False,False,5.2,True,True,train,day after,1
2000-01-04 23:20:00,1,5.7,synthetic,False,0.0,0.0,0.0,1.0,0.0,0.0,0.0,0.0,0.0,0.0,0.0,,,True,0.0,0.0,,32.25,0.225,23,1,0,False,False,False,False,5.7,True,True,train,day after,1
2000-01-04 23:25:00,1,6.2,synthetic,False,0.0,0.0,0.0,1.0,0.0,0.0,0.0,0.0,0.0,0.0,0.0,74.3,3.0,False,0.0,0.0,,32.33,0.182,23,1,0,False,False,False,False,6.6,True,True,train,day after,1
2000-01-04 23:30:00,1,6.7,synthetic,False,0.0,0.0,0.0,1.0,0.0,0.0,0.0,0.0,0.0,0.0,0.0,45.2,4.0,False,1.0,0.0,,32.42,0.144,23,1,0,False,False,False,False,6.3,True,True,train,day after,1
2000-01-04 23:35:00,1,6.0,synthetic,False,0.0,0.0,0.0,1.0,0.0,0.0,0.0,0.0,0.0,0.0,0.0,,,True,1.0,0.0,,32.5,0.11,23,1,0,False,False,False,False,6.4,True,True,train,day after,1
2000-01-04 23:40:00,1,5.2,synthetic,False,0.0,0.0,0.0,1.0,0.0,0.0,0.0,0.0,0.0,0.0,0.0,,,True,0.0,0.0,,32.58,0.081,23,1,0,False,False,False,False,6.3,True,True,train,day after,1
2000-01-04 23:45:00,1,5.2,synthetic,False,0.0,0.0,0.0,1.0,0.0,0.0,0.0,0.0,0.0,0.0,0.0,,,True,0.0,0.0,,32.67,0.056,23,1,0,False,False,False,False,7.0,True,True,train,day after,1
2000-01-04 23:50:00,1,5.7,synthetic,False,0.0,0.0,0.0,1.0,0.0,0.0,0.0,0.0,0.0,0.0,0.0,71.8,2.0,False,2.0,0.0,,32.75,0.036,23,1,0,False,False,False,False,7.2,True,True,train,day after,1
2000-01-04 23:55:00,1,6.6,synthetic,False,0.0,0.0,0.0,1.0,0.0,0.0,0.0,0.0,0.0,0.0,0.0,52.8,1.0,False,2.0,0.0,,32.83,0.02,23,1,0,False,False,False,False,7.1,True,True,train,day after,1
2000-01-05 00:00:00,1,6.3,synthetic,False,0.0,0.0,0.0,1.0,0.0,0.0,0.0,0.0,0.0,0.0,0.0,,,True,2.0,0.0,,32.92,0.009,0,2,0,False,False,False,False,6.4,True,True,train,exercise day,1
2000-01-05 00:05:00,1,6.4,synthetic,False,0.0,0.0,0.0,1.0,0.0,0.0,0.0,0.0,0.0,0.0,0.0,,,True,2.0,0.0,,33.0,0.002,0,2,0,False,False,False,False,6.5,True,True,train,exercise day,1
2000-01-05 00:10:00,1,6.3,synthetic,False,0.0,0.0,0.0,1.0,0.0,0.0,0.0,0.0,0.0,0.0,0.0,,,True,1.0,0.0,,33.08,0.0,0,2,0,False,False,False,False,7.1,True,True,train,exercise day,1
2000-01-05 00:15:00,1,7.0,synthetic,False,0.0,0.0,0.0,1.0,0.0,0.0,0.0,0.0,0.0,0.0,0.0,53.9,2.0,False,2.0,0.0,,33.17,0.0,0,2,0,False,False,False,False,6.6,True,True,train,exercise day,1
2000-01-05 00:20:00,1,7.2,synthetic,False,0.0,0.0,0.0,1.0,0.0,0.0,0.0,0.0,0.0,0.0,0.0,,,True,1.0,0.0,,33.25,0.0,0,2,0,False,False,False,False,6.8,True,True,train,exercise day,1
2000-01-05 00:25:00,1,7.1,synthetic,False,0.0,0.0,0.0,1.0,0.0,0.0,0.0,0.0,0.0,0.0,0.0,,,True,0.0,0.0,,33.33,0.0,0,2,0,False,False,False,False,7.6,True,True,train,exercise day,1
2000-01-05 00:30:00,1,6.4,synthetic,False,0.0,0.0,0.0,1.0,0.0,0.0,0.0,0.0,0.0,0.0,0.0,57.6,2.0,False,0.0,0.0,,33.42,0.0,0,2,0,False,False,False,False,7.6,True,True,train,exercise day,1
2000-01-05 00:35:00,1,6.5,synthetic,False,0.0,0.0,0.0,1.0,0.0,0.0,0.0,0.0,0.0,0.0,0.0,,,True,0.0,0.0,,33.5,0.0,0,2,0,False,False,False,False,7.3,True,True,train,exercise day,1
2000-01-05 00:40:00,1,7.1,synthetic,False,0.0,0.0,0.0,1.0,0.0,0.0,0.0,0.0,0.0,0.0,0.0,57.8,1.0,False,1.0,0.0,,33.58,0.0,0,2,0,False,False,False,False,7.4,True,True,train,exercise day,1
2000-01-05 00:45:00,1,6.6,synthetic,False,0.0,0.0,0.0,0.0,1.0,0.0,0.0,0.1078,0.0,0.0,0.0,68.3,2.0,False,2.0,0.0,,33.67,0.0,0,2,0,False,False,False,False,8.2,True,True,train,exercise day,1
2000-01-05 00:50:00,1,6.8,synthetic,False,0.0,0.0,0.0,0.0,1.0,0.0,0.0,0.1078,0.0,0.0,0.0,,,True,0.0,0.0,,33.75,0.106,0,2,0,False,False,False,False,8.1,True,True,train,exercise day,1
2000-01-05 00:55:00,1,7.6,synthetic,False,0.0,0.0,0.0,0.0,1.0,0.0,0.0,0.1078,0.0,0.0,0.0,,,True,0.0,0.0,,33.83,0.207,0,2,0,False,False,False,False,8.3,True,True,train,exercise day,1
2000-01-05 01:00:00,1,7.6,synthetic,False,0.0,0.0,0.0,0.0,1.0,0.0,0.0,0.1078,0.0,0.0,0.0,58.4,3.0,False,3.0,0.0,,33.92,0.303,1,2,0,False,False,False,False,8.2,True,True,train,exercise day,1
2000-01-05 01:05:00,1,7.3,synthetic,False,0.0,0.0,0.0,0.0,1.0,0.0,0.0,0.1078,0.0,0.0,0.0,63.8,3.0,False,1.0,0.0,,34.0,0.395,1,2,0,False,False,False,False,7.9,True,True,train,exercise day,1
2000-01-05 01:10:00,1,7.4,synthetic,False,0.0,0.0,0.0,0.0,1.0,0.0,0.0,0.1078,0.0,0.0,0.0,63.5,2.0,False,0.0,0.0,,34.08,0.483,1,2,0,False,False,False,False,8.3,True,True,train,exercise day,1
2000-01-05 01:15:00,1,8.2,synthetic,False,0.0,0.0,0.0,0.0,1.0,0.0,0.0,0.1078,0.0,0.0,0.0,56.3,3.0,False,1.0,0.0,,34.17,0.566,1,2,0,False,False,False,False,8.1,True,True,train,exercise day,1
2000-01-05 01:20:00,1,8.1,synthetic,False,0.0,0.0,0.0,0.0,1.0,0.0,0.0,0.1078,0.0,0.0,0.0,55.2,4.0,False,3.0,0.0,,34.25,0.645,1,2,0,False,False,False,False,8.3,True,True,train,exercise day,1
2000-01-05 01:25:00,1,8.3,synthetic,False,0.0,0.0,0.0,0.0,1.0,0.0,0.0,0.1078,0.0,0.0,0.0,,,True,2.0,0.0,,34.33,0.719,1,2,0,False,False,False,False,8.4,True,True,train,exercise day,1
2000-01-05 01:30:00,1,8.2,synthetic,False,0.0,0.0,0.0,0.0,1.0,0.0,0.0,0.1078,0.0,0.0,0.0,,,True,4.0,0.0,,34.42,0.788,1,2,0,False,False,False,False,8.4,True,True,train,exercise day,1
2000-01-05 01:35:00,1,7.9,synthetic,False,0.0,0.0,0.0,0.0,1.0,0.0,0.0,0.1078,0.0,0.0,0.0,73.1,5.0,False,3.0,0.0,,34.5,0.853,1,2,0,False,False,False,False,8.1,True,True,train,exercise day,1
2000-01-05 01:40:00,1,8.3,synthetic,False,0.0,0.0,0.0,0.0,1.0,0.0,0.0,0.1078,0.0,0.0,0.0,61.7,1.0,False,0.0,0.0,,34.58,0.914,1,2,0,False,False,False,False,8.5,True,True,train,exercise day,1
2000-01-05 01:45:00,1,8.1,synthetic,False,0.0,0.0,0.0,0.0,1.0,0.0,0.0,0.1078,0.0,0.0,0.0,,,True,1.0,0.0,,34.67,0.97,1,2,0,False,False,False,False,8.5,True,True,train,exercise day,1
2000-01-05 01:50:00,1,8.3,synthetic,False,0.0,0.0,0.0,0.0,1.0,0.0,0.0,0.1078,0.0,0.0,0.0,,,True,4.0,0.0,,34.75,1.022,1,2,0,False,False,False,False,8.8,True,True,train,exercise day,1
2000-01-05 01:55:00,1,8.4,synthetic,False,0.0,0.0,0.0,0.0,1.0,0.0,0.0,0.1078,0.0,0.0,0.0,,,True,3.0,0.0,,34.83,1.069,1,2,0,False,False,False,False,8.5,True,True,train,exercise day,1
2000-01-05 02:00:00,1,8.4,synthetic,False,0.0,0.0,0.0,0.0,1.0,0.0,0.0,0.1078,0.0,0.0,0.0,,,True,2.0,0.0,,34.92,1.112,2,2,0,False,False,False,False,8.5,True,True,train,exercise day,1
2000-01-05 02:05:00,1,8.1,synthetic,False,0.0,0.0,0.0,0.0,1.0,0.0,0.0,0.1078,0.0,0.0,0.0,59.5,3.0,False,0.0,0.0,,35.0,1.15,2,2,0,False,False,False,False,8.8,True,True,train,exercise day,1
2000-01-05 02:10:00,1,8.5,synthetic,False,0.0,0.0,0.0,0.0,1.0,0.0,0.0,0.1078,0.0,0.0,0.0,62.2,3.0,False,1.0,0.0,,35.08,1.184,2,2,0,False,False,False,False,8.6,True,True,train,exercise day,1
2000-01-05 02:15:00,1,8.5,synthetic,False,0.0,0.0,0.0,0.0,1.0,0.0,0.0,0.1078,0.0,0.0,0.0,55.8,2.0,False,1.0,0.0,,35.17,1.213,2,2,0,False,False,False,False,9.1,True,True,train,exercise day,1
2000-01-05 02:20:00,1,8.8,synthetic,False,0.0,0.0,0.0,0.0,1.0,0.0,0.0,0.1078,0.0,0.0,0.0,,,True,0.0,0.0,,35.25,1.237,2,2,0,False,False,False,False,9.3,True,True,train,exercise day,1
2000-01-05 02:25:00,1,8.5,synthetic,False,0.0,0.0,0.0,0.0,1.0,0.0,0.0,0.1078,0.0,0.0,0.0,,,True,1.0,0.0,,35.33,1.258,2,2,0,False,False,False,False,10.0,True,True,train,exercise day,1
2000-01-05 02:30:00,1,8.5,synthetic,False,0.0,0.0,0.0,1.0,0.0,0.0,0.0,0.0,0.0,0.0,0.0,,,True,3.0,0.0,,35.42,1.273,2,2,0,False,False,False,False,9.8,True,True,train,exercise day,1
2000-01-05 02:35:00,1,8.8,synthetic,False,0.0,0.0,0.0,1.0,0.0,0.0,0.0,0.0,0.0,0.0,0.0,,,True,1.0,0.0,,35.5,1.179,2,2,0,False,False,False,False,9.6,True,True,train,exercise day,1
2000-01-05 02:40:00,1,8.6,synthetic,False,0.0,0.0,0.0,1.0,0.0,0.0,0.0,0.0,0.0,0.0,0.0,,,True,2.0,0.0,,35.58,1.085,2,2,0,False,False,False,False,9.7,True,True,train,exercise day,1
2000-01-05 02:45:00,1,9.1,synthetic,False,0.0,0.0,0.0,1.0,0.0,0.0,0.0,0.0,0.0,0.0,0.0,,,True,2.0,0.0,,35.67,0.99,2,2,0,False,False,False,False,9.9,True,True,train,exercise day,1
2000-01-05 02:50:00,1,9.3,synthetic,False,0.0,0.0,0.0,1.0,0.0,0.0,0.0,0.0,0.0,0.0,0.0,,,True,1.0,0.0,,35.75,0.898,2,2,0,False,False,False,False,9.7,True,True,train,exercise day,1
2000-01-05 02:55:00,1,10.0,synthetic,False,0.0,0.0,0.0,1.0,0.0,0.0,0.0,0.0,0.0,0.0,0.0,57.4,1.0,False,0.0,0.0,,35.83,0.811,2,2,0,False,False,False,False,10.3,True,True,train,exercise day,1
2000-01-05 03:00:00,1,9.8,synthetic,False,0.0,0.0,0.0,1.0,0.0,0.0,0.0,0.0,0.0,0.0,0.0,45.3,4.0,False,2.0,0.0,,35.92,0.728,3,2,0,False,False,False,False,10.3,True,True,train,exercise day,1
2000-01-05 03:05:00,1,9.6,synthetic,False,0.0,0.0,0.0,1.0,0.0,0.0,0.0,0.0,0.0,0.0,0.0,,,True,0.0,0.0,,36.0,0.649,3,2,0,False,False,False,False,9.6,True,True,train,exercise day,1
2000-01-05 03:10:00,1,9.7,synthetic,False,0.0,0.0,0.0,1.0,0.0,0.0,0.0,0.0,0.0,0.0,0.0,,,True,1.0,0.0,,36.08,0.575,3,2,0,False,False,False,False,9.6,True,True,train,exercise day,1
2000-01-05 03:15:00,1,9.9,synthetic,False,0.0,0.0,0.0,1.0,0.0,0.0,0.0,0.0,0.0,0.0,0.0,52.0,5.0,False,2.0,0.0,,36.17,0.505,3,2,0,False,False,False,False,9.4,True,True,train,exercise day,1
2000-01-05 03:20:00,1,9.7,synthetic,False,0.0,0.0,0.0,1.0,0.0,0.0,0.0,0.0,0.0,0.0,0.0,,,True,1.0,0.0,,36.25,0.44,3,2,0,False,False,False,False,9.4,True,True,train,exercise day,1
2000-01-05 03:25:00,1,10.3,synthetic,False,0.0,0.0,0.0,1.0,0.0,0.0,0.0,0.0,0.0,0.0,0.0,,,True,1.0,0.0,,36.33,0.38,3,2,0,False,False,False,False,9.4,True,True,train,exercise day,1
2000-01-05 03:30:00,1,10.3,synthetic,False,0.0,0.0,0.0,1.0,0.0,0.0,0.0,0.0,0.0,0.0,0.0,52.5,4.0,False,1.0,0.0,,36.42,0.323,3,2,0,False,False,False,False,9.2,True,True,train,exercise day,1
2000-01-05 03:35:00,1,9.6,synthetic,False,0.0,0.0,0.0,1.0,0.0,0.0,0.0,0.0,0.0,0.0,0.0,,,True,1.0,0.0,,36.5,0.272,3,2,0,False,False,False,False,8.7,True,True,train,exercise day,1
2000-01-05 03:40:00,1,9.6,synthetic,False,0.0,0.0,0.0,1.0,0.0,0.0,0.0,0.0,0.0,0.0,0.0,59.1,4.0,False,0.0,0.0,,36.58,0.225,3,2,0,False,False,False,False,9.1,True,True,train,exercise day,1
2000-01-05 03:45:00,1,9.4,synthetic,False,0.0,0.0,0.0,1.0,0.0,0.0,0.0,0.0,0.0,0.0,0.0,53.8,4.0,False,1.0,0.0,,36.67,0.182,3,2,0,False,False,False,False,8.9,True,True,train,exercise day,1
2000-01-05 03:50:00,1,9.4,synthetic,False,0.0,0.0,0.0,1.0,0.0,0.0,0.0,0.0,0.0,0.0,0.0,,,True,1.0,0.0,,36.75,0.144,3,2,0,False,False,False,False,9.7,True,True,train,exercise day,1
2000-01-05 03:55:00,1,9.4,synthetic,False,0.0,0.0,0.0,1.0,0.0,0.0,0.0,0.0,0.0,0.0,0.0,37.1,3.0,False,0.0,0.0,,36.83,0.11,3,2,0,False,False,False,False,9.4,True,True,train,exercise day,1
2000-01-05 04:00:00,1,9.2,synthetic,False,0.0,0.0,0.0,1.0,0.0,0.0,0.0,0.0,0.0,0.0,0.0,,,True,1.0,0.0,,36.92,0.081,4,2,0,False,False,False,False,8.4,True,True,train,exercise day,1
2000-01-05 04:05:00,1,8.7,synthetic,False,0.0,0.0,0.0,1.0,0.0,0.0,0.0,0.0,0.0,0.0,0.0,,,True,1.0,0.0,,37.0,0.056,4,2,0,False,False,False,False,8.7,True,True,train,exercise day,1
2000-01-05 04:10:00,1,9.1,synthetic,False,0.0,0.0,0.0,1.0,0.0,0.0,0.0,0.0,0.0,0.0,0.0,,,True,1.0,0.0,,37.08,0.036,4,2,0,False,False,False,False,8.6,True,True,train,exercise day,1
2000-01-05 04:15:00,1,8.9,synthetic,False,0.0,0.0,0.0,1.0,0.0,0.0,0.0,0.0,0.0,0.0,0.0,,,True,0.0,0.0,,37.17,0.02,4,2,0,False,False,False,False,8.4,True,True,train,exercise day,1
2000-01-05 04:20:00,1,9.7,synthetic,False,0.0,0.0,0.0,1.0,0.0,0.0,0.0,0.0,0.0,0.0,0.0,,,True,1.0,0.0,,37.25,0.009,4,2,0,False,False,False,False,8.1,True,True,train,exercise day,1
2000-01-05 04:25:00,1,9.4,synthetic,False,0.0,0.0,0.0,1.0,0.0,0.0,0.0,0.0,0.0,0.0,0.0,54.5,3.0,False,2.0,0.0,,37.33,0.002,4,2,0,False,False,False,False,7.7,True,True,train,exercise day,1
2000-01-05 04:30:00,1,8.4,synthetic,False,0.0,0.0,0.0,1.0,0.0,0.0,0.0,0.0,0.0,0.0,0.0,,,True,1.0,0.0,,37.42,0.0,4,2,0,False,False,False,False,7.8,True,True,train,exercise day,1
2000-01-05 04:35:00,1,8.7,synthetic,False,0.0,0.0,0.0,1.0,0.0,0.0,0.0,0.0,0.0,0.0,0.0,39.7,2.0,False,0.0,0.0,,37.5,0.0,4,2,0,False,False,False,False,7.9,True,True,train,exercise day,1
2000-01-05 04:40:00,1,8.6,synthetic,False,0.0,0.0,0.0,1.0,0.0,0.0,0.0,0.0,0.0,0.0,0.0,60.5,2.0,False,1.0,0.0,,37.58,0.0,4,2,0,False,False,False,False,7.9,True,True,train,exercise day,1
2000-01-05 04:45:00,1,8.4,synthetic,False,0.0,0.0,0.0,1.0,0.0,0.0,0.0,0.0,0.0,0.0,0.0,51.5,1.0,False,3.0,0.0,,37.67,0.0,4,2,0,False,False,False,False,7.8,True,True,train,exercise day,1
2000-01-05 04:50:00,1,8.1,synthetic,False,0.0,0.0,0.0,1.0,0.0,0.0,0.0,0.0,0.0,0.0,0.0,46.4,1.0,False,3.0,0.0,,37.75,0.0,4,2,0,False,False,False,False,7.4,True,True,train,exercise day,1
2000-01-05 04:55:00,1,7.7,synthetic,False,0.0,0.0,0.0,1.0,0.0,0.0,0.0,0.0,0.0,0.0,0.0,55.2,3.0,False,2.0,0.0,,37.83,0.0,4,2,0,False,False,False,False,7.1,True,True,train,exercise day,1
2000-01-05 05:00:00,1,7.8,synthetic,False,0.0,0.0,0.0,1.0,0.0,0.0,0.0,0.0,0.0,0.0,0.0,42.9,3.0,False,0.0,0.0,,37.92,0.0,5,2,0,False,False,False,False,6.1,True,True,train,exercise day,1
2000-01-05 05:05:00,1,7.9,synthetic,False,0.0,0.0,0.0,1.0,0.0,0.0,0.0,0.0,0.0,0.0,0.0,44.8,1.0,False,0.0,0.0,,38.0,0.0,5,2,0,False,False,False,False,7.3,True,True,train,exercise day,1
2000-01-05 05:10:00,1,7.9,synthetic,False,0.0,0.0,0.0,1.0,0.0,0.0,0.0,0.0,0.0,0.0,0.0,51.9,3.0,False,6.0,0.0,,38.08,0.0,5,2,0,False,False,False,False,7.1,True,True,train,exercise day,1
2000-01-05 05:15:00,1,7.8,synthetic,False,0.0,0.0,0.0,1.0,0.0,0.0,0.0,0.0,0.0,0.0,0.0,46.4,1.0,False,2.0,0.0,,38.17,0.0,5,2,0,False,False,False,False,7.0,True,True,train,exercise day,1
2000-01-05 05:20:00,1,7.4,synthetic,False,0.0,0.0,0.0,1.0,0.0,0.0,0.0,0.0,0.0,0.0,0.0,43.8,1.0,False,2.0,0.0,,38.25,0.0,5,2,0,False,False,False,False,7.0,True,True,train,exercise day,1
2000-01-05 05:25:00,1,7.1,synthetic,False,0.0,0.0,0.0,1.0,0.0,0.0,0.0,0.0,0.0,0.0,0.0,61.6,2.0,False,0.0,0.0,,38.33,0.0,5,2,0,False,False,False,False,6.7,True,True,train,exercise day,1
2000-01-05 05:30:00,1,6.1,synthetic,False,0.0,0.0,0.0,1.0,0.0,0.0,0.0,0.0,0.0,0.0,0.0,44.1,4.0,False,2.0,0.0,,38.42,0.0,5,2,0,False,False,False,False,6.5,True,True,train,exercise day,1
2000-01-05 05:35:00,1,7.3,synthetic,False,0.0,0.0,0.0,1.0,0.0,0.0,0.0,0.0,0.0,0.0,0.0,,,True,1.0,0.0,,38.5,0.0,5,2,0,False,False,False,False,5.8,True,True,train,exercise day,1
2000-01-05 05:40:00,1,7.1,synthetic,False,0.0,0.0,0.0,1.0,0.0,0.0,0.0,0.0,0.0,0.0,0.0,51.5,5.0,False,2.0,0.0,,38.58,0.0,5,2,0,False,False,False,False,6.0,True,True,train,exercise day,1
2000-01-05 05:45:00,1,7.0,synthetic,False,0.0,0.0,0.0,1.0,0.0,0.0,0.0,0.0,0.0,0.0,0.0,49.1,1.0,False,0.0,0.0,,38.67,0.0,5,2,0,False,False,False,False,6.1,True,True,train,exercise day,1
2000-01-05 05:50:00,1,7.0,synthetic,False,0.0,0.0,0.0,1.0,0.0,0.0,0.0,0.0,0.0,0.0,0.0,,,True,0.0,0.0,,38.75,0.0,5,2,0,False,False,False,False,6.5,True,True,train,exercise day,1
2000-01-05 05:55:00,1,6.7,synthetic,False,0.0,0.0,0.0,1.0,0.0,0.0,0.0,0.0,0.0,0.0,0.0,50.3,3.0,False,0.0,0.0,,38.83,0.0,5,2,0,False,False,False,False,6.0,True,True,train,exercise day,1
2000-01-05 06:00:00,1,6.5,synthetic,False,0.0,0.0,0.0,1.0,0.0,0.0,0.0,0.0,0.0,0.0,0.0,59.3,3.0,False,0.0,0.0,,38.92,0.0,6,2,0,False,False,False,False,6.0,True,True,train,exercise day,1
2000-01-05 06:05:00,1,5.8,synthetic,False,0.0,0.0,0.0,1.0,0.0,0.0,0.0,0.0,0.0,0.0,0.0,,,True,2.0,0.0,,39.0,0.0,6,2,0,False,False,False,False,6.5,True,True,train,exercise day,1
2000-01-05 06:10:00,1,6.0,synthetic,False,0.0,0.0,0.0,1.0,0.0,0.0,0.0,0.0,0.0,0.0,0.0,59.5,1.0,False,1.0,0.0,,39.08,0.0,6,2,0,False,False,False,False,6.7,True,True,train,exercise day,1
2000-01-05 06:15:00,1,6.1,synthetic,False,0.0,0.0,0.0,1.0,0.0,0.0,0.0,0.0,0.0,0.0,0.0,,,True,0.0,0.0,,39.17,0.0,6,2,0,False,False,False,False,7.2,True,True,train,exercise day,1
2000-01-05 06:20:00,1,6.5,synthetic,False,0.0,0.0,0.0,1.0,0.0,0.0,0.0,0.0,0.0,0.0,0.0,56.7,3.0,False,2.0,0.0,,39.25,0.0,6,2,0,False,False,False,False,7.6,True,True,train,exercise day,1
2000-01-05 06:25:00,1,6.0,synthetic,False,0.0,0.0,0.0,1.0,0.0,0.0,0.0,0.0,0.0,0.0,0.0,51.6,4.0,False,3.0,0.0,,39.33,0.0,6,2,0,False,False,False,False,7.8,True,True,train,exercise day,1
2000-01-05 06:30:00,1,6.0,synthetic,False,0.0,0.0,0.0,1.0,0.0,0.0,0.0,0.0,0.0,0.0,0.0,53.1,2.0,False,0.0,0.0,,39.42,0.0,6,2,0,False,False,False,False,8.2,True,True,train,exercise day,1
2000-01-05 06:35:00,1,6.5,synthetic,False,0.0,0.0,0.0,1.0,0.0,0.0,0.0,0.0,0.0,0.0,0.0,35.5,2.0,False,1.0,0.0,,39.5,0.0,6,2,0,False,False,False,False,8.2,True,True,train,exercise day,1
2000-01-05 06:40:00,1,6.7,synthetic,False,0.0,0.0,0.0,1.0,0.0,0.0,0.0,0.0,0.0,0.0,0.0,,,True,2.0,0.0,,39.58,0.0,6,2,0,False,False,False,False,8.6,True,True,train,exercise day,1
2000-01-05 06:45:00,1,7.2,synthetic,False,0.0,0.0,0.0,1.0,0.0,0.0,0.0,0.0,0.0,0.0,0.0,,,True,0.0,0.0,,39.67,0.0,6,2,0,False,False,False,False,8.2,True,True,train,exercise day,1
2000-01-05 06:50:00,1,7.6,synthetic,False,0.0,0.0,0.0,1.0,0.0,0.0,0.0,0.0,0.0,0.0,0.0,59.9,1.0,False,0.0,0.0,,39.75,0.0,6,2,0,False,False,False,False,8.1,True,True,train,exercise day,1
2000-01-05 06:55:00,1,7.8,synthetic,False,0.0,0.0,0.0,1.0,0.0,0.0,0.0,0.0,0.0,0.0,0.0,,,True,2.0,0.0,,39.83,0.0,6,2,0,False,False,False,False,8.3,True,True,train,exercise day,1
2000-01-05 07:00:00,1,8.2,synthetic,False,0.0,0.0,0.0,1.0,0.0,0.0,0.0,0.0,0.0,0.0,0.0,56.8,1.0,False,16.0,0.0,,39.92,0.0,7,2,0,False,False,False,False,8.4,True,True,train,exercise day,1
2000-01-05 07:05:00,1,8.2,synthetic,False,0.0,0.0,0.0,1.0,0.0,0.0,0.0,0.0,0.0,0.0,0.0,44.3,2.0,False,17.0,0.0,,40.0,0.0,7,2,0,False,False,False,False,8.2,True,True,train,exercise day,1
2000-01-05 07:10:00,1,8.6,synthetic,False,0.0,0.0,0.0,1.0,0.0,0.0,0.0,0.0,0.0,0.0,0.0,,,True,22.0,0.0,,40.08,0.0,7,2,0,False,False,False,False,8.7,True,True,train,exercise day,1
2000-01-05 07:15:00,1,8.2,synthetic,False,0.0,0.0,0.0,1.0,0.0,0.0,0.0,0.0,0.0,0.0,0.0,,,True,30.0,0.0,,40.17,0.0,7,2,0,False,False,False,False,9.2,True,True,train,exercise day,1
2000-01-05 07:20:00,1,8.1,synthetic,False,0.0,0.0,0.0,1.0,0.0,0.0,0.0,0.0,0.0,0.0,0.0,,,True,26.0,0.0,,40.25,0.0,7,2,0,False,False,False,False,9.1,True,True,train,exercise day,1
2000-01-05 07:25:00,1,8.3,synthetic,False,0.0,0.0,0.0,1.0,0.0,0.0,0.0,0.0,0.0,0.0,0.0,62.7,2.0,False,24.0,0.0,,40.33,0.0,7,2,0,False,False,False,False,9.2,True,True,train,exercise day,1
2000-01-05 07:30:00,1,8.4,synthetic,False,0.15,20.0,0.152,1.0,0.0,0.0,0.0,0.0,0.0,0.0,0.0,41.2,3.0,False,27.0,0.0,,40.42,0.0,7,2,0,False,False,False,False,8.9,True,True,train,exercise day,1
2000-01-05 07:35:00,1,8.2,synthetic,False,0.0,0.0,0.146,1.0,0.0,0.0,0.0,0.0,0.0,0.0,0.0,51.2,1.0,False,30.0,0.0,,40.5,0.0,7,2,0,False,False,False,False,8.5,True,True,train,exercise day,1
2000-01-05 07:40:00,1,8.7,synthetic,False,0.0,0.0,0.14,1.0,0.0,0.0,0.0,0.0,0.0,0.0,0.0,50.5,3.0,False,25.0,0.0,,40.58,0.0,7,2,0,False,False,False,False,8.8,True,True,train,exercise day,1
2000-01-05 07:45:00,1,9.2,synthetic,False,0.0,0.0,0.133,1.0,0.0,0.0,0.0,0.0,0.0,0.0,0.0,34.4,4.0,False,22.0,0.0,,40.67,0.0,7,2,0,False,False,False,False,8.8,True,True,train,exercise day,1
2000-01-05 07:50:00,1,9.1,synthetic,False,0.0,0.0,0.127,1.0,0.0,0.0,0.0,0.0,0.0,0.0,0.0,49.0,5.0,False,17.0,0.0,,40.75,0.0,7,2,0,False,False,False,False,9.3,True,True,train,exercise day,1
2000-01-05 07:55:00,1,9.2,synthetic,False,0.0,0.0,0.121,1.0,0.0,0.0,0.0,0.0,0.0,0.0,0.0,60.0,5.0,False,26.0,0.0,,40.83,0.0,7,2,0,False,False,False,False,9.2,True,True,train,exercise day,1
2000-01-05 08:00:00,1,8.9,synthetic,False,0.0,0.0,0.114,1.0,0.0,0.0,0.0,0.0,0.0,0.0,0.0,45.0,3.0,False,18.0,0.0,,40.92,0.0,8,2,0,False,False,False,False,9.8,True,True,train,exercise day,1
2000-01-05 08:05:00,1,8.5,synthetic,False,0.0,0.0,0.108,1.0,0.0,0.0,0.0,0.0,0.0,0.0,0.0,53.9,1.0,False,25.0,0.0,,41.0,0.0,8,2,0,False,False,False,False,10.1,True,True,train,exercise day,1
2000-01-05 08:10:00,1,8.8,synthetic,False,0.0,0.0,0.101,1.0,0.0,0.0,0.0,0.0,0.0,0.0,0.0,44.2,1.0,False,27.0,0.0,,41.08,0.0,8,2,0,False,False,False,False,9.4,True,True,train,exercise day,1
2000-01-05 08:15:00,1,8.8,synthetic,False,0.0,0.0,0.095,1.0,0.0,0.0,0.0,0.0,0.0,0.0,0.0,61.7,2.0,False,17.0,0.0,,41.17,0.0,8,2,0,False,False,False,False,8.8,True,True,train,exercise day,1
2000-01-05 08:20:00,1,9.3,synthetic,False,0.0,0.0,0.089,1.0,0.0,0.0,0.0,0.0,0.0,0.0,0.0,,,True,32.0,0.0,,41.25,0.0,8,2,0,False,False,False,False,9.1,True,True,train,exercise day,1
2000-01-05 08:25:00,1,9.2,synthetic,False,0.0,0.0,0.082,1.0,0.0,0.0,0.0,0.0,0.0,0.0,0.0,50.9,2.0,False,20.0,0.0,,41.33,0.0,8,2,0,False,False,False,False,8.8,True,True,train,exercise day,1
2000-01-05 08:30:00,1,9.8,synthetic,False,0.0,0.0,0.076,1.0,0.0,0.0,0.0,0.0,0.0,0.0,0.0,48.7,1.0,False,20.0,0.0,,41.42,0.0,8,2,0,False,False,False,False,8.3,True,True,train,exercise day,1
2000-01-05 08:35:00,1,10.1,synthetic,False,0.0,0.0,0.07,1.0,0.0,0.0,0.0,0.0,0.0,0.0,0.0,56.3,4.0,False,9.0,0.0,,41.5,0.0,8,2,0,False,False,False,False,9.1,True,True,train,exercise day,1
2000-01-05 08:40:00,1,9.4,synthetic,False,0.0,0.0,0.063,1.0,0.0,0.0,0.0,0.0,0.0,0.0,0.0,,,True,27.0,0.0,,41.58,0.0,8,2,0,False,False,False,False,9.1,True,True,train,exercise day,1
2000-01-05 08:45:00,1,8.8,synthetic,False,0.0,0.0,0.057,1.0,0.0,0.0,0.0,0.0,0.0,0.0,0.0,62.6,3.0,False,34.0,0.0,,41.67,0.0,8,2,0,False,False,False,False,8.8,True,True,train,exercise day,1
2000-01-05 08:50:00,1,9.1,synthetic,False,0.0,0.0,0.051,1.0,0.0,0.0,0.0,0.0,0.0,0.0,0.0,56.3,3.0,False,32.0,0.0,,41.75,0.0,8,2,0,False,False,False,False,8.5,True,True,train,exercise day,1
2000-01-05 08:55:00,1,8.8,synthetic,False,0.0,0.0,0.044,1.0,0.0,0.0,0.0,0.0,0.0,0.0,0.0,42.0,2.0,False,28.0,0.0,,41.83,0.0,8,2,0,False,False,False,False,8.0,True,True,train,exercise day,1
2000-01-05 09:00:00,1,8.3,synthetic,False,0.0,0.0,0.038,1.0,0.0,0.0,0.0,0.0,0.0,0.0,0.0,,,True,31.0,0.0,,41.92,0.0,9,2,0,False,False,False,False,7.7,True,True,train,exercise day,1
2000-01-05 09:05:00,1,9.1,synthetic,False,0.0,0.0,0.032,1.0,0.0,0.0,0.0,0.0,0.0,0.0,0.0,55.0,4.0,False,27.0,0.0,,42.0,0.0,9,2,0,False,False,False,False,7.5,True,True,train,exercise day,1
2000-01-05 09:10:00,1,9.1,synthetic,False,0.0,0.0,0.025,1.0,0.0,0.0,0.0,0.0,0.0,0.0,0.0,,,True,24.0,0.0,,42.08,0.0,9,2,0,False,False,False,False,7.1,True,True,train,exercise day,1
2000-01-05 09:15:00,1,8.8,synthetic,False,0.0,0.0,0.019,1.0,0.0,0.0,0.0,0.0,0.0,0.0,0.0,36.5,5.0,False,19.0,0.0,,42.17,0.0,9,2,0,False,False,False,False,6.9,True,True,train,exercise day,1
2000-01-05 09:20:00,1,8.5,synthetic,False,0.0,0.0,0.013,1.0,0.0,0.0,0.0,0.0,0.0,0.0,0.0,63.9,5.0,False,27.0,0.0,,42.25,0.0,9,2,0,False,False,False,False,7.3,True,True,train,exercise day,1
2000-01-05 09:25:00,1,8.0,synthetic,False,0.0,0.0,0.006,1.0,0.0,0.0,0.0,0.0,0.0,0.0,0.0,50.3,3.0,False,33.0,0.0,,42.33,0.0,9,2,0,False,False,False,False,7.5,True,True,train,exercise day,1
2000-01-05 09:30:00,1,7.7,synthetic,False,0.0,0.0,0.0,1.0,0.0,0.0,0.0,0.0,0.0,0.0,0.0,47.8,1.0,False,21.0,0.0,,42.42,0.0,9,2,0,False,False,False,False,7.4,True,True,train,exercise day,1
2000-01-05 09:35:00,1,7.5,synthetic,False,0.0,0.0,0.0,1.0,0.0,0.0,0.0,0.0,0.0,0.0,0.0,,,True,17.0,0.0,,42.5,0.0,9,2,0,False,False,False,False,7.6,True,True,train,exercise day,1
2000-01-05 09:40:00,1,7.1,synthetic,False,0.0,0.0,0.0,1.0,0.0,0.0,0.0,0.0,0.0,0.0,0.0,,,True,29.0,0.0,,42.58,0.0,9,2,0,False,False,False,False,7.8,True,True,train,exercise day,1
2000-01-05 09:45:00,1,6.9,synthetic,False,0.0,0.0,0.0,1.0,0.0,0.0,0.0,0.0,0.0,0.0,0.0,62.9,4.0,False,22.0,0.0,,42.67,0.0,9,2,0,False,False,False,False,8.3,True,True,train,exercise day,1
2000-01-05 09:50:00,1,7.3,synthetic,False,0.0,0.0,0.0,1.0,0.0,0.0,0.0,0.0,0.0,0.0,0.0,50.1,5.0,False,27.0,0.0,,42.75,0.0,9,2,0,False,False,False,False,8.0,True,True,train,exercise day,1
2000-01-05 09:55:00,1,7.5,synthetic,False,2.14,32.8,2.142,1.0,0.0,0.0,0.0,0.0,0.0,0.0,0.0,,,True,26.0,0.0,,42.83,0.0,9,2,0,False,False,False,False,8.5,True,True,train,exercise day,1
2000-01-05 10:00:00,1,7.4,synthetic,False,0.0,0.0,2.053,1.0,0.0,0.0,0.0,0.0,0.0,0.0,0.0,,,True,27.0,0.0,,42.92,0.0,10,2,0,False,False,False,False,9.1,True,True,train,exercise day,1
2000-01-05 10:05:00,1,7.6,synthetic,False,0.0,0.0,1.963,1.0,0.0,0.0,0.0,0.0,0.0,0.0,0.0,,,True,28.0,0.0,,43.0,0.0,10,2,0,False,False,False,False,9.3,True,True,train,exercise day,1
2000-01-05 10:10:00,1,7.8,synthetic,False,0.0,0.0,1.874,1.0,0.0,0.0,0.0,0.0,0.0,0.0,0.0,,,True,32.0,0.0,,43.08,0.0,10,2,0,False,False,False,False,10.0,True,True,train,exercise day,1
2000-01-05 10:15:00,1,8.3,synthetic,False,0.0,0.0,1.785,1.0,0.0,0.0,0.0,0.0,0.0,0.0,0.0,57.4,4.0,False,23.0,0.0,,43.17,0.0,10,2,0,False,False,False,False,10.1,True,True,train,exercise day,1
2000-01-05 10:20:00,1,8.0,synthetic,False,0.0,0.0,1.696,1.0,0.0,0.0,0.0,0.0,0.0,0.0,0.0,,,True,25.0,0.0,,43.25,0.0,10,2,0,False,False,False,False,10.7,True,True,train,exercise day,1
2000-01-05 10:25:00,1,8.5,synthetic,False,0.0,0.0,1.606,1.0,0.0,0.0,0.0,0.0,0.0,0.0,0.0,,,True,23.0,0.0,,43.33,0.0,10,2,0,False,False,False,False,10.9,True,True,train,exercise day,1
2000-01-05 10:30:00,1,9.1,synthetic,False,0.0,0.0,1.517,1.0,0.0,0.0,0.0,0.0,0.0,0.0,0.0,51.2,4.0,False,22.0,0.0,,43.42,0.0,10,2,0,False,False,False,False,10.9,True,True,train,exercise day,1
2000-01-05 10:35:00,1,9.3,synthetic,False,0.0,0.0,1.428,1.0,0.0,0.0,0.0,0.0,0.0,0.0,0.0,42.7,5.0,False,27.0,0.0,,43.5,0.0,10,2,0,False,False,False,False,11.1,True,True,train,exercise day,1
2000-01-05 10:40:00,1,10.0,synthetic,False,0.0,0.0,1.339,1.0,0.0,0.0,0.0,0.0,0.0,0.0,0.0,48.1,1.0,False,19.0,0.0,,43.58,0.0,10,2,0,False,False,False,False,,True,False,train,exercise day,1
2000-01-05 10:45:00,1,10.1,synthetic,False,0.0,0.0,1.249,1.0,0.0,0.0,0.0,0.0,0.0,0.0,0.0,,,True,30.0,0.0,,43.67,0.0,10,2,0,False,False,False,False,11.8,True,True,train,exercise day,1
2000-01-05 10:50:00,1,10.7,synthetic,False,0.0,0.0,1.16,1.0,0.0,0.0,0.0,0.0,0.0,0.0,0.0,,,True,28.0,0.0,,43.75,0.0,10,2,0,False,False,False,False,12.2,True,True,train,exercise day,1
2000-01-05 10:55:00,1,10.9,synthetic,False,0.0,0.0,1.071,1.0,0.0,0.0,0.0,0.0,0.0,0.0,0.0,65.0,4.0,False,23.0,0.0,,43.83,0.0,10,2,0,False,False,False,False,11.7,True,True,train,exercise day,1
2000-01-05 11:00:00,1,10.9,synthetic,False,0.0,0.0,0.982,1.0,0.0,0.0,0.0,0.0,0.0,0.0,0.0,30.5,1.0,False,34.0,0.0,,43.92,0.0,11,2,0,False,False,False,False,11.6,True,True,train,exercise day,1
2000-01-05 11:05:00,1,11.1,synthetic,False,0.0,0.0,0.892,1.0,0.0,0.0,0.0,0.0,0.0,0.0,0.0,,,True,29.0,0.0,,44.0,0.0,11,2,0,False,False,False,False,12.0,True,True,train,exercise day,1
2000-01-05 11:10:00,1,,,False,0.0,0.0,0.803,1.0,0.0,0.0,0.0,0.0,0.0,0.0,0.0,45.9,5.0,False,31.0,0.0,,44.08,0.0,11,2,0,False,False,False,True,11.8,False,False,train,exercise day,1
2000-01-05 11:15:00,1,11.8,synthetic,False,0.0,0.0,0.714,1.0,0.0,0.0,0.0,0.0,0.0,0.0,0.0,56.1,1.0,False,21.0,0.0,,44.17,0.0,11,2,0,False,False,False,False,11.3,False,False,train,exercise day,1
2000-01-05 11:20:00,1,12.2,synthetic,False,0.0,0.0,0.625,1.0,0.0,0.0,0.0,0.0,0.0,0.0,0.0,58.3,2.0,False,22.0,0.0,,44.25,0.0,11,2,0,False,False,False,False,11.1,False,False,train,exercise day,1
2000-01-05 11:25:00,1,11.7,synthetic,False,0.0,0.0,0.535,0.0,1.0,0.0,0.0,0.1078,0.0,0.0,0.0,47.6,4.0,False,18.0,0.0,,44.33,0.0,11,2,0,False,False,False,False,11.4,False,False,train,exercise day,1
2000-01-05 11:30:00,1,11.6,synthetic,False,0.0,0.0,0.446,0.0,1.0,0.0,0.0,0.1078,0.0,0.0,0.0,40.7,1.0,False,21.0,0.0,,44.42,0.106,11,2,0,False,False,False,False,11.2,False,False,train,exercise day,1
2000-01-05 11:35:00,1,12.0,synthetic,False,3.22,8.5,3.573,0.0,1.0,0.0,0.0,0.1078,0.0,0.0,0.0,46.1,3.0,False,17.0,0.0,,44.5,0.207,11,2,0,False,False,False,False,8.5,False,False,train,exercise day,1
2000-01-05 11:40:00,1,11.8,synthetic,False,0.0,0.0,3.35,0.0,1.0,0.0,0.0,0.1078,0.0,0.0,0.0,48.8,3.0,False,21.0,0.0,,44.58,0.303,11,2,0,False,False,False,False,8.4,False,False,train,exercise day,1
2000-01-05 11:45:00,1,11.3,synthetic,False,0.0,0.0,3.126,0.0,1.0,0.0,0.0,0.1078,0.0,0.0,0.0,,,True,242.0,0.0,,44.67,0.395,11,2,0,False,False,False,False,9.0,False,False,train,exercise day,1
2000-01-05 11:50:00,1,11.1,synthetic,False,0.0,0.0,2.903,0.0,1.0,0.0,0.0,0.1078,0.0,0.0,0.0,54.3,1.0,False,217.0,0.0,,44.75,0.483,11,2,0,False,False,False,False,8.6,False,False,train,exercise day,1
2000-01-05 11:55:00,1,11.4,synthetic,False,0.0,0.0,2.68,0.0,1.0,0.0,0.0,0.1078,0.0,0.0,0.0,,,True,235.0,0.0,,44.83,0.566,11,2,0,False,False,False,False,,False,False,train,exercise day,1
2000-01-05 12:00:00,1,11.2,synthetic,False,0.0,0.0,2.546,0.0,1.0,0.0,0.0,0.1078,0.0,0.0,0.0,60.2,2.0,False,222.0,0.0,,44.92,0.645,12,2,0,False,False,False,False,9.0,False,False,train,exercise day,1
2000-01-05 12:05:00,1,8.5,synthetic,False,0.0,0.0,2.412,0.0,1.0,0.0,0.0,0.1078,0.0,0.0,0.0,93.6,2.0,False,235.0,5.0,football,45.0,0.719,12,2,0,False,False,False,False,8.5,False,False,train,exercise day,1
2000-01-05 12:10:00,1,8.4,synthetic,False,0.0,0.0,2.278,0.0,1.0,0.0,0.0,0.1078,0.0,0.0,0.0,113.0,3.0,False,244.0,5.0,football,45.08,0.788,12,2,0,False,False,False,False,8.1,True,True,train,exercise day,1
2000-01-05 12:15:00,1,9.0,synthetic,False,0.0,0.0,2.144,1.0,0.0,0.0,0.0,0.0,0.0,0.0,0.0,96.6,1.0,False,282.0,5.0,football,45.17,0.853,12,2,0,False,False,False,False,,True,False,train,exercise day,1
2000-01-05 12:20:00,1,8.6,synthetic,False,0.0,0.0,2.01,1.0,0.0,0.0,0.0,0.0,0.0,0.0,0.0,101.6,2.0,False,246.0,5.0,football,45.25,0.809,12,2,0,False,False,False,False,8.1,True,True,train,exercise day,1
2000-01-05 12:25:00,1,,,False,0.0,0.0,1.876,1.0,0.0,0.0,0.0,0.0,0.0,0.0,0.0,104.7,4.0,False,247.0,5.0,football,45.33,0.764,12,2,0,False,False,False,True,7.8,False,False,train,exercise day,1
2000-01-05 12:30:00,1,9.0,synthetic,False,0.0,0.0,1.742,1.0,0.0,0.0,0.0,0.0,0.0,0.0,0.0,102.5,3.0,False,275.0,5.0,football,45.42,0.719,12,2,0,False,False,False,False,7.9,False,False,train,exercise day,1
2000-01-05 12:35:00,1,8.5,synthetic,False,0.0,0.0,1.608,1.0,0.0,0.0,0.0,0.0,0.0,0.0,0.0,112.3,3.0,False,237.0,5.0,football,45.5,0.674,12,2,0,False,False,False,False,8.4,False,False,train,exercise day,1
2000-01-05 12:40:00,1,8.1,synthetic,False,0.0,0.0,1.474,1.0,0.0,0.0,0.0,0.0,0.0,0.0,0.0,101.4,4.0,False,229.0,5.0,football,45.58,0.629,12,2,0,False,False,False,False,7.8,False,False,train,exercise day,1
2000-01-05 12:45:00,1,,,False,0.0,0.0,1.34,1.0,0.0,0.0,0.0,0.0,0.0,0.0,0.0,103.9,1.0,False,254.0,5.0,football,45.67,0.584,12,2,0,False,False,False,True,8.1,False,False,train,exercise day,1
2000-01-05 12:50:00,1,8.1,synthetic,False,0.0,0.0,1.206,1.0,0.0,0.0,0.0,0.0,0.0,0.0,0.0,103.4,4.0,False,257.0,5.0,football,45.75,0.539,12,2,0,False,False,False,False,8.6,False,False,train,exercise day,1
2000-01-05 12:55:00,1,7.8,synthetic,False,0.0,0.0,1.072,1.0,0.0,0.0,0.0,0.0,0.0,0.0,0.0,106.7,5.0,False,249.0,5.0,football,45.83,0.494,12,2,0,False,False,False,False,8.8,False,False,train,exercise day,1
2000-01-05 13:00:00,1,7.9,synthetic,False,0.0,0.0,0.938,1.0,0.0,0.0,0.0,0.0,0.0,0.0,0.0,113.8,5.0,False,248.0,5.0,football,45.92,0.449,13,2,0,False,False,False,False,8.5,False,False,train,exercise day,1
2000-01-05 13:05:00,1,8.4,synthetic,False,0.0,0.0,0.804,1.0,0.0,0.0,0.0,0.0,0.0,0.0,0.0,110.0,2.0,False,282.0,5.0,football,46.0,0.404,13,2,0,False,False,False,False,9.3,False,False,train,exercise day,1
2000-01-05 13:10:00,1,7.8,synthetic,False,0.0,0.0,0.67,1.0,0.0,0.0,0.0,0.0,0.0,0.0,0.0,114.6,2.0,False,269.0,5.0,football,46.08,0.359,13,2,0,False,False,False,False,9.5,False,False,train,exercise day,1
2000-01-05 13:15:00,1,8.1,synthetic,False,1.42,38.8,1.951,1.0,0.0,0.0,0.0,0.0,0.0,0.0,0.0,108.3,4.0,False,229.0,5.0,football,46.17,0.314,13,2,0,False,False,False,False,10.3,False,False,train,exercise day,1
2000-01-05 13:20:00,1,8.6,synthetic,False,0.0,0.0,1.758,1.0,0.0,0.0,0.0,0.0,0.0,0.0,0.0,103.7,2.0,False,216.0,5.0,football,46.25,0.27,13,2,0,False,False,False,False,10.1,False,False,train,exercise day,1
2000-01-05 13:25:00,1,8.8,synthetic,False,0.0,0.0,1.565,1.0,0.0,0.0,0.0,0.0,0.0,0.0,0.0,,,True,24.0,0.0,,0.0,0.225,13,2,0,False,False,False,False,10.5,False,False,train,exercise day,1
2000-01-05 13:30:00,1,8.5,synthetic,False,5.51,22.5,6.883,1.0,0.0,0.0,0.0,0.0,0.0,0.0,0.0,57.9,3.0,False,31.0,0.0,,0.08,0.182,13,2,0,False,False,False,False,10.9,False,False,train,exercise day,1
2000-01-05 13:35:00,1,9.3,synthetic,False,0.0,0.0,6.461,1.0,0.0,0.0,0.0,0.0,0.0,0.0,0.0,65.6,4.0,False,30.0,0.0,,0.17,0.144,13,2,0,False,False,False,False,11.1,False,False,train,exercise day,1
2000-01-05 13:40:00,1,9.5,synthetic,False,0.0,0.0,6.172,1.0,0.0,0.0,0.0,0.0,0.0,0.0,0.0,,,True,22.0,0.0,,0.25,0.11,13,2,0,False,False,False,False,11.4,False,False,train,exercise day,1
2000-01-05 13:45:00,1,10.3,synthetic,False,0.0,0.0,5.883,1.0,0.0,0.0,0.0,0.0,0.0,0.0,0.0,70.1,4.0,False,17.0,0.0,,0.33,0.081,13,2,0,False,False,False,False,11.7,True,True,train,exercise day,1
2000-01-05 13:50:00,1,10.1,synthetic,False,0.0,0.0,5.595,1.0,0.0,0.0,0.0,0.0,0.0,0.0,0.0,59.6,2.0,False,30.0,0.0,,0.42,0.056,13,2,0,False,False,False,False,12.2,True,True,train,exercise day,1
2000-01-05 13:55:00,1,10.5,synthetic,False,0.0,0.0,5.306,0.0,1.0,0.0,0.0,0.1078,0.0,0.0,0.0,59.1,5.0,False,20.0,0.0,,0.5,0.036,13,2,0,False,False,False,False,12.6,True,True,train,exercise day,1
2000-01-05 14:00:00,1,10.9,synthetic,False,0.0,0.0,5.018,0.0,1.0,0.0,0.0,0.1078,0.0,0.0,0.0,,,True,24.0,0.0,,0.58,0.126,14,2,0,False,False,False,False,12.5,True,True,train,exercise day,1
2000-01-05 14:05:00,1,11.1,synthetic,False,0.0,0.0,4.729,0.0,1.0,0.0,0.0,0.1078,0.0,0.0,0.0,52.7,4.0,False,25.0,0.0,,0.67,0.216,14,2,0,False,False,False,False,10.0,True,True,train,exercise day,1
2000-01-05 14:10:00,1,11.4,synthetic,False,0.0,0.0,4.44,0.0,1.0,0.0,0.0,0.1078,0.0,0.0,0.0,,,True,24.0,0.0,,0.75,0.305,14,2,0,False,False,False,False,9.9,True,True,train,exercise day,1
2000-01-05 14:15:00,1,11.7,synthetic,False,0.0,0.0,4.152,0.0,1.0,0.0,0.0,0.1078,0.0,0.0,0.0,,,True,199.0,0.0,,0.83,0.395,14,2,0,False,False,False,False,9.0,True,True,train,exercise day,1
2000-01-05 14:20:00,1,12.2,synthetic,False,0.0,0.0,3.863,0.0,1.0,0.0,0.0,0.1078,0.0,0.0,0.0,71.9,1.0,False,241.0,0.0,,0.92,0.483,14,2,0,False,False,False,False,8.2,True,True,train,exercise day,1
2000-01-05 14:25:00,1,12.6,synthetic,False,0.0,0.0,3.575,0.0,1.0,0.0,0.0,0.1078,0.0,0.0,0.0,,,True,200.0,0.0,,1.0,0.566,14,2,0,False,False,False,False,7.9,True,True,train,exercise day,1
2000-01-05 14:30:00,1,12.5,synthetic,False,0.0,0.0,3.286,0.0,1.0,0.0,0.0,0.1078,0.0,0.0,0.0,63.7,1.0,False,230.0,0.0,,1.08,0.645,14,2,0,False,False,False,False,7.3,True,True,train,exercise day,1
2000-01-05 14:35:00,1,10.0,synthetic,False,0.0,0.0,2.997,0.0,1.0,0.0,0.0,0.1078,0.0,0.0,0.0,105.5,4.0,False,246.0,5.0,gym,1.17,0.719,14,2,0,False,False,False,False,6.8,True,True,train,exercise day,1
2000-01-05 14:40:00,1,9.9,synthetic,False,0.0,0.0,2.709,0.0,1.0,0.0,0.0,0.1078,0.0,0.0,0.0,116.4,1.0,False,252.0,5.0,gym,1.25,0.788,14,2,0,False,False,False,False,7.0,True,True,train,exercise day,1
2000-01-05 14:45:00,1,9.0,synthetic,False,0.0,0.0,2.42,1.0,0.0,0.0,0.0,0.0,0.0,0.0,0.0,90.3,4.0,False,240.0,5.0,gym,1.33,0.853,14,2,0,False,False,False,False,6.9,True,True,train,exercise day,1
2000-01-05 14:50:00,1,8.2,synthetic,False,0.0,0.0,2.132,1.0,0.0,0.0,0.0,0.0,0.0,0.0,0.0,104.1,4.0,False,251.0,5.0,gym,1.42,0.809,14,2,0,False,False,False,False,6.3,True,True,train,exercise day,1
2000-01-05 14:55:00,1,7.9,synthetic,False,0.0,0.0,1.843,1.0,0.0,0.0,0.0,0.0,0.0,0.0,0.0,104.4,2.0,False,261.0,5.0,gym,1.5,0.764,14,2,0,False,False,False,False,,True,False,train,exercise day,1
2000-01-05 15:00:00,1,7.3,synthetic,False,0.0,0.0,1.555,1.0,0.0,0.0,0.0,0.0,0.0,0.0,0.0,115.2,3.0,False,265.0,5.0,gym,1.58,0.719,15,2,0,False,False,False,False,8.9,True,True,train,exercise day,1
2000-01-05 15:05:00,1,6.8,synthetic,False,0.0,0.0,1.266,1.0,0.0,0.0,0.0,0.0,0.0,0.0,0.0,109.5,3.0,False,232.0,5.0,gym,1.67,0.674,15,2,0,False,False,False,False,8.5,True,True,train,exercise day,1
2000-01-05 15:10:00,1,7.0,synthetic,False,0.0,0.0,0.977,1.0,0.0,0.0,0.0,0.0,0.0,0.0,0.0,113.9,2.0,False,242.0,5.0,gym,1.75,0.629,15,2,0,False,False,False,False,7.8,True,True,train,exercise day,1
2000-01-05 15:15:00,1,6.9,synthetic,False,0.0,0.0,0.689,1.0,0.0,0.0,0.0,0.0,0.0,0.0,0.0,98.3,5.0,False,260.0,5.0,gym,1.83,0.584,15,2,0,False,False,False,False,7.0,True,True,train,exercise day,1
2000-01-05 15:20:00,1,6.3,synthetic,False,0.0,0.0,0.459,1.0,0.0,0.0,0.0,0.0,0.0,0.0,0.0,96.3,4.0,False,218.0,5.0,gym,1.92,0.539,15,2,0,False,False,False,False,7.0,True,True,train,exercise day,1
2000-01-05 15:25:00,1,,,False,0.0,0.0,0.23,1.0,0.0,0.0,0.0,0.0,0.0,0.0,0.0,101.1,2.0,False,261.0,5.0,gym,2.0,0.494,15,2,0,False,False,False,True,7.5,False,False,train,exercise day,1
2000-01-05 15:30:00,1,8.9,synthetic,False,0.0,0.0,0.0,1.0,0.0,0.0,0.0,0.0,0.0,0.0,0.0,97.6,3.0,False,243.0,5.0,gym,2.08,0.449,15,2,0,False,False,False,False,7.8,False,False,train,exercise day,1
2000-01-05 15:35:00,1,8.5,synthetic,False,0.0,0.0,0.0,1.0,0.0,0.0,0.0,0.0,0.0,0.0,0.0,103.4,4.0,False,222.0,5.0,gym,2.17,0.404,15,2,0,False,False,False,False,8.1,False,False,train,exercise day,1
2000-01-05 15:40:00,1,7.8,synthetic,False,0.0,0.0,0.0,1.0,0.0,0.0,0.0,0.0,0.0,0.0,0.0,101.4,5.0,False,281.0,5.0,gym,2.25,0.359,15,2,0,False,False,False,False,8.9,False,False,train,exercise day,1
2000-01-05 15:45:00,1,7.0,synthetic,False,0.0,0.0,0.0,1.0,0.0,0.0,0.0,0.0,0.0,0.0,0.0,118.2,5.0,False,264.0,5.0,gym,2.33,0.314,15,2,0,False,False,False,False,9.0,False,False,train,exercise day,1
2000-01-05 15:50:00,1,7.0,synthetic,False,3.71,49.1,3.715,1.0,0.0,0.0,0.0,0.0,0.0,0.0,0.0,96.8,2.0,False,263.0,5.0,gym,2.42,0.27,15,2,0,False,False,False,False,9.1,False,False,train,exercise day,1
2000-01-05 15:55:00,1,7.5,synthetic,False,0.0,0.0,3.56,1.0,0.0,0.0,0.0,0.0,0.0,0.0,0.0,90.6,3.0,False,273.0,5.0,gym,2.5,0.225,15,2,0,False,False,False,False,10.0,False,False,train,exercise day,1
2000-01-05 16:00:00,1,7.8,synthetic,False,0.0,0.0,3.405,1.0,0.0,0.0,0.0,0.0,0.0,0.0,0.0,67.4,4.0,False,23.0,0.0,,0.0,0.182,16,2,0,False,False,False,False,10.2,False,False,train,exercise day,1
2000-01-05 16:05:00,1,8.1,synthetic,False,0.0,0.0,3.251,1.0,0.0,0.0,0.0,0.0,0.0,0.0,0.0,,,True,29.0,0.0,,0.08,0.144,16,2,0,False,False,False,False,10.6,False,False,train,exercise day,1
2000-01-05 16:10:00,1,8.9,synthetic,False,0.0,0.0,3.096,1.0,0.0,0.0,0.0,0.0,0.0,0.0,0.0,,,True,13.0,0.0,,0.17,0.11,16,2,0,False,False,False,False,,False,False,train,exercise day,1
2000-01-05 16:15:00,1,9.0,synthetic,False,0.0,0.0,2.941,1.0,0.0,0.0,0.0,0.0,0.0,0.0,0.0,,,True,23.0,0.0,,0.25,0.081,16,2,0,False,False,False,False,11.6,False,False,train,exercise day,1
2000-01-05 16:20:00,1,9.1,synthetic,False,0.0,0.0,2.786,1.0,0.0,0.0,0.0,0.0,0.0,0.0,0.0,,,True,14.0,0.0,,0.33,0.056,16,2,0,False,False,False,False,11.6,False,False,train,exercise day,1
2000-01-05 16:25:00,1,10.0,synthetic,False,0.0,0.0,2.631,1.0,0.0,0.0,0.0,0.0,0.0,0.0,0.0,,,True,21.0,0.0,,0.42,0.036,16,2,0,False,False,False,False,11.3,True,True,train,exercise day,1
2000-01-05 16:30:00,1,10.2,synthetic,False,0.0,0.0,2.477,0.0,1.0,0.0,0.0,0.1078,0.0,0.0,0.0,75.4,2.0,False,34.0,0.0,,0.5,0.02,16,2,0,False,False,False,False,11.5,True,True,train,exercise day,1
2000-01-05 16:35:00,1,10.6,synthetic,False,3.19,17.1,5.513,0.0,1.0,0.0,0.0,0.1078,0.0,0.0,0.0,51.3,5.0,False,24.0,0.0,,0.58,0.115,16,2,0,False,False,False,False,12.1,True,True,train,exercise day,1
2000-01-05 16:40:00,1,,,False,0.0,0.0,5.225,0.0,1.0,0.0,0.0,0.1078,0.0,0.0,0.0,,,True,23.0,0.0,,0.67,0.209,16,2,0,False,False,False,True,12.5,False,False,train,exercise day,1
2000-01-05 16:45:00,1,11.6,synthetic,False,0.0,0.0,4.938,0.0,1.0,0.0,0.0,0.1078,0.0,0.0,0.0,48.2,5.0,False,22.0,0.0,,0.75,0.303,16,2,0,False,False,False,False,12.3,False,False,train,exercise day,1
2000-01-05 16:50:00,1,11.6,synthetic,False,0.0,0.0,4.65,0.0,1.0,0.0,0.0,0.1078,0.0,0.0,0.0,,,True,25.0,0.0,,0.83,0.395,16,2,0,False,False,False,False,12.7,False,False,train,exercise day,1
2000-01-05 16:55:00,1,11.3,synthetic,False,0.0,0.0,4.362,0.0,1.0,0.0,0.0,0.1078,0.0,0.0,0.0,,,True,18.0,0.0,,0.92,0.483,16,2,0,False,False,False,False,12.7,False,False,train,exercise day,1
2000-01-05 17:00:00,1,11.5,synthetic,False,0.0,0.0,4.074,0.0,1.0,0.0,0.0,0.1078,0.0,0.0,0.0,52.6,3.0,False,32.0,0.0,,1.0,0.566,17,2,0,False,False,False,False,12.8,False,False,train,exercise day,1
2000-01-05 17:05:00,1,12.1,synthetic,False,0.0,0.0,3.787,0.0,1.0,0.0,0.0,0.1078,0.0,0.0,0.0,54.0,3.0,False,24.0,0.0,,1.08,0.645,17,2,0,False,False,False,False,12.4,False,False,train,exercise day,1
2000-01-05 17:10:00,1,12.5,synthetic,False,0.0,0.0,3.499,0.0,1.0,0.0,0.0,0.1078,0.0,0.0,0.0,,,True,22.0,0.0,,1.17,0.719,17,2,0,False,False,False,False,11.6,False,False,train,exercise day,1
2000-01-05 17:15:00,1,12.3,synthetic,False,0.0,0.0,3.211,0.0,1.0,0.0,0.0,0.1078,0.0,0.0,0.0,,,True,19.0,0.0,,1.25,0.788,17,2,0,False,False,False,False,10.9,False,False,train,exercise day,1
2000-01-05 17:20:00,1,12.7,synthetic,False,0.0,0.0,2.923,0.0,1.0,0.0,0.0,0.1078,0.0,0.0,0.0,55.6,3.0,False,33.0,0.0,,1.33,0.853,17,2,0,False,False,False,False,10.6,False,False,train,exercise day,1
2000-01-05 17:25:00,1,12.7,synthetic,False,0.0,0.0,2.636,0.0,1.0,0.0,0.0,0.1078,0.0,0.0,0.0,65.9,2.0,False,27.0,0.0,,1.42,0.914,17,2,0,False,False,False,False,10.4,False,False,train,exercise day,1
2000-01-05 17:30:00,1,12.8,synthetic,False,0.0,0.0,2.348,0.0,1.0,0.0,0.0,0.1078,0.0,0.0,0.0,51.8,3.0,False,16.0,0.0,,1.5,0.97,17,2,0,False,False,False,False,9.4,False,False,train,exercise day,1
2000-01-05 17:35:00,1,12.4,synthetic,False,5.43,7.0,7.487,0.0,1.0,0.0,0.0,0.1078,0.0,0.0,0.0,,,True,27.0,0.0,,1.58,1.022,17,2,0,False,False,False,False,9.2,False,False,train,exercise day,1
2000-01-05 17:40:00,1,11.6,synthetic,False,0.0,0.0,6.973,0.0,1.0,0.0,0.0,0.1078,0.0,0.0,0.0,,,True,233.0,0.0,,1.67,1.069,17,2,0,False,False,False,False,8.6,True,True,train,exercise day,1
2000-01-05 17:45:00,1,10.9,synthetic,False,0.0,0.0,6.46,0.0,1.0,0.0,0.0,0.1078,0.0,0.0,0.0,69.8,4.0,False,226.0,0.0,,1.75,1.112,17,2,0,False,False,False,False,9.1,True,True,train,exercise day,1
2000-01-05 17:50:00,1,10.6,synthetic,False,0.0,0.0,5.946,0.0,1.0,0.0,0.0,0.1078,0.0,0.0,0.0,,,True,211.0,0.0,,1.83,1.15,17,2,0,False,False,False,False,8.2,True,True,train,exercise day,1
2000-01-05 17:55:00,1,10.4,synthetic,False,0.0,0.0,5.587,0.0,1.0,0.0,0.0,0.1078,0.0,0.0,0.0,60.1,2.0,False,219.0,0.0,,1.92,1.184,17,2,0,False,False,False,False,8.2,True,True,train,exercise day,1
2000-01-05 18:00:00,1,9.4,synthetic,False,0.0,0.0,5.227,0.0,1.0,0.0,0.0,0.1078,0.0,0.0,0.0,116.2,3.0,False,225.0,5.0,cricket,2.0,1.213,18,2,0,False,False,False,False,8.6,True,True,train,exercise day,1
2000-01-05 18:05:00,1,9.2,synthetic,False,0.0,0.0,4.868,0.0,1.0,0.0,0.0,0.1078,0.0,0.0,0.0,116.9,2.0,False,253.0,5.0,cricket,2.08,1.237,18,2,0,False,False,False,False,7.6,True,True,train,exercise day,1
2000-01-05 18:10:00,1,8.6,synthetic,False,0.0,0.0,4.509,1.0,0.0,0.0,0.0,0.0,0.0,0.0,0.0,107.7,2.0,False,235.0,5.0,cricket,2.17,1.258,18,2,0,False,False,False,False,7.8,True,True,train,exercise day,1
2000-01-05 18:15:00,1,9.1,synthetic,False,0.0,0.0,4.15,1.0,0.0,0.0,0.0,0.0,0.0,0.0,0.0,109.9,4.0,False,256.0,5.0,cricket,2.25,1.168,18,2,0,False,False,False,False,7.0,True,True,train,exercise day,1
2000-01-05 18:20:00,1,8.2,synthetic,False,0.0,0.0,3.791,1.0,0.0,0.0,0.0,0.0,0.0,0.0,0.0,120.4,4.0,False,255.0,5.0,cricket,2.33,1.078,18,2,0,False,False,False,False,7.5,True,True,train,exercise day,1
2000-01-05 18:25:00,1,8.2,synthetic,False,0.0,0.0,3.432,1.0,0.0,0.0,0.0,0.0,0.0,0.0,0.0,100.7,2.0,False,264.0,5.0,cricket,2.42,0.988,18,2,0,False,False,False,False,8.0,True,True,train,exercise day,1
2000-01-05 18:30:00,1,8.6,synthetic,False,0.0,0.0,3.073,1.0,0.0,0.0,0.0,0.0,0.0,0.0,0.0,99.4,2.0,False,280.0,5.0,cricket,2.5,0.898,18,2,0,False,False,False,False,8.7,True,True,train,exercise day,1
2000-01-05 18:35:00,1,7.6,synthetic,False,4.28,48.2,6.991,1.0,0.0,0.0,0.0,0.0,0.0,0.0,0.0,103.7,4.0,False,273.0,5.0,cricket,2.58,0.811,18,2,0,False,False,False,False,8.6,True,True,train,exercise day,1
2000-01-05 18:40:00,1,7.8,synthetic,False,0.0,0.0,6.586,1.0,0.0,0.0,0.0,0.0,0.0,0.0,0.0,100.1,2.0,False,267.0,5.0,cricket,2.67,0.728,18,2,0,False,False,False,False,8.6,True,True,train,exercise day,1
2000-01-05 18:45:00,1,7.0,synthetic,False,0.0,0.0,6.182,1.0,0.0,0.0,0.0,0.0,0.0,0.0,0.0,99.0,2.0,False,237.0,5.0,cricket,2.75,0.649,18,2,0,False,False,False,False,8.2,True,True,train,exercise day,1
2000-01-05 18:50:00,1,7.5,synthetic,False,0.0,0.0,5.778,1.0,0.0,0.0,0.0,0.0,0.0,0.0,0.0,102.4,1.0,False,270.0,5.0,cricket,2.83,0.575,18,2,0,False,False,False,False,8.4,True,True,train,exercise day,1
2000-01-05 18:55:00,1,8.0,synthetic,False,0.0,0.0,5.373,1.0,0.0,0.0,0.0,0.0,0.0,0.0,0.0,104.4,3.0,False,277.0,5.0,cricket,2.92,0.505,18,2,0,False,False,False,False,8.7,True,True,train,exercise day,1
2000-01-05 19:00:00,1,8.7,synthetic,False,0.0,0.0,4.969,1.0,0.0,0.0,0.0,0.0,0.0,0.0,0.0,101.6,4.0,False,225.0,5.0,cricket,3.0,0.44,19,2,0,False,False,False,False,9.0,True,True,train,exercise day,1
2000-01-05 19:05:00,1,8.6,synthetic,False,0.0,0.0,4.565,1.0,0.0,0.0,0.0,0.0,0.0,0.0,0.0,98.5,5.0,False,278.0,5.0,cricket,3.08,0.38,19,2,0,False,False,False,False,9.8,True,True,train,exercise day,1
2000-01-05 19:10:00,1,8.6,synthetic,False,0.0,0.0,4.16,1.0,0.0,0.0,0.0,0.0,0.0,0.0,0.0,109.3,1.0,False,249.0,5.0,cricket,3.17,0.323,19,2,0,False,False,False,False,9.2,True,True,train,exercise day,1
2000-01-05 19:15:00,1,8.2,synthetic,False,0.0,0.0,3.756,1.0,0.0,0.0,0.0,0.0,0.0,0.0,0.0,96.9,2.0,False,233.0,5.0,cricket,3.25,0.272,19,2,0,False,False,False,False,,True,False,train,exercise day,1
2000-01-05 19:20:00,1,8.4,synthetic,False,0.0,0.0,3.351,1.0,0.0,0.0,0.0,0.0,0.0,0.0,0.0,101.7,2.0,False,250.0,5.0,cricket,3.33,0.225,19,2,0,False,False,False,False,9.2,True,True,train,exercise day,1
2000-01-05 19:25:00,1,8.7,synthetic,False,0.0,0.0,2.947,1.0,0.0,0.0,0.0,0.0,0.0,0.0,0.0,97.7,4.0,False,244.0,5.0,cricket,3.42,0.182,19,2,0,False,False,False,False,9.2,True,True,train,exercise day,1
2000-01-05 19:30:00,1,9.0,synthetic,False,0.0,0.0,2.543,1.0,0.0,0.0,0.0,0.0,0.0,0.0,0.0,100.2,1.0,False,237.0,5.0,cricket,3.5,0.144,19,2,0,False,False,False,False,8.4,True,True,train,exercise day,1
2000-01-05 19:35:00,1,9.8,synthetic,False,0.0,0.0,2.138,1.0,0.0,0.0,0.0,0.0,0.0,0.0,0.0,105.1,5.0,False,267.0,5.0,cricket,3.58,0.11,19,2,0,False,False,False,False,8.0,True,True,train,exercise day,1
2000-01-05 19:40:00,1,9.2,synthetic,False,0.0,0.0,1.96,1.0,0.0,0.0,0.0,0.0,0.0,0.0,0.0,108.8,3.0,False,266.0,5.0,cricket,3.67,0.081,19,2,0,False,False,False,False,7.5,True,True,train,exercise day,1
2000-01-05 19:45:00,1,,,False,0.0,0.0,1.782,1.0,0.0,0.0,0.0,0.0,0.0,0.0,0.0,108.5,4.0,False,248.0,5.0,cricket,3.75,0.056,19,2,0,False,False,False,True,6.8,False,False,train,exercise day,1
2000-01-05 19:50:00,1,9.2,synthetic,False,0.0,0.0,1.604,1.0,0.0,0.0,0.0,0.0,0.0,0.0,0.0,109.6,3.0,False,226.0,5.0,cricket,3.83,0.036,19,2,0,False,False,False,False,6.9,False,False,train,exercise day,1
2000-01-05 19:55:00,1,9.2,synthetic,False,0.0,0.0,1.426,1.0,0.0,0.0,0.0,0.0,0.0,0.0,0.0,105.4,5.0,False,241.0,5.0,cricket,3.92,0.02,19,2,0,False,False,False,False,6.6,False,False,train,exercise day,1
2000-01-05 20:00:00,1,8.4,synthetic,False,0.0,0.0,1.247,1.0,0.0,0.0,0.0,0.0,0.0,0.0,0.0,66.3,5.0,False,25.0,0.0,,0.0,0.009,20,2,0,False,False,False,False,6.5,False,False,train,exercise day,1
2000-01-05 20:05:00,1,8.0,synthetic,False,0.0,0.0,1.069,1.0,0.0,0.0,0.0,0.0,0.0,0.0,0.0,78.7,3.0,False,33.0,0.0,,0.08,0.002,20,2,0,False,False,False,False,6.5,False,False,train,exercise day,1
2000-01-05 20:10:00,1,7.5,synthetic,False,0.0,0.0,0.891,1.0,0.0,0.0,0.0,0.0,0.0,0.0,0.0,,,True,28.0,0.0,,0.17,0.0,20,2,0,False,False,False,False,5.8,False,False,train,exercise day,1
2000-01-05 20:15:00,1,6.8,synthetic,False,0.0,0.0,0.713,1.0,0.0,0.0,0.0,0.0,0.0,0.0,0.0,72.6,3.0,False,26.0,0.0,,0.25,0.0,20,2,0,False,False,False,False,5.6,False,False,train,exercise day,1
2000-01-05 20:20:00,1,6.9,synthetic,False,0.0,0.0,0.535,1.0,0.0,0.0,0.0,0.0,0.0,0.0,0.0,,,True,21.0,0.0,,0.33,0.0,20,2,0,False,False,False,False,4.7,False,False,train,exercise day,1
2000-01-05 20:25:00,1,6.6,synthetic,False,0.0,0.0,0.356,1.0,0.0,0.0,0.0,0.0,0.0,0.0,0.0,60.6,4.0,False,21.0,0.0,,0.42,0.0,20,2,0,False,False,False,False,4.2,False,False,train,exercise day,1
2000-01-05 20:30:00,1,6.5,synthetic,False,0.0,0.0,0.178,0.0,1.0,0.0,0.0,0.1078,0.0,0.0,0.0,,,True,26.0,0.0,,0.5,0.0,20,2,0,False,False,False,False,3.5,False,False,train,exercise day,1
2000-01-05 20:35:00,1,6.5,synthetic,False,0.0,0.0,0.0,0.0,1.0,0.0,0.0,0.1078,0.0,0.0,0.0,,,True,18.0,0.0,,0.58,0.106,20,2,0,False,False,False,False,2.9,False,False,train,exercise day,1
2000-01-05 20:40:00,1,5.8,synthetic,False,0.0,0.0,0.0,0.0,1.0,0.0,0.0,0.1078,0.0,0.0,0.0,67.4,4.0,False,24.0,0.0,,0.67,0.207,20,2,0,False,False,False,False,2.9,False,False,train,exercise day,1
2000-01-05 20:45:00,1,5.6,synthetic,False,0.0,0.0,0.0,0.0,1.0,0.0,0.0,0.1078,0.0,0.0,0.0,,,True,29.0,0.0,,0.75,0.303,20,2,0,False,False,False,False,2.6,True,True,train,exercise day,1
2000-01-05 20:50:00,1,4.7,synthetic,False,0.0,0.0,0.0,0.0,1.0,0.0,0.0,0.1078,0.0,0.0,0.0,,,True,23.0,0.0,,0.83,0.395,20,2,0,False,False,False,False,2.5,True,True,train,exercise day,1
2000-01-05 20:55:00,1,4.2,synthetic,False,0.0,0.0,0.0,0.0,1.0,0.0,0.0,0.1078,0.0,0.0,0.0,64.9,4.0,False,32.0,0.0,,0.92,0.483,20,2,0,False,False,False,False,2.6,True,True,train,exercise day,1
2000-01-05 21:00:00,1,3.5,synthetic,False,0.0,0.0,0.0,0.0,1.0,0.0,0.0,0.1078,0.0,0.0,0.0,55.3,2.0,False,25.0,0.0,,1.0,0.566,21,2,0,False,False,False,False,2.7,True,True,train,exercise day,1
2000-01-05 21:05:00,1,2.9,synthetic,False,0.0,0.0,0.0,0.0,1.0,0.0,0.0,0.1078,0.0,0.0,0.0,53.1,2.0,False,24.0,0.0,,1.08,0.645,21,2,0,False,False,False,False,2.5,True,True,train,exercise day,1
2000-01-05 21:10:00,1,2.9,synthetic,False,0.0,0.0,0.0,0.0,1.0,0.0,0.0,0.1078,0.0,0.0,0.0,,,True,20.0,0.0,,1.17,0.719,21,2,0,False,False,False,False,2.9,True,True,train,exercise day,1
2000-01-05 21:15:00,1,2.6,synthetic,False,0.0,0.0,0.0,0.0,0.0,1.0,0.0,0.0833,0.0,0.0,0.0,,,True,24.0,0.0,,1.25,0.788,21,2,0,False,False,False,False,2.8,True,True,train,exercise day,1
2000-01-05 21:20:00,1,2.5,synthetic,False,0.0,0.0,0.0,0.0,1.0,0.0,0.0,0.1078,0.0,0.0,0.0,50.1,2.0,False,31.0,0.0,,1.33,0.829,21,2,0,False,False,False,False,3.0,True,True,train,exercise day,1
2000-01-05 21:25:00,1,2.6,synthetic,False,0.0,0.0,0.0,0.0,1.0,0.0,0.0,0.1078,0.0,0.0,0.0,74.7,1.0,False,22.0,0.0,,1.42,0.891,21,2,0,False,False,False,False,3.4,True,True,train,exercise day,1
2000-01-05 21:30:00,1,2.7,synthetic,False,0.0,0.0,0.0,0.0,1.0,0.0,0.0,0.1078,0.0,0.0,0.0,54.8,3.0,False,18.0,0.0,,1.5,0.948,21,2,0,False,False,False,False,6.6,True,True,train,exercise day,1
2000-01-05 21:35:00,1,2.5,synthetic,False,0.0,0.0,0.0,0.0,1.0,0.0,0.0,0.1078,0.0,0.0,0.0,84.4,4.0,False,14.0,0.0,,1.58,1.001,21,2,0,False,False,False,False,7.4,True,True,train,exercise day,1
2000-01-05 21:40:00,1,2.9,synthetic,False,0.0,0.0,0.0,0.0,1.0,0.0,0.0,0.1078,0.0,0.0,0.0,54.9,3.0,False,26.0,0.0,,1.67,1.049,21,2,0,False,False,False,False,7.3,True,True,train,exercise day,1
2000-01-05 21:45:00,1,2.8,synthetic,False,0.0,0.0,0.0,0.0,1.0,0.0,0.0,0.1078,0.0,0.0,0.0,55.6,3.0,False,18.0,0.0,,1.75,1.093,21,2,0,False,False,False,False,7.5,True,True,train,exercise day,1
2000-01-05 21:50:00,1,3.0,synthetic,False,0.0,0.0,0.0,0.0,1.0,0.0,0.0,0.1078,0.0,0.0,0.0,,,True,30.0,0.0,,1.83,1.132,21,2,0,False,False,False,False,7.6,True,True,train,exercise day,1
2000-01-05 21:55:00,1,3.4,synthetic,False,0.0,0.0,0.0,0.0,1.0,0.0,0.0,0.1078,0.0,0.0,0.0,57.6,5.0,False,15.0,0.0,,1.92,1.167,21,2,0,False,False,False,False,7.4,True,True,train,exercise day,1
2000-01-05 22:00:00,1,6.6,synthetic,False,0.0,0.0,0.0,0.0,1.0,0.0,0.0,0.1078,0.0,0.0,0.0,53.5,1.0,False,25.0,0.0,,2.0,1.197,22,2,0,False,False,False,False,7.3,True,True,train,exercise day,1
2000-01-05 22:05:00,1,7.4,synthetic,False,0.0,0.0,0.0,0.0,1.0,0.0,0.0,0.1078,0.0,0.0,0.0,50.7,4.0,False,21.0,0.0,,2.08,1.223,22,2,0,False,False,False,False,7.9,True,True,train,exercise day,1
2000-01-05 22:10:00,1,7.3,synthetic,False,0.0,0.0,0.0,0.0,1.0,0.0,0.0,0.1078,0.0,0.0,0.0,64.9,4.0,False,19.0,0.0,,2.17,1.244,22,2,0,False,False,False,False,7.8,True,True,train,exercise day,1
2000-01-05 22:15:00,1,7.5,synthetic,False,0.0,0.0,0.0,0.0,1.0,0.0,0.0,0.1078,0.0,0.0,0.0,63.9,5.0,False,20.0,0.0,,2.25,1.261,22,2,0,False,False,False,False,7.7,True,True,train,exercise day,1
2000-01-05 22:20:00,1,7.6,synthetic,False,0.0,0.0,0.0,1.0,0.0,0.0,0.0,0.0,0.0,0.0,0.0,54.5,2.0,False,21.0,0.0,,2.33,1.273,22,2,0,False,False,False,False,,True,False,train,exercise day,1
2000-01-05 22:25:00,1,7.4,synthetic,False,0.0,0.0,0.0,1.0,0.0,0.0,0.0,0.0,0.0,0.0,0.0,51.6,3.0,False,24.0,0.0,,2.42,1.175,22,2,0,False,False,False,False,,True,False,train,exercise day,1
2000-01-05 22:30:00,1,7.3,synthetic,False,0.0,0.0,0.0,1.0,0.0,0.0,0.0,0.0,0.0,0.0,0.0,,,True,22.0,0.0,,2.5,1.077,22,2,0,False,False,False,False,7.8,True,True,train,exercise day,1
2000-01-05 22:35:00,1,7.9,synthetic,False,0.0,0.0,0.0,1.0,0.0,0.0,0.0,0.0,0.0,0.0,0.0,,,True,25.0,0.0,,2.58,0.982,22,2,0,False,False,False,False,7.6,True,True,train,exercise day,1
2000-01-05 22:40:00,1,7.8,synthetic,False,0.0,0.0,0.0,1.0,0.0,0.0,0.0,0.0,0.0,0.0,0.0,71.8,5.0,False,24.0,0.0,,2.67,0.891,22,2,0,False,False,False,False,7.4,True,True,train,exercise day,1
2000-01-05 22:45:00,1,7.7,synthetic,False,0.0,0.0,0.0,1.0,0.0,0.0,0.0,0.0,0.0,0.0,0.0,,,True,26.0,0.0,,2.75,0.804,22,2,0,False,False,False,False,,True,False,train,exercise day,1
2000-01-05 22:50:00,1,,,False,0.0,0.0,0.0,1.0,0.0,0.0,0.0,0.0,0.0,0.0,0.0,57.9,1.0,False,28.0,0.0,,2.83,0.722,22,2,0,False,False,False,True,8.1,False,False,train,exercise day,1
2000-01-05 22:55:00,1,,,False,0.0,0.0,0.0,1.0,0.0,0.0,0.0,0.0,0.0,0.0,0.0,,,True,24.0,0.0,,2.92,0.644,22,2,0,False,False,False,True,8.7,False,False,train,exercise day,1
2000-01-05 23:00:00,1,7.8,synthetic,False,0.0,0.0,0.0,1.0,0.0,0.0,0.0,0.0,0.0,0.0,0.0,64.4,4.0,False,1.0,0.0,,3.0,0.571,23,2,0,False,False,False,False,8.5,False,False,train,exercise day,1
2000-01-05 23:05:00,1,7.6,synthetic,False,0.0,0.0,0.0,1.0,0.0,0.0,0.0,0.0,0.0,0.0,0.0,,,True,5.0,0.0,,3.08,0.503,23,2,0,False,False,False,False,8.3,False,False,train,exercise day,1
2000-01-05 23:10:00,1,7.4,synthetic,False,0.0,0.0,0.0,1.0,0.0,0.0,0.0,0.0,0.0,0.0,0.0,,,True,3.0,0.0,,3.17,0.439,23,2,0,False,False,False,False,8.3,False,False,train,exercise day,1
2000-01-05 23:15:00,1,,,False,0.0,0.0,0.0,0.0,1.0,0.0,0.0,0.1078,0.0,0.0,0.0,,,True,1.0,0.0,,3.25,0.379,23,2,0,False,False,False,True,8.3,False,False,train,exercise day,1
2000-01-05 23:20:00,1,8.1,synthetic,False,0.0,0.0,0.0,0.0,1.0,0.0,0.0,0.1078,0.0,0.0,0.0,53.2,5.0,False,1.0,0.0,,3.33,0.429,23,2,0,False,False,False,False,8.8,False,False,train,exercise day,1
2000-01-05 23:25:00,1,8.7,synthetic,False,0.0,0.0,0.0,0.0,1.0,0.0,0.0,0.1078,0.0,0.0,0.0,,,True,1.0,0.0,,3.42,0.478,23,2,0,False,False,False,False,8.7,False,False,train,exercise day,1
2000-01-05 23:30:00,1,8.5,synthetic,False,0.0,0.0,0.0,0.0,1.0,0.0,0.0,0.1078,0.0,0.0,0.0,50.6,1.0,False,0.0,0.0,,3.5,0.528,23,2,0,False,False,False,False,8.9,False,False,train,exercise day,1
2000-01-05 23:35:00,1,8.3,synthetic,False,0.0,0.0,0.0,0.0,1.0,0.0,0.0,0.1078,0.0,0.0,0.0,56.5,2.0,False,3.0,0.0,,3.58,0.577,23,2,0,False,False,False,False,9.2,False,False,train,exercise day,1
2000-01-05 23:40:00,1,8.3,synthetic,False,0.0,0.0,0.0,0.0,1.0,0.0,0.0,0.1078,0.0,0.0,0.0,60.4,3.0,False,0.0,0.0,,3.67,0.627,23,2,0,False,False,False,False,9.3,False,False,train,exercise day,1
2000-01-05 23:45:00,1,8.3,synthetic,False,0.0,0.0,0.0,0.0,1.0,0.0,0.0,0.1078,0.0,0.0,0.0,,,True,1.0,0.0,,3.75,0.676,23,2,0,False,False,False,False,10.1,False,False,train,exercise day,1
2000-01-05 23:50:00,1,8.8,synthetic,False,0.0,0.0,0.0,0.0,1.0,0.0,0.0,0.1078,0.0,0.0,0.0,,,True,2.0,0.0,,3.83,0.725,23,2,0,False,False,False,False,9.9,False,False,train,exercise day,1
2000-01-05 23:55:00,1,8.7,synthetic,False,0.0,0.0,0.0,0.0,1.0,0.0,0.0,0.1078,0.0,0.0,0.0,53.9,2.0,False,1.0,0.0,,3.92,0.775,23,2,0,False,False,False,False,9.8,False,False,train,exercise day,1
2000-01-06 00:00:00,1,8.9,synthetic,False,0.0,0.0,0.0,0.0,1.0,0.0,0.0,0.1078,0.0,0.0,0.0,75.4,1.0,False,0.0,0.0,,4.0,0.824,0,3,0,False,False,False,False,9.7,False,False,train,exercise day,1
2000-01-06 00:05:00,1,9.2,synthetic,False,0.0,0.0,0.0,0.0,1.0,0.0,0.0,0.1078,0.0,0.0,0.0,,,True,1.0,0.0,,4.08,0.874,0,3,0,False,False,False,False,9.5,False,False,train,exercise day,1
2000-01-06 00:10:00,1,9.3,synthetic,False,0.0,0.0,0.0,0.0,1.0,0.0,0.0,0.1078,0.0,0.0,0.0,60.3,3.0,False,1.0,0.0,,4.17,0.923,0,3,0,False,False,False,False,9.9,False,False,train,exercise day,1
2000-01-06 00:15:00,1,10.1,synthetic,False,0.0,0.0,0.0,0.0,1.0,0.0,0.0,0.1078,0.0,0.0,0.0,64.2,2.0,False,3.0,0.0,,4.25,0.972,0,3,0,False,False,False,False,10.0,True,True,train,exercise day,1
2000-01-06 00:20:00,1,9.9,synthetic,False,0.0,0.0,0.0,0.0,1.0,0.0,0.0,0.1078,0.0,0.0,0.0,,,True,5.0,0.0,,4.33,1.022,0,3,0,False,False,False,False,10.0,True,True,train,exercise day,1
2000-01-06 00:25:00,1,9.8,synthetic,False,0.0,0.0,0.0,0.0,1.0,0.0,0.0,0.1078,0.0,0.0,0.0,69.7,2.0,False,1.0,0.0,,4.42,1.069,0,3,0,False,False,False,False,9.8,True,True,train,exercise day,1
2000-01-06 00:30:00,1,9.7,synthetic,False,0.0,0.0,0.0,0.0,1.0,0.0,0.0,0.1078,0.0,0.0,0.0,58.1,2.0,False,1.0,0.0,,4.5,1.112,0,3,0,False,False,False,False,9.5,True,True,train,exercise day,1
2000-01-06 00:35:00,1,9.5,synthetic,False,0.0,0.0,0.0,0.0,1.0,0.0,0.0,0.1078,0.0,0.0,0.0,73.6,5.0,False,1.0,0.0,,4.58,1.15,0,3,0,False,False,False,False,9.4,True,True,train,exercise day,1
2000-01-06 00:40:00,1,9.9,synthetic,False,0.0,0.0,0.0,0.0,1.0,0.0,0.0,0.1078,0.0,0.0,0.0,69.6,4.0,False,3.0,0.0,,4.67,1.184,0,3,0,False,False,False,False,9.5,True,True,train,exercise day,1
2000-01-06 00:45:00,1,10.0,synthetic,False,0.0,0.0,0.0,0.0,1.0,0.0,0.0,0.1078,0.0,0.0,0.0,,,True,1.0,0.0,,4.75,1.213,0,3,0,False,False,False,False,9.4,True,True,train,exercise day,1
2000-01-06 00:50:00,1,10.0,synthetic,False,0.0,0.0,0.0,0.0,1.0,0.0,0.0,0.1078,0.0,0.0,0.0,51.7,2.0,False,0.0,0.0,,4.83,1.237,0,3,0,False,False,False,False,8.9,True,True,train,exercise day,1
2000-01-06 00:55:00,1,9.8,synthetic,False,0.0,0.0,0.0,0.0,1.0,0.0,0.0,0.1078,0.0,0.0,0.0,56.6,1.0,False,2.0,0.0,,4.92,1.258,0,3,0,False,False,False,False,8.7,True,True,train,exercise day,1
2000-01-06 01:00:00,1,9.5,synthetic,False,0.0,0.0,0.0,0.0,1.0,0.0,0.0,0.1078,0.0,0.0,0.0,,,True,0.0,0.0,,5.0,1.273,1,3,0,False,False,False,False,8.4,True,True,train,exercise day,1
2000-01-06 01:05:00,1,9.4,synthetic,False,0.0,0.0,0.0,0.0,1.0,0.0,0.0,0.1078,0.0,0.0,0.0,59.3,2.0,False,0.0,0.0,,5.08,1.285,1,3,0,False,False,False,False,,True,False,train,exercise day,1
2000-01-06 01:10:00,1,9.5,synthetic,False,0.0,0.0,0.0,0.0,1.0,0.0,0.0,0.1078,0.0,0.0,0.0,53.5,5.0,False,1.0,0.0,,5.17,1.291,1,3,0,False,False,False,False,7.9,True,True,train,exercise day,1
2000-01-06 01:15:00,1,9.4,synthetic,False,0.0,0.0,0.0,0.0,1.0,0.0,0.0,0.1078,0.0,0.0,0.0,,,True,1.0,0.0,,5.25,1.294,1,3,0,False,False,False,False,7.7,True,True,train,exercise day,1
2000-01-06 01:20:00,1,8.9,synthetic,False,0.0,0.0,0.0,1.0,0.0,0.0,0.0,0.0,0.0,0.0,0.0,,,True,0.0,0.0,,5.33,1.294,1,3,0,False,False,False,False,7.8,True,True,train,exercise day,1
2000-01-06 01:25:00,1,8.7,synthetic,False,0.0,0.0,0.0,1.0,0.0,0.0,0.0,0.0,0.0,0.0,0.0,,,True,0.0,0.0,,5.42,1.188,1,3,0,False,False,False,False,7.8,True,True,train,exercise day,1
2000-01-06 01:30:00,1,8.4,synthetic,False,0.0,0.0,0.0,1.0,0.0,0.0,0.0,0.0,0.0,0.0,0.0,56.4,5.0,False,0.0,0.0,,5.5,1.087,1,3,0,False,False,False,False,7.6,True,True,train,exercise day,1
2000-01-06 01:35:00,1,,,False,0.0,0.0,0.0,1.0,0.0,0.0,0.0,0.0,0.0,0.0,0.0,47.7,3.0,False,0.0,0.0,,5.58,0.99,1,3,0,False,False,False,True,7.5,False,False,train,exercise day,1
2000-01-06 01:40:00,1,7.9,synthetic,False,0.0,0.0,0.0,1.0,0.0,0.0,0.0,0.0,0.0,0.0,0.0,,,True,0.0,0.0,,5.67,0.898,1,3,0,False,False,False,False,7.6,False,False,train,exercise day,1
2000-01-06 01:45:00,1,7.7,synthetic,False,0.0,0.0,0.0,1.0,0.0,0.0,0.0,0.0,0.0,0.0,0.0,,,True,1.0,0.0,,5.75,0.811,1,3,0,False,False,False,False,,False,False,train,exercise day,1
2000-01-06 01:50:00,1,7.8,synthetic,False,0.0,0.0,0.0,1.0,0.0,0.0,0.0,0.0,0.0,0.0,0.0,62.8,5.0,False,0.0,0.0,,5.83,0.728,1,3,0,False,False,False,False,7.9,False,False,train,exercise day,1
2000-01-06 01:55:00,1,7.8,synthetic,False,0.0,0.0,0.0,1.0,0.0,0.0,0.0,0.0,0.0,0.0,0.0,73.2,3.0,False,2.0,0.0,,5.92,0.649,1,3,0,False,False,False,False,8.1,False,False,train,exercise day,1
2000-01-06 02:00:00,1,7.6,synthetic,False,0.0,0.0,0.0,1.0,0.0,0.0,0.0,0.0,0.0,0.0,0.0,,,True,3.0,0.0,,6.0,0.575,2,3,0,False,False,False,False,7.6,False,False,train,exercise day,1
2000-01-06 02:05:00,1,7.5,synthetic,False,0.0,0.0,0.0,1.0,0.0,0.0,0.0,0.0,0.0,0.0,0.0,54.3,2.0,False,1.0,0.0,,6.08,0.505,2,3,0,False,False,False,False,7.5,False,False,train,exercise day,1
2000-01-06 02:10:00,1,7.6,synthetic,False,0.0,0.0,0.0,1.0,0.0,0.0,0.0,0.0,0.0,0.0,0.0,52.4,3.0,False,0.0,0.0,,6.17,0.44,2,3,0,False,False,False,False,7.5,False,False,train,exercise day,1
2000-01-06 02:15:00,1,,,False,0.0,0.0,0.0,0.0,1.0,0.0,0.0,0.1078,0.0,0.0,0.0,,,True,2.0,0.0,,6.25,0.38,2,3,0,False,False,False,True,7.8,False,False,train,exercise day,1
2000-01-06 02:20:00,1,7.9,synthetic,False,0.0,0.0,0.0,0.0,1.0,0.0,0.0,0.1078,0.0,0.0,0.0,,,True,1.0,0.0,,6.33,0.429,2,3,0,False,False,False,False,7.6,False,False,train,exercise day,1
2000-01-06 02:25:00,1,8.1,synthetic,False,0.0,0.0,0.0,0.0,0.0,1.0,0.0,0.0833,0.0,0.0,0.0,60.1,3.0,False,1.0,0.0,,6.42,0.478,2,3,0,False,False,False,False,7.6,False,False,train,exercise day,1
2000-01-06 02:30:00,1,7.6,synthetic,False,0.0,0.0,0.0,0.0,1.0,0.0,0.0,0.1078,0.0,0.0,0.0,69.6,5.0,False,1.0,0.0,,6.5,0.504,2,3,0,False,False,False,False,8.0,False,False,train,exercise day,1
2000-01-06 02:35:00,1,7.5,synthetic,False,0.0,0.0,0.0,0.0,1.0,0.0,0.0,0.1078,0.0,0.0,0.0,,,True,0.0,0.0,,6.58,0.554,2,3,0,False,False,False,False,8.0,False,False,train,exercise day,1
2000-01-06 02:40:00,1,7.5,synthetic,False,0.0,0.0,0.0,0.0,1.0,0.0,0.0,0.1078,0.0,0.0,0.0,,,True,1.0,0.0,,6.67,0.605,2,3,0,False,False,False,False,8.1,False,False,train,exercise day,1
2000-01-06 02:45:00,1,7.8,synthetic,False,0.0,0.0,0.0,0.0,1.0,0.0,0.0,0.1078,0.0,0.0,0.0,,,True,1.0,0.0,,6.75,0.655,2,3,0,False,False,False,False,8.6,False,False,train,exercise day,1
2000-01-06 02:50:00,1,7.6,synthetic,False,0.0,0.0,0.0,0.0,1.0,0.0,0.0,0.1078,0.0,0.0,0.0,56.3,5.0,False,1.0,0.0,,6.83,0.705,2,3,0,False,False,False,False,8.4,False,False,train,exercise day,1
2000-01-06 02:55:00,1,7.6,synthetic,False,0.0,0.0,0.0,0.0,1.0,0.0,0.0,0.1078,0.0,0.0,0.0,,,True,1.0,0.0,,6.92,0.756,2,3,0,False,False,False,False,8.9,False,False,train,exercise day,1
2000-01-06 03:00:00,1,8.0,synthetic,False,0.0,0.0,0.0,0.0,1.0,0.0,0.0,0.1078,0.0,0.0,0.0,46.1,4.0,False,1.0,0.0,,7.0,0.806,3,3,0,False,False,False,False,8.5,False,False,train,exercise day,1
2000-01-06 03:05:00,1,8.0,synthetic,False,0.0,0.0,0.0,0.0,1.0,0.0,0.0,0.1078,0.0,0.0,0.0,,,True,3.0,0.0,,7.08,0.857,3,3,0,False,False,False,False,8.5,False,False,train,exercise day,1
2000-01-06 03:10:00,1,8.1,synthetic,False,0.0,0.0,0.0,0.0,1.0,0.0,0.0,0.1078,0.0,0.0,0.0,,,True,2.0,0.0,,7.17,0.907,3,3,0,False,False,False,False,8.8,False,False,train,exercise day,1
2000-01-06 03:15:00,1,8.6,synthetic,False,0.0,0.0,0.0,0.0,1.0,0.0,0.0,0.1078,0.0,0.0,0.0,,,True,2.0,0.0,,7.25,0.958,3,3,0,False,False,False,False,8.8,True,True,train,exercise day,1
2000-01-06 03:20:00,1,8.4,synthetic,False,0.0,0.0,0.0,0.0,1.0,0.0,0.0,0.1078,0.0,0.0,0.0,,,True,0.0,0.0,,7.33,1.008,3,3,0,False,False,False,False,8.4,True,True,train,exercise day,1
2000-01-06 03:25:00,1,8.9,synthetic,False,0.0,0.0,0.0,0.0,1.0,0.0,0.0,0.1078,0.0,0.0,0.0,,,True,0.0,0.0,,7.42,1.056,3,3,0,False,False,False,False,7.8,True,True,train,exercise day,1
2000-01-06 03:30:00,1,8.5,synthetic,False,0.0,0.0,0.0,0.0,1.0,0.0,0.0,0.1078,0.0,0.0,0.0,,,True,1.0,0.0,,7.5,1.1,3,3,0,False,False,False,False,8.0,True,True,train,exercise day,1
2000-01-06 03:35:00,1,8.5,synthetic,False,0.0,0.0,0.0,0.0,1.0,0.0,0.0,0.1078,0.0,0.0,0.0,,,True,3.0,0.0,,7.58,1.139,3,3,0,False,False,False,False,7.9,True,True,train,exercise day,1
2000-01-06 03:40:00,1,8.8,synthetic,False,0.0,0.0,0.0,0.0,1.0,0.0,0.0,0.1078,0.0,0.0,0.0,,,True,2.0,0.0,,7.67,1.174,3,3,0,False,False,False,False,7.7,True,True,train,exercise day,1
2000-01-06 03:45:00,1,8.8,synthetic,False,0.0,0.0,0.0,0.0,1.0,0.0,0.0,0.1078,0.0,0.0,0.0,54.6,2.0,False,1.0,0.0,,7.75,1.204,3,3,0,False,False,False,False,7.6,True,True,train,exercise day,1
2000-01-06 03:50:00,1,8.4,synthetic,False,0.0,0.0,0.0,0.0,1.0,0.0,0.0,0.1078,0.0,0.0,0.0,,,True,0.0,0.0,,7.83,1.23,3,3,0,False,False,False,False,7.3,True,True,train,exercise day,1
2000-01-06 03:55:00,1,7.8,synthetic,False,0.0,0.0,0.0,0.0,1.0,0.0,0.0,0.1078,0.0,0.0,0.0,,,True,3.0,0.0,,7.92,1.251,3,3,0,False,False,False,False,7.6,True,True,train,exercise day,1
2000-01-06 04:00:00,1,8.0,synthetic,False,0.0,0.0,0.0,0.0,1.0,0.0,0.0,0.1078,0.0,0.0,0.0,60.5,2.0,False,1.0,0.0,,8.0,1.268,4,3,0,False,False,False,False,8.0,True,True,train,exercise day,1
2000-01-06 04:05:00,1,7.9,synthetic,False,0.0,0.0,0.0,1.0,0.0,0.0,0.0,0.0,0.0,0.0,0.0,73.7,1.0,False,1.0,0.0,,8.08,1.28,4,3,0,False,False,False,False,7.3,True,True,train,exercise day,1
2000-01-06 04:10:00,1,7.7,synthetic,False,0.0,0.0,0.0,1.0,0.0,0.0,0.0,0.0,0.0,0.0,0.0,,,True,1.0,0.0,,8.17,1.182,4,3,0,False,False,False,False,7.1,True,True,train,exercise day,1
2000-01-06 04:15:00,1,7.6,synthetic,False,0.0,0.0,0.0,1.0,0.0,0.0,0.0,0.0,0.0,0.0,0.0,51.1,1.0,False,1.0,0.0,,8.25,1.084,4,3,0,False,False,False,False,7.6,True,True,train,exercise day,1
2000-01-06 04:20:00,1,7.3,synthetic,False,0.0,0.0,0.0,1.0,0.0,0.0,0.0,0.0,0.0,0.0,0.0,36.1,4.0,False,5.0,0.0,,8.33,0.989,4,3,0,False,False,False,False,7.9,True,True,train,exercise day,1
2000-01-06 04:25:00,1,7.6,synthetic,False,0.0,0.0,0.0,1.0,0.0,0.0,0.0,0.0,0.0,0.0,0.0,57.3,3.0,False,2.0,0.0,,8.42,0.898,4,3,0,False,False,False,False,7.5,True,True,train,exercise day,1
2000-01-06 04:30:00,1,8.0,synthetic,False,0.0,0.0,0.0,1.0,0.0,0.0,0.0,0.0,0.0,0.0,0.0,46.7,5.0,False,1.0,0.0,,8.5,0.811,4,3,0,False,False,False,False,7.5,True,True,train,exercise day,1
2000-01-06 04:35:00,1,7.3,synthetic,False,0.0,0.0,0.0,1.0,0.0,0.0,0.0,0.0,0.0,0.0,0.0,63.2,1.0,False,3.0,0.0,,8.58,0.728,4,3,0,False,False,False,False,7.5,True,True,train,exercise day,1
2000-01-06 04:40:00,1,7.1,synthetic,False,0.0,0.0,0.0,1.0,0.0,0.0,0.0,0.0,0.0,0.0,0.0,,,True,2.0,0.0,,8.67,0.649,4,3,0,False,False,False,False,7.0,True,True,train,exercise day,1
2000-01-06 04:45:00,1,7.6,synthetic,False,0.0,0.0,0.0,1.0,0.0,0.0,0.0,0.0,0.0,0.0,0.0,58.8,5.0,False,0.0,0.0,,8.75,0.575,4,3,0,False,False,False,False,7.1,True,True,train,exercise day,1
2000-01-06 04:50:00,1,7.9,synthetic,False,0.0,0.0,0.0,1.0,0.0,0.0,0.0,0.0,0.0,0.0,0.0,,,True,0.0,0.0,,8.83,0.505,4,3,0,False,False,False,False,7.3,True,True,train,exercise day,1
2000-01-06 04:55:00,1,7.5,synthetic,False,0.0,0.0,0.0,1.0,0.0,0.0,0.0,0.0,0.0,0.0,0.0,,,True,1.0,0.0,,8.92,0.44,4,3,0,False,False,False,False,7.0,True,True,train,exercise day,1
2000-01-06 05:00:00,1,7.5,synthetic,False,0.0,0.0,0.0,1.0,0.0,0.0,0.0,0.0,0.0,0.0,0.0,36.3,3.0,False,0.0,0.0,,9.0,0.38,5,3,0,False,False,False,False,6.6,True,True,train,exercise day,1
2000-01-06 05:05:00,1,7.5,synthetic,False,0.0,0.0,0.0,1.0,0.0,0.0,0.0,0.0,0.0,0.0,0.0,,,True,1.0,0.0,,9.08,0.323,5,3,0,False,False,False,False,6.3,True,True,train,exercise day,1
2000-01-06 05:10:00,1,7.0,synthetic,False,0.0,0.0,0.0,1.0,0.0,0.0,0.0,0.0,0.0,0.0,0.0,60.0,2.0,False,1.0,0.0,,9.17,0.272,5,3,0,False,False,False,False,7.2,True,True,train,exercise day,1
2000-01-06 05:15:00,1,7.1,synthetic,False,0.0,0.0,0.0,1.0,0.0,0.0,0.0,0.0,0.0,0.0,0.0,45.5,4.0,False,1.0,0.0,,9.25,0.225,5,3,0,False,False,False,False,7.1,True,True,train,exercise day,1
2000-01-06 05:20:00,1,7.3,synthetic,False,0.0,0.0,0.0,1.0,0.0,0.0,0.0,0.0,0.0,0.0,0.0,85.4,3.0,False,0.0,0.0,,9.33,0.182,5,3,0,False,False,False,False,6.9,True,True,train,exercise day,1
2000-01-06 05:25:00,1,7.0,synthetic,False,0.0,0.0,0.0,1.0,0.0,0.0,0.0,0.0,0.0,0.0,0.0,52.5,1.0,False,1.0,0.0,,9.42,0.144,5,3,0,False,False,False,False,7.2,True,True,train,exercise day,1
2000-01-06 05:30:00,1,6.6,synthetic,False,0.0,0.0,0.0,1.0,0.0,0.0,0.0,0.0,0.0,0.0,0.0,,,True,0.0,0.0,,9.5,0.11,5,3,0,False,False,False,False,8.0,True,True,train,exercise day,1
2000-01-06 05:35:00,1,6.3,synthetic,False,0.0,0.0,0.0,1.0,0.0,0.0,0.0,0.0,0.0,0.0,0.0,54.8,1.0,False,0.0,0.0,,9.58,0.081,5,3,0,False,False,False,False,7.8,True,True,train,exercise day,1
2000-01-06 05:40:00,1,7.2,synthetic,False,0.0,0.0,0.0,0.0,1.0,0.0,0.0,0.1078,0.0,0.0,0.0,55.6,4.0,False,2.0,0.0,,9.67,0.056,5,3,0,False,False,False,False,7.9,True,True,train,exercise day,1
2000-01-06 05:45:00,1,7.1,synthetic,False,0.0,0.0,0.0,0.627,0.0,0.0,0.373,0.0,0.0,0.0,0.0,54.6,5.0,False,1.0,0.0,,9.75,0.141,5,3,0,False,False,True,False,7.8,True,False,train,exercise day,1
2000-01-06 05:50:00,1,6.9,synthetic,False,0.0,0.0,0.0,1.0,0.0,0.0,0.0,0.0,0.0,0.0,0.0,37.3,1.0,False,2.0,0.0,,9.83,0.121,5,3,0,False,False,False,False,7.8,True,True,train,exercise day,1
2000-01-06 05:55:00,1,7.2,synthetic,False,0.0,0.0,0.0,1.0,0.0,0.0,0.0,0.0,0.0,0.0,0.0,42.4,4.0,False,2.0,0.0,,9.92,0.106,5,3,0,False,False,False,False,7.0,True,True,train,exercise day,1
2000-01-06 06:00:00,1,8.0,synthetic,False,4.34,11.5,4.344,1.0,0.0,0.0,0.0,0.0,0.0,0.0,0.0,57.5,3.0,False,0.0,0.0,,10.0,0.094,6,3,0,False,False,False,False,6.6,True,True,train,exercise day,1
2000-01-06 06:05:00,1,7.8,synthetic,False,0.0,0.0,4.163,1.0,0.0,0.0,0.0,0.0,0.0,0.0,0.0,,,True,3.0,0.0,,10.08,0.088,6,3,0,False,False,False,False,7.2,True,True,train,exercise day,1
2000-01-06 06:10:00,1,7.9,synthetic,False,0.0,0.0,3.982,1.0,0.0,0.0,0.0,0.0,0.0,0.0,0.0,35.8,1.0,False,2.0,0.0,,10.17,0.083,6,3,0,False,False,False,False,7.5,True,True,train,exercise day,1
2000-01-06 06:15:00,1,7.8,synthetic,False,0.0,0.0,3.801,1.0,0.0,0.0,0.0,0.0,0.0,0.0,0.0,,,True,1.0,0.0,,10.25,0.079,6,3,0,False,False,False,False,7.5,True,True,train,exercise day,1
2000-01-06 06:20:00,1,7.8,synthetic,False,0.0,0.0,3.62,1.0,0.0,0.0,0.0,0.0,0.0,0.0,0.0,,,True,1.0,0.0,,10.33,0.074,6,3,0,False,False,False,False,8.2,True,True,train,exercise day,1
2000-01-06 06:25:00,1,7.0,synthetic,False,0.0,0.0,3.439,1.0,0.0,0.0,0.0,0.0,0.0,0.0,0.0,39.4,5.0,False,1.0,0.0,,10.42,0.07,6,3,0,False,False,False,False,8.8,True,True,train,exercise day,1
2000-01-06 06:30:00,1,6.6,synthetic,False,0.0,0.0,3.258,1.0,0.0,0.0,0.0,0.0,0.0,0.0,0.0,,,True,0.0,0.0,,10.5,0.065,6,3,0,False,False,False,False,9.0,True,True,train,exercise day,1
2000-01-06 06:35:00,1,7.2,synthetic,False,0.0,0.0,3.077,1.0,0.0,0.0,0.0,0.0,0.0,0.0,0.0,49.6,5.0,False,3.0,0.0,,10.58,0.061,6,3,0,False,False,False,False,8.9,True,True,train,exercise day,1
2000-01-06 06:40:00,1,7.5,synthetic,False,0.0,0.0,2.896,1.0,0.0,0.0,0.0,0.0,0.0,0.0,0.0,60.4,4.0,False,1.0,0.0,,10.67,0.056,6,3,0,False,False,False,False,9.1,True,True,train,exercise day,1
2000-01-06 06:45:00,1,7.5,synthetic,False,0.0,0.0,2.715,1.0,0.0,0.0,0.0,0.0,0.0,0.0,0.0,,,True,2.0,0.0,,10.75,0.052,6,3,0,False,False,False,False,9.3,True,True,train,exercise day,1
2000-01-06 06:50:00,1,8.2,synthetic,False,0.0,0.0,2.534,1.0,0.0,0.0,0.0,0.0,0.0,0.0,0.0,,,True,0.0,0.0,,10.83,0.047,6,3,0,False,False,False,False,9.0,True,True,train,exercise day,1
2000-01-06 06:55:00,1,8.8,synthetic,False,0.0,0.0,2.353,1.0,0.0,0.0,0.0,0.0,0.0,0.0,0.0,,,True,0.0,0.0,,10.92,0.043,6,3,0,False,False,False,False,9.3,True,True,train,exercise day,1
2000-01-06 07:00:00,1,9.0,synthetic,False,0.0,0.0,2.172,1.0,0.0,0.0,0.0,0.0,0.0,0.0,0.0,,,True,19.0,0.0,,11.0,0.038,7,3,0,False,False,False,False,9.4,True,True,train,exercise day,1
2000-01-06 07:05:00,1,8.9,synthetic,False,0.0,0.0,1.991,1.0,0.0,0.0,0.0,0.0,0.0,0.0,0.0,,,True,20.0,0.0,,11.08,0.034,7,3,0,False,False,False,False,9.2,True,True,train,exercise day,1
2000-01-06 07:10:00,1,9.1,synthetic,False,0.0,0.0,1.81,1.0,0.0,0.0,0.0,0.0,0.0,0.0,0.0,47.1,1.0,False,29.0,0.0,,11.17,0.029,7,3,0,False,False,False,False,9.7,True,True,train,exercise day,1
2000-01-06 07:15:00,1,9.3,synthetic,False,0.0,0.0,1.629,1.0,0.0,0.0,0.0,0.0,0.0,0.0,0.0,47.9,4.0,False,23.0,0.0,,11.25,0.025,7,3,0,False,False,False,False,,True,False,train,exercise day,1
2000-01-06 07:20:00,1,9.0,synthetic,False,0.0,0.0,1.448,1.0,0.0,0.0,0.0,0.0,0.0,0.0,0.0,,,True,24.0,0.0,,11.33,0.02,7,3,0,False,False,False,False,8.9,True,True,train,exercise day,1
2000-01-06 07:25:00,1,9.3,synthetic,False,0.0,0.0,1.267,1.0,0.0,0.0,0.0,0.0,0.0,0.0,0.0,,,True,27.0,0.0,,11.42,0.016,7,3,0,False,False,False,False,9.4,True,True,train,exercise day,1
2000-01-06 07:30:00,1,9.4,synthetic,False,0.0,0.0,1.086,1.0,0.0,0.0,0.0,0.0,0.0,0.0,0.0,,,True,28.0,0.0,,11.5,0.011,7,3,0,False,False,False,False,10.0,True,True,train,exercise day,1
2000-01-06 07:35:00,1,9.2,synthetic,False,0.0,0.0,0.905,1.0,0.0,0.0,0.0,0.0,0.0,0.0,0.0,,,True,17.0,0.0,,11.58,0.007,7,3,0,False,False,False,False,9.5,True,True,train,exercise day,1
2000-01-06 07:40:00,1,9.7,synthetic,False,0.0,0.0,0.724,1.0,0.0,0.0,0.0,0.0,0.0,0.0,0.0,42.8,3.0,False,29.0,0.0,,11.67,0.002,7,3,0,False,False,False,False,9.4,True,True,train,exercise day,1
2000-01-06 07:45:00,1,,,False,0.0,0.0,0.543,1.0,0.0,0.0,0.0,0.0,0.0,0.0,0.0,55.1,1.0,False,22.0,0.0,,11.75,0.0,7,3,0,False,False,False,True,9.1,False,False,train,exercise day,1
2000-01-06 07:50:00,1,8.9,synthetic,False,0.0,0.0,0.362,1.0,0.0,0.0,0.0,0.0,0.0,0.0,0.0,58.9,3.0,False,24.0,0.0,,11.83,0.0,7,3,0,False,False,False,False,9.5,False,False,train,exercise day,1
2000-01-06 07:55:00,1,9.4,synthetic,False,0.0,0.0,0.181,1.0,0.0,0.0,0.0,0.0,0.0,0.0,0.0,,,True,18.0,0.0,,11.92,0.0,7,3,0,False,False,False,False,9.8,False,False,train,exercise day,1
2000-01-06 08:00:00,1,10.0,synthetic,False,0.0,0.0,0.0,1.0,0.0,0.0,0.0,0.0,0.0,0.0,0.0,,,True,20.0,0.0,,12.0,0.0,8,3,0,False,False,False,False,9.2,False,False,train,exercise day,1
2000-01-06 08:05:00,1,9.5,synthetic,False,0.0,0.0,0.0,1.0,0.0,0.0,0.0,0.0,0.0,0.0,0.0,,,True,26.0,0.0,,12.08,0.0,8,3,0,False,False,False,False,8.9,False,False,train,exercise day,1
2000-01-06 08:10:00,1,9.4,synthetic,False,0.0,0.0,0.0,1.0,0.0,0.0,0.0,0.0,0.0,0.0,0.0,,,True,25.0,0.0,,12.17,0.0,8,3,0,False,False,False,False,8.6,False,False,train,exercise day,1
2000-01-06 08:15:00,1,9.1,synthetic,False,0.0,0.0,0.0,1.0,0.0,0.0,0.0,0.0,0.0,0.0,0.0,52.6,5.0,False,22.0,0.0,,12.25,0.0,8,3,0,False,False,False,False,9.0,False,False,train,exercise day,1
2000-01-06 08:20:00,1,9.5,synthetic,False,0.0,0.0,0.0,1.0,0.0,0.0,0.0,0.0,0.0,0.0,0.0,56.2,4.0,False,18.0,0.0,,12.33,0.0,8,3,0,False,False,False,False,9.6,False,False,train,exercise day,1
2000-01-06 08:25:00,1,9.8,synthetic,False,0.0,0.0,0.0,1.0,0.0,0.0,0.0,0.0,0.0,0.0,0.0,,,True,19.0,0.0,,12.42,0.0,8,3,0,False,False,False,False,10.1,False,False,train,exercise day,1
2000-01-06 08:30:00,1,9.2,synthetic,False,0.0,0.0,0.0,1.0,0.0,0.0,0.0,0.0,0.0,0.0,0.0,,,True,26.0,0.0,,12.5,0.0,8,3,0,False,False,False,False,10.3,False,False,train,exercise day,1
2000-01-06 08:35:00,1,8.9,synthetic,False,0.0,0.0,0.0,1.0,0.0,0.0,0.0,0.0,0.0,0.0,0.0,49.0,3.0,False,24.0,0.0,,12.58,0.0,8,3,0,False,False,False,False,10.6,False,False,train,exercise day,1
2000-01-06 08:40:00,1,8.6,synthetic,False,4.83,44.2,4.834,1.0,0.0,0.0,0.0,0.0,0.0,0.0,0.0,53.3,5.0,False,16.0,0.0,,12.67,0.0,8,3,0,False,False,False,False,11.8,False,False,train,exercise day,1
2000-01-06 08:45:00,1,9.0,synthetic,False,0.0,0.0,4.633,1.0,0.0,0.0,0.0,0.0,0.0,0.0,0.0,56.1,2.0,False,26.0,0.0,,12.75,0.0,8,3,0,False,False,False,False,12.3,True,True,train,exercise day,1
2000-01-06 08:50:00,1,9.6,synthetic,False,0.0,0.0,4.432,1.0,0.0,0.0,0.0,0.0,0.0,0.0,0.0,52.7,4.0,False,33.0,0.0,,12.83,0.0,8,3,0,False,False,False,False,13.0,True,True,train,exercise day,1
2000-01-06 08:55:00,1,10.1,synthetic,False,0.0,0.0,4.23,1.0,0.0,0.0,0.0,0.0,0.0,0.0,0.0,42.5,1.0,False,22.0,0.0,,12.92,0.0,8,3,0,False,False,False,False,13.8,True,True,train,exercise day,1
2000-01-06 09:00:00,1,10.3,synthetic,False,0.0,0.0,4.029,1.0,0.0,0.0,0.0,0.0,0.0,0.0,0.0,56.6,3.0,False,31.0,0.0,,13.0,0.0,9,3,0,False,False,False,False,,True,False,train,exercise day,1
2000-01-06 09:05:00,1,10.6,synthetic,False,0.0,0.0,3.827,1.0,0.0,0.0,0.0,0.0,0.0,0.0,0.0,53.5,2.0,False,27.0,0.0,,13.08,0.0,9,3,0,False,False,False,False,15.0,True,True,train,exercise day,1
2000-01-06 09:10:00,1,11.8,synthetic,False,0.0,0.0,3.626,1.0,0.0,0.0,0.0,0.0,0.0,0.0,0.0,,,True,24.0,0.0,,13.17,0.0,9,3,0,False,False,False,False,15.5,True,True,train,exercise day,1
2000-01-06 09:15:00,1,12.3,synthetic,False,0.0,0.0,3.424,1.0,0.0,0.0,0.0,0.0,0.0,0.0,0.0,48.1,3.0,False,17.0,0.0,,13.25,0.0,9,3,0,False,False,False,False,16.4,True,True,train,exercise day,1
2000-01-06 09:20:00,1,13.0,synthetic,False,1.99,38.8,5.212,1.0,0.0,0.0,0.0,0.0,0.0,0.0,0.0,,,True,29.0,0.0,,13.33,0.0,9,3,0,False,False,False,False,16.4,True,True,train,exercise day,1
2000-01-06 09:25:00,1,13.8,synthetic,False,0.0,0.0,4.927,1.0,0.0,0.0,0.0,0.0,0.0,0.0,0.0,,,True,22.0,0.0,,13.42,0.0,9,3,0,False,False,False,False,16.2,True,True,train,exercise day,1
2000-01-06 09:30:00,1,,,False,0.0,0.0,4.643,1.0,0.0,0.0,0.0,0.0,0.0,0.0,0.0,39.1,2.0,False,31.0,0.0,,13.5,0.0,9,3,0,False,False,False,True,16.4,False,False,train,exercise day,1
2000-01-06 09:35:00,1,15.0,synthetic,False,0.0,0.0,4.359,1.0,0.0,0.0,0.0,0.0,0.0,0.0,0.0,,,True,35.0,0.0,,13.58,0.0,9,3,0,False,False,False,False,17.0,False,False,train,exercise day,1
2000-01-06 09:40:00,1,15.5,synthetic,False,0.0,0.0,4.074,1.0,0.0,0.0,0.0,0.0,0.0,0.0,0.0,56.1,5.0,False,31.0,0.0,,13.67,0.0,9,3,0,False,False,False,False,16.8,False,False,train,exercise day,1
2000-01-06 09:45:00,1,16.4,synthetic,False,0.0,0.0,3.79,1.0,0.0,0.0,0.0,0.0,0.0,0.0,0.0,53.6,1.0,False,29.0,0.0,,13.75,0.0,9,3,0,False,False,False,False,17.2,False,False,train,exercise day,1
2000-01-06 09:50:00,1,16.4,synthetic,False,0.0,0.0,3.506,1.0,0.0,0.0,0.0,0.0,0.0,0.0,0.0,49.0,4.0,False,20.0,0.0,,13.83,0.0,9,3,0,False,False,False,False,17.8,False,False,train,exercise day,1
2000-01-06 09:55:00,1,16.2,synthetic,False,0.0,0.0,3.222,0.0,1.0,0.0,0.0,0.1078,0.0,0.0,0.0,42.6,3.0,False,29.0,0.0,,13.92,0.0,9,3,0,False,False,False,False,17.1,False,False,train,exercise day,1
2000-01-06 10:00:00,1,16.4,synthetic,False,0.0,0.0,2.937,0.0,1.0,0.0,0.0,0.1078,0.0,0.0,0.0,,,True,24.0,0.0,,14.0,0.106,10,3,0,False,False,False,False,17.0,False,False,train,exercise day,1
2000-01-06 10:05:00,1,17.0,synthetic,False,0.0,0.0,2.653,0.0,1.0,0.0,0.0,0.1078,0.0,0.0,0.0,,,True,25.0,0.0,,14.08,0.207,10,3,0,False,False,False,False,15.9,False,False,train,exercise day,1
2000-01-06 10:10:00,1,16.8,synthetic,False,0.0,0.0,2.369,0.0,1.0,0.0,0.0,0.1078,0.0,0.0,0.0,41.1,3.0,False,28.0,0.0,,14.17,0.303,10,3,0,False,False,False,False,15.6,False,False,train,exercise day,1
2000-01-06 10:15:00,1,17.2,synthetic,False,0.0,0.0,2.084,0.0,1.0,0.0,0.0,0.1078,0.0,0.0,0.0,,,True,26.0,0.0,,14.25,0.395,10,3,0,False,False,False,False,15.6,False,False,train,exercise day,1
2000-01-06 10:20:00,1,17.8,synthetic,False,0.0,0.0,1.8,0.0,1.0,0.0,0.0,0.1078,0.0,0.0,0.0,,,True,23.0,0.0,,14.33,0.483,10,3,0,False,False,False,False,15.1,False,False,train,exercise day,1
2000-01-06 10:25:00,1,17.1,synthetic,False,0.0,0.0,1.516,0.0,1.0,0.0,0.0,0.1078,0.0,0.0,0.0,,,True,21.0,0.0,,14.42,0.566,10,3,0,False,False,False,False,15.0,False,False,train,exercise day,1
2000-01-06 10:30:00,1,17.0,synthetic,False,0.0,0.0,1.231,0.0,1.0,0.0,0.0,0.1078,0.0,0.0,0.0,48.4,1.0,False,17.0,0.0,,14.5,0.645,10,3,0,False,False,False,False,14.2,True,True,train,exercise day,1
2000-01-06 10:35:00,1,15.9,synthetic,False,0.0,0.0,0.947,0.0,1.0,0.0,0.0,0.1078,0.0,0.0,0.0,58.1,2.0,False,16.0,0.0,,14.58,0.719,10,3,0,False,False,False,False,13.8,True,True,train,exercise day,1
2000-01-06 10:40:00,1,15.6,synthetic,False,0.0,0.0,0.663,0.0,1.0,0.0,0.0,0.1078,0.0,0.0,0.0,45.1,2.0,False,22.0,0.0,,14.67,0.788,10,3,0,False,False,False,False,13.5,True,True,train,exercise day,1
2000-01-06 10:45:00,1,15.6,synthetic,False,0.0,0.0,0.58,0.0,1.0,0.0,0.0,0.1078,0.0,0.0,0.0,,,True,18.0,0.0,,14.75,0.853,10,3,0,False,False,False,False,12.5,True,True,train,exercise day,1
2000-01-06 10:50:00,1,15.1,synthetic,False,0.0,0.0,0.497,0.0,1.0,0.0,0.0,0.1078,0.0,0.0,0.0,,,True,34.0,0.0,,14.83,0.914,10,3,0,False,False,False,False,12.3,True,True,train,exercise day,1
2000-01-06 10:55:00,1,15.0,synthetic,False,0.0,0.0,0.414,0.0,1.0,0.0,0.0,0.1078,0.0,0.0,0.0,,,True,16.0,0.0,,14.92,0.97,10,3,0,False,False,False,False,12.2,True,True,train,exercise day,1
2000-01-06 11:00:00,1,14.2,synthetic,False,0.0,0.0,0.331,0.0,1.0,0.0,0.0,0.1078,0.0,0.0,0.0,,,True,21.0,0.0,,15.0,1.022,11,3,0,False,False,False,False,12.8,True,True,train,exercise day,1
2000-01-06 11:05:00,1,13.8,synthetic,False,0.0,0.0,0.249,0.0,1.0,0.0,0.0,0.1078,0.0,0.0,0.0,62.2,2.0,False,23.0,0.0,,15.08,1.069,11,3,0,False,False,False,False,12.9,True,True,train,exercise day,1
2000-01-06 11:10:00,1,13.5,synthetic,False,0.0,0.0,0.166,0.0,1.0,0.0,0.0,0.1078,0.0,0.0,0.0,56.8,1.0,False,31.0,0.0,,15.17,1.112,11,3,0,False,False,False,False,12.6,True,True,train,exercise day,1
2000-01-06 11:15:00,1,12.5,synthetic,False,0.0,0.0,0.083,0.0,1.0,0.0,0.0,0.1078,0.0,0.0,0.0,52.4,3.0,False,25.0,0.0,,15.25,1.15,11,3,0,False,False,False,False,12.4,True,True,train,exercise day,1
2000-01-06 11:20:00,1,12.3,synthetic,False,0.0,0.0,0.0,0.0,1.0,0.0,0.0,0.1078,0.0,0.0,0.0,54.9,5.0,False,25.0,0.0,,15.33,1.184,11,3,0,False,False,False,False,12.0,True,True,train,exercise day,1
2000-01-06 11:25:00,1,12.2,synthetic,False,0.0,0.0,0.0,0.0,1.0,0.0,0.0,0.1078,0.0,0.0,0.0,,,True,16.0,0.0,,15.42,1.213,11,3,0,False,False,False,False,12.0,True,True,train,exercise day,1
2000-01-06 11:30:00,1,12.8,synthetic,False,2.18,22.1,2.181,0.0,1.0,0.0,0.0,0.1078,0.0,0.0,0.0,,,True,31.0,0.0,,15.5,1.237,11,3,0,False,False,False,False,12.2,True,True,train,exercise day,1
2000-01-06 11:35:00,1,12.9,synthetic,False,0.0,0.0,2.09,0.0,1.0,0.0,0.0,0.1078,0.0,0.0,0.0,55.4,5.0,False,22.0,0.0,,15.58,1.258,11,3,0,False,False,False,False,13.0,True,True,train,exercise day,1
2000-01-06 11:40:00,1,12.6,synthetic,False,0.0,0.0,1.999,0.0,1.0,0.0,0.0,0.1078,0.0,0.0,0.0,55.4,4.0,False,29.0,0.0,,15.67,1.273,11,3,0,False,False,False,False,13.3,True,True,train,exercise day,1
2000-01-06 11:45:00,1,12.4,synthetic,False,0.0,0.0,1.908,0.0,1.0,0.0,0.0,0.1078,0.0,0.0,0.0,,,True,15.0,0.0,,15.75,1.285,11,3,0,False,False,False,False,13.8,True,True,train,exercise day,1
2000-01-06 11:50:00,1,12.0,synthetic,False,0.0,0.0,1.817,0.0,1.0,0.0,0.0,0.1078,0.0,0.0,0.0,,,True,25.0,0.0,,15.83,1.291,11,3,0,False,False,False,False,14.2,True,True,train,exercise day,1
2000-01-06 11:55:00,1,12.0,synthetic,False,3.57,29.6,5.3,0.0,1.0,0.0,0.0,0.1078,0.0,0.0,0.0,,,True,17.0,0.0,,15.92,1.294,11,3,0,False,False,False,False,15.2,True,True,train,exercise day,1
2000-01-06 12:00:00,1,12.2,synthetic,False,4.93,16.5,9.993,0.0,1.0,0.0,0.0,0.1078,0.0,0.0,0.0,52.2,1.0,False,32.0,0.0,,16.0,1.294,12,3,0,False,False,False,False,15.7,True,True,train,exercise day,1
2000-01-06 12:05:00,1,13.0,synthetic,False,0.0,0.0,9.548,0.0,1.0,0.0,0.0,0.1078,0.0,0.0,0.0,54.9,5.0,False,19.0,0.0,,16.08,1.294,12,3,0,False,False,False,False,15.5,True,True,train,exercise day,1
2000-01-06 12:10:00,1,13.3,synthetic,False,0.0,0.0,9.103,0.0,1.0,0.0,0.0,0.1078,0.0,0.0,0.0,,,True,18.0,0.0,,16.17,1.294,12,3,0,False,False,False,False,15.9,True,True,train,exercise day,1
2000-01-06 12:15:00,1,13.8,synthetic,False,0.0,0.0,8.657,0.0,1.0,0.0,0.0,0.1078,0.0,0.0,0.0,43.4,5.0,False,22.0,0.0,,16.25,1.294,12,3,0,False,False,False,False,15.7,True,True,train,exercise day,1
2000-01-06 12:20:00,1,14.2,synthetic,False,0.0,0.0,8.212,0.0,1.0,0.0,0.0,0.1078,0.0,0.0,0.0,,,True,25.0,0.0,,16.33,1.294,12,3,0,False,False,False,False,16.0,True,True,train,exercise day,1
2000-01-06 12:25:00,1,15.2,synthetic,False,0.0,0.0,7.767,0.0,1.0,0.0,0.0,0.1078,0.0,0.0,0.0,,,True,30.0,0.0,,16.42,1.294,12,3,0,False,False,False,False,16.3,True,True,train,exercise day,1
2000-01-06 12:30:00,1,15.7,synthetic,False,0.0,0.0,7.322,0.0,1.0,0.0,0.0,0.1078,0.0,0.0,0.0,48.2,1.0,False,22.0,0.0,,16.5,1.294,12,3,0,False,False,False,False,16.1,True,True,train,exercise day,1
2000-01-06 12:35:00,1,15.5,synthetic,False,0.0,0.0,6.876,0.0,1.0,0.0,0.0,0.1078,0.0,0.0,0.0,45.5,1.0,False,37.0,0.0,,16.58,1.294,12,3,0,False,False,False,False,15.2,True,True,train,exercise day,1
2000-01-06 12:40:00,1,15.9,synthetic,False,0.0,0.0,6.431,0.0,1.0,0.0,0.0,0.1078,0.0,0.0,0.0,,,True,17.0,0.0,,16.67,1.294,12,3,0,False,False,False,False,15.1,True,True,train,exercise day,1
2000-01-06 12:45:00,1,15.7,synthetic,False,0.0,0.0,5.986,0.0,1.0,0.0,0.0,0.1078,0.0,0.0,0.0,,,True,22.0,0.0,,16.75,1.294,12,3,0,False,False,False,False,15.1,True,True,train,exercise day,1
2000-01-06 12:50:00,1,16.0,synthetic,False,0.0,0.0,5.54,1.0,0.0,0.0,0.0,0.0,0.0,0.0,0.0,61.0,2.0,False,26.0,0.0,,16.83,1.294,12,3,0,False,False,False,False,15.4,True,True,train,exercise day,1
2000-01-06 12:55:00,1,16.3,synthetic,False,0.0,0.0,5.095,1.0,0.0,0.0,0.0,0.0,0.0,0.0,0.0,58.2,3.0,False,31.0,0.0,,16.92,1.188,12,3,0,False,False,False,False,15.0,True,True,train,exercise day,1
2000-01-06 13:00:00,1,16.1,synthetic,False,0.0,0.0,4.65,1.0,0.0,0.0,0.0,0.0,0.0,0.0,0.0,,,True,21.0,0.0,,17.0,1.087,13,3,0,False,False,False,False,14.5,True,True,train,exercise day,1
2000-01-06 13:05:00,1,15.2,synthetic,False,0.0,0.0,4.204,1.0,0.0,0.0,0.0,0.0,0.0,0.0,0.0,,,True,31.0,0.0,,17.08,0.99,13,3,0,False,False,False,False,14.4,True,True,train,exercise day,1
2000-01-06 13:10:00,1,15.1,synthetic,False,2.76,22.0,6.517,1.0,0.0,0.0,0.0,0.0,0.0,0.0,0.0,65.8,3.0,False,26.0,0.0,,17.17,0.898,13,3,0,False,False,False,False,,True,False,train,exercise day,1
2000-01-06 13:15:00,1,15.1,synthetic,False,0.0,0.0,5.957,1.0,0.0,0.0,0.0,0.0,0.0,0.0,0.0,,,True,24.0,0.0,,17.25,0.811,13,3,0,False,False,False,False,13.9,True,True,train,exercise day,1
2000-01-06 13:20:00,1,15.4,synthetic,False,0.0,0.0,5.397,1.0,0.0,0.0,0.0,0.0,0.0,0.0,0.0,49.7,3.0,False,35.0,0.0,,17.33,0.728,13,3,0,False,False,False,False,14.1,True,True,train,exercise day,1
2000-01-06 13:25:00,1,15.0,synthetic,False,0.0,0.0,4.836,1.0,0.0,0.0,0.0,0.0,0.0,0.0,0.0,59.5,5.0,False,31.0,0.0,,17.42,0.649,13,3,0,False,False,False,False,13.9,True,True,train,exercise day,1
2000-01-06 13:30:00,1,14.5,synthetic,False,0.0,0.0,4.276,1.0,0.0,0.0,0.0,0.0,0.0,0.0,0.0,56.5,5.0,False,38.0,0.0,,17.5,0.575,13,3,0,False,False,False,False,14.0,True,True,train,exercise day,1
2000-01-06 13:35:00,1,14.4,synthetic,False,0.0,0.0,3.807,1.0,0.0,0.0,0.0,0.0,0.0,0.0,0.0,,,True,25.0,0.0,,17.58,0.505,13,3,0,False,False,False,False,13.5,True,True,train,exercise day,1
2000-01-06 13:40:00,1,,,False,0.0,0.0,3.337,1.0,0.0,0.0,0.0,0.0,0.0,0.0,0.0,,,True,29.0,0.0,,17.67,0.44,13,3,0,False,False,False,True,,False,False,train,exercise day,1
2000-01-06 13:45:00,1,13.9,synthetic,False,0.0,0.0,2.868,1.0,0.0,0.0,0.0,0.0,0.0,0.0,0.0,,,True,24.0,0.0,,17.75,0.38,13,3,0,False,False,False,False,13.0,False,False,train,exercise day,1
2000-01-06 13:50:00,1,14.1,synthetic,False,0.0,0.0,2.399,1.0,0.0,0.0,0.0,0.0,0.0,0.0,0.0,,,True,24.0,0.0,,17.83,0.323,13,3,0,False,False,False,False,12.1,False,False,train,exercise day,1
2000-01-06 13:55:00,1,13.9,synthetic,False,0.0,0.0,1.929,1.0,0.0,0.0,0.0,0.0,0.0,0.0,0.0,57.2,5.0,False,26.0,0.0,,17.92,0.272,13,3,0,False,False,False,False,12.0,False,False,train,exercise day,1
2000-01-06 14:00:00,1,14.0,synthetic,False,0.0,0.0,1.609,1.0,0.0,0.0,0.0,0.0,0.0,0.0,0.0,48.5,1.0,False,24.0,0.0,,18.0,0.225,14,3,0,False,False,False,False,12.0,False,False,train,exercise day,1
2000-01-06 14:05:00,1,13.5,synthetic,False,0.0,0.0,1.494,1.0,0.0,0.0,0.0,0.0,0.0,0.0,0.0,56.6,1.0,False,25.0,0.0,,18.08,0.182,14,3,0,False,False,False,False,11.8,False,False,train,exercise day,1
2000-01-06 14:10:00,1,,,False,0.0,0.0,1.379,0.0,1.0,0.0,0.0,0.1078,0.0,0.0,0.0,,,True,20.0,0.0,,18.17,0.144,14,3,0,False,False,False,True,12.3,False,False,train,exercise day,1
2000-01-06 14:15:00,1,13.0,synthetic,False,0.0,0.0,1.264,0.0,1.0,0.0,0.0,0.1078,0.0,0.0,0.0,54.8,1.0,False,24.0,0.0,,18.25,0.216,14,3,0,False,False,False,False,11.5,False,False,train,exercise day,1
2000-01-06 14:20:00,1,12.1,synthetic,False,0.0,0.0,1.149,0.0,1.0,0.0,0.0,0.1078,0.0,0.0,0.0,,,True,23.0,0.0,,18.33,0.287,14,3,0,False,False,False,False,11.5,False,False,train,exercise day,1
2000-01-06 14:25:00,1,12.0,synthetic,False,0.0,0.0,1.034,0.0,1.0,0.0,0.0,0.1078,0.0,0.0,0.0,53.1,4.0,False,28.0,0.0,,18.42,0.359,14,3,0,False,False,False,False,10.9,False,False,train,exercise day,1
2000-01-06 14:30:00,1,12.0,synthetic,False,0.0,0.0,0.919,0.0,1.0,0.0,0.0,0.1078,0.0,0.0,0.0,52.9,1.0,False,28.0,0.0,,18.5,0.431,14,3,0,False,False,False,False,10.9,False,False,train,exercise day,1
2000-01-06 14:35:00,1,11.8,synthetic,False,0.0,0.0,0.804,0.0,1.0,0.0,0.0,0.1078,0.0,0.0,0.0,,,True,34.0,0.0,,18.58,0.503,14,3,0,False,False,False,False,10.7,False,False,train,exercise day,1
2000-01-06 14:40:00,1,12.3,synthetic,False,0.0,0.0,0.689,0.0,1.0,0.0,0.0,0.1078,0.0,0.0,0.0,63.7,5.0,False,18.0,0.0,,18.67,0.575,14,3,0,False,False,False,False,10.2,False,False,train,exercise day,1
2000-01-06 14:45:00,1,11.5,synthetic,False,0.0,0.0,0.575,0.0,1.0,0.0,0.0,0.1078,0.0,0.0,0.0,,,True,22.0,0.0,,18.75,0.647,14,3,0,False,False,False,False,10.6,False,False,train,exercise day,1
2000-01-06 14:50:00,1,11.5,synthetic,False,0.0,0.0,0.46,0.0,1.0,0.0,0.0,0.1078,0.0,0.0,0.0,67.4,1.0,False,35.0,0.0,,18.83,0.719,14,3,0,False,False,False,False,10.9,False,False,train,exercise day,1
2000-01-06 14:55:00,1,10.9,synthetic,False,0.0,0.0,0.345,0.0,1.0,0.0,0.0,0.1078,0.0,0.0,0.0,,,True,26.0,0.0,,18.92,0.788,14,3,0,False,False,False,False,10.4,False,False,train,exercise day,1
2000-01-06 15:00:00,1,10.9,synthetic,False,0.0,0.0,0.23,0.0,1.0,0.0,0.0,0.1078,0.0,0.0,0.0,,,True,31.0,0.0,,19.0,0.853,15,3,0,False,False,False,False,10.4,False,False,train,exercise day,1
2000-01-06 15:05:00,1,10.7,synthetic,False,0.0,0.0,0.115,0.0,1.0,0.0,0.0,0.1078,0.0,0.0,0.0,,,True,17.0,0.0,,19.08,0.914,15,3,0,False,False,False,False,9.9,False,False,train,exercise day,1
2000-01-06 15:10:00,1,10.2,synthetic,False,0.0,0.0,0.0,0.0,1.0,0.0,0.0,0.1078,0.0,0.0,0.0,57.8,3.0,False,23.0,0.0,,19.17,0.97,15,3,0,False,False,False,False,9.0,True,True,train,exercise day,1
2000-01-06 15:15:00,1,10.6,synthetic,False,0.0,0.0,0.0,0.0,1.0,0.0,0.0,0.1078,0.0,0.0,0.0,64.2,2.0,False,30.0,0.0,,19.25,1.022,15,3,0,False,False,False,False,9.5,True,True,train,exercise day,1
2000-01-06 15:20:00,1,10.9,synthetic,False,0.0,0.0,0.0,0.0,1.0,0.0,0.0,0.1078,0.0,0.0,0.0,,,True,27.0,0.0,,19.33,1.069,15,3,0,False,False,False,False,10.5,True,True,train,exercise day,1
2000-01-06 15:25:00,1,10.4,synthetic,False,0.0,0.0,0.0,0.0,1.0,0.0,0.0,0.1078,0.0,0.0,0.0,,,True,26.0,0.0,,19.42,1.112,15,3,0,False,False,False,False,11.0,True,True,train,exercise day,1
2000-01-06 15:30:00,1,10.4,synthetic,False,0.0,0.0,0.0,0.0,1.0,0.0,0.0,0.1078,0.0,0.0,0.0,51.3,5.0,False,17.0,0.0,,19.5,1.15,15,3,0,False,False,False,False,11.2,True,True,train,exercise day,1
2000-01-06 15:35:00,1,9.9,synthetic,False,0.0,0.0,0.0,0.0,1.0,0.0,0.0,0.1078,0.0,0.0,0.0,,,True,30.0,0.0,,19.58,1.184,15,3,0,False,False,False,False,10.3,True,True,train,exercise day,1
2000-01-06 15:40:00,1,9.0,synthetic,False,0.0,0.0,0.0,0.0,1.0,0.0,0.0,0.1078,0.0,0.0,0.0,43.6,5.0,False,27.0,0.0,,19.67,1.213,15,3,0,False,False,False,False,10.0,True,True,train,exercise day,1
2000-01-06 15:45:00,1,9.5,synthetic,False,0.0,0.0,0.0,0.0,1.0,0.0,0.0,0.1078,0.0,0.0,0.0,52.4,3.0,False,30.0,0.0,,19.75,1.237,15,3,0,False,False,False,False,10.4,True,True,train,exercise day,1
2000-01-06 15:50:00,1,10.5,synthetic,False,0.0,0.0,0.0,0.0,1.0,0.0,0.0,0.1078,0.0,0.0,0.0,54.7,2.0,False,14.0,0.0,,19.83,1.258,15,3,0,False,False,False,False,10.4,True,True,train,exercise day,1
2000-01-06 15:55:00,1,11.0,synthetic,False,0.0,0.0,0.0,0.0,1.0,0.0,0.0,0.1078,0.0,0.0,0.0,34.1,1.0,False,21.0,0.0,,19.92,1.273,15,3,0,False,False,False,False,10.3,True,True,train,exercise day,1
2000-01-06 16:00:00,1,11.2,synthetic,False,0.0,0.0,0.0,0.0,1.0,0.0,0.0,0.1078,0.0,0.0,0.0,49.8,3.0,False,27.0,0.0,,20.0,1.285,16,3,0,False,False,False,False,10.8,True,True,train,exercise day,1
2000-01-06 16:05:00,1,10.3,synthetic,False,0.0,0.0,0.0,0.0,1.0,0.0,0.0,0.1078,0.0,0.0,0.0,,,True,28.0,0.0,,20.08,1.291,16,3,0,False,False,False,False,11.0,True,True,train,exercise day,1
2000-01-06 16:10:00,1,10.0,synthetic,False,0.0,0.0,0.0,0.0,1.0,0.0,0.0,0.1078,0.0,0.0,0.0,,,True,28.0,0.0,,20.17,1.294,16,3,0,False,False,False,False,10.2,True,True,train,exercise day,1
2000-01-06 16:15:00,1,10.4,synthetic,False,3.84,16.6,3.839,0.0,1.0,0.0,0.0,0.1078,0.0,0.0,0.0,54.9,5.0,False,25.0,0.0,,20.25,1.294,16,3,0,False,False,False,False,10.2,True,True,train,exercise day,1
2000-01-06 16:20:00,1,10.4,synthetic,False,0.0,0.0,3.679,0.0,1.0,0.0,0.0,0.1078,0.0,0.0,0.0,72.2,3.0,False,29.0,0.0,,20.33,1.294,16,3,0,False,False,False,False,10.4,True,True,train,exercise day,1
2000-01-06 16:25:00,1,10.3,synthetic,False,0.0,0.0,3.519,0.0,1.0,0.0,0.0,0.1078,0.0,0.0,0.0,57.7,3.0,False,27.0,0.0,,20.42,1.294,16,3,0,False,False,False,False,10.9,True,True,train,exercise day,1
2000-01-06 16:30:00,1,10.8,synthetic,False,0.0,0.0,3.359,0.0,1.0,0.0,0.0,0.1078,0.0,0.0,0.0,69.8,4.0,False,21.0,0.0,,20.5,1.294,16,3,0,False,False,False,False,10.8,True,True,train,exercise day,1
2000-01-06 16:35:00,1,11.0,synthetic,False,0.0,0.0,3.199,0.0,1.0,0.0,0.0,0.1078,0.0,0.0,0.0,59.7,5.0,False,23.0,0.0,,20.58,1.294,16,3,0,False,False,False,False,11.0,True,True,train,exercise day,1
2000-01-06 16:40:00,1,10.2,synthetic,False,0.0,0.0,3.039,0.0,1.0,0.0,0.0,0.1078,0.0,0.0,0.0,60.8,5.0,False,23.0,0.0,,20.67,1.294,16,3,0,False,False,False,False,11.1,True,True,train,exercise day,1
2000-01-06 16:45:00,1,10.2,synthetic,False,0.0,0.0,2.879,0.0,1.0,0.0,0.0,0.1078,0.0,0.0,0.0,49.1,2.0,False,36.0,0.0,,20.75,1.294,16,3,0,False,False,False,False,11.0,True,True,train,exercise day,1
2000-01-06 16:50:00,1,10.4,synthetic,False,0.0,0.0,2.719,0.0,1.0,0.0,0.0,0.1078,1.0,0.0,0.0,59.3,2.0,False,19.0,0.0,,20.83,1.294,16,3,0,False,False,False,False,11.1,True,True,train,exercise day,1
2000-01-06 16:55:00,1,10.9,synthetic,False,0.0,0.0,2.559,0.0,1.0,0.0,0.0,0.1078,1.0,0.0,0.0,,,True,24.0,0.0,,20.92,1.294,16,3,0,False,False,False,False,11.4,True,True,train,exercise day,1
2000-01-06 17:00:00,1,10.8,synthetic,False,0.0,0.0,2.399,0.0,1.0,0.0,0.0,0.1078,1.0,0.0,0.0,,,True,25.0,0.0,,21.0,1.294,17,3,0,False,False,False,False,11.2,True,True,train,exercise day,1
2000-01-06 17:05:00,1,11.0,synthetic,False,0.0,0.0,2.239,0.0,1.0,0.0,0.0,0.1078,1.0,0.0,0.0,59.7,1.0,False,21.0,0.0,,21.08,1.294,17,3,0,False,False,False,False,11.2,True,True,train,exercise day,1
2000-01-06 17:10:00,1,11.1,synthetic,False,0.0,0.0,2.079,0.0,1.0,0.0,0.0,0.1078,1.0,0.0,0.0,67.2,2.0,False,33.0,0.0,,21.17,1.294,17,3,0,False,False,False,False,11.0,True,True,train,exercise day,1
2000-01-06 17:15:00,1,11.0,synthetic,False,0.0,0.0,1.919,0.0,1.0,0.0,0.0,0.1078,1.0,0.0,0.0,,,True,21.0,0.0,,21.25,1.294,17,3,0,False,False,False,False,11.0,True,True,train,exercise day,1
2000-01-06 17:20:00,1,11.1,synthetic,False,0.0,0.0,1.759,0.0,1.0,0.0,0.0,0.1078,1.0,0.0,0.0,48.6,3.0,False,26.0,0.0,,21.33,1.294,17,3,0,False,False,False,False,8.0,True,True,train,exercise day,1
2000-01-06 17:25:00,1,11.4,synthetic,False,0.0,0.0,1.599,0.0,1.0,0.0,0.0,0.1078,1.0,0.0,0.0,,,True,25.0,0.0,,21.42,1.294,17,3,0,False,False,False,False,8.1,True,True,train,exercise day,1
2000-01-06 17:30:00,1,11.2,synthetic,False,0.0,0.0,1.439,0.0,1.0,0.0,0.0,0.1078,1.0,0.0,0.0,,,True,206.0,0.0,,21.5,1.294,17,3,0,False,False,False,False,8.2,True,True,train,exercise day,1
2000-01-06 17:35:00,1,11.2,synthetic,False,0.0,0.0,1.28,0.0,1.0,0.0,0.0,0.1078,1.0,0.0,0.0,64.9,5.0,False,216.0,0.0,,21.58,1.294,17,3,0,False,False,False,False,8.8,True,True,train,exercise day,1
2000-01-06 17:40:00,1,11.0,synthetic,False,0.0,0.0,1.12,0.0,1.0,0.0,0.0,0.1078,1.0,0.0,0.0,62.4,5.0,False,239.0,0.0,,21.67,1.294,17,3,0,False,False,False,False,9.2,True,True,train,exercise day,1
2000-01-06 17:45:00,1,11.0,synthetic,False,4.74,29.9,5.704,0.0,1.0,0.0,0.0,0.1078,1.0,0.0,0.0,47.5,2.0,False,241.0,0.0,,21.75,1.294,17,3,0,False,False,False,False,9.4,True,True,train,exercise day,1
2000-01-06 17:50:00,1,8.0,synthetic,False,0.0,0.0,5.346,0.0,1.0,0.0,0.0,0.1078,1.0,0.0,0.0,96.7,2.0,False,267.0,5.0,gym,21.83,1.294,17,3,0,False,False,False,False,9.2,True,True,train,exercise day,1
2000-01-06 17:55:00,1,8.1,synthetic,False,0.0,0.0,4.988,0.0,1.0,0.0,0.0,0.1078,1.0,0.0,0.0,103.4,2.0,False,226.0,5.0,gym,21.92,1.294,17,3,0,False,False,False,False,10.0,True,True,train,exercise day,1
2000-01-06 18:00:00,1,8.2,synthetic,False,0.0,0.0,4.631,1.0,0.0,0.0,0.0,0.0,1.0,0.0,0.0,105.3,3.0,False,255.0,5.0,gym,22.0,1.294,18,3,0,False,False,False,False,10.6,True,True,train,exercise day,1
2000-01-06 18:05:00,1,8.8,synthetic,False,0.0,0.0,4.273,1.0,0.0,0.0,0.0,0.0,1.0,0.0,0.0,103.4,5.0,False,231.0,5.0,gym,22.08,1.188,18,3,0,False,False,False,False,10.6,True,True,train,exercise day,1
2000-01-06 18:10:00,1,9.2,synthetic,False,0.0,0.0,3.916,1.0,0.0,0.0,0.0,0.0,1.0,0.0,0.0,101.1,5.0,False,211.0,5.0,gym,22.17,1.087,18,3,0,False,False,False,False,10.6,True,True,train,exercise day,1
2000-01-06 18:15:00,1,9.4,synthetic,False,0.0,0.0,3.558,1.0,0.0,0.0,0.0,0.0,1.0,0.0,0.0,102.1,1.0,False,258.0,5.0,gym,22.25,0.99,18,3,0,False,False,False,False,10.8,True,True,train,exercise day,1
2000-01-06 18:20:00,1,9.2,synthetic,False,0.0,0.0,3.36,1.0,0.0,0.0,0.0,0.0,1.0,0.0,0.0,103.1,5.0,False,237.0,5.0,gym,22.33,0.898,18,3,0,False,False,False,False,11.0,True,True,train,exercise day,1
2000-01-06 18:25:00,1,10.0,synthetic,False,0.0,0.0,3.163,1.0,0.0,0.0,0.0,0.0,1.0,0.0,0.0,93.9,1.0,False,237.0,5.0,gym,22.42,0.811,18,3,0,False,False,False,False,11.0,True,True,train,exercise day,1
2000-01-06 18:30:00,1,10.6,synthetic,False,0.0,0.0,2.965,1.0,0.0,0.0,0.0,0.0,1.0,0.0,0.0,94.4,4.0,False,235.0,5.0,gym,22.5,0.728,18,3,0,False,False,False,False,11.3,True,True,train,exercise day,1
2000-01-06 18:35:00,1,10.6,synthetic,False,0.0,0.0,2.767,1.0,0.0,0.0,0.0,0.0,1.0,0.0,0.0,104.4,5.0,False,265.0,5.0,gym,22.58,0.649,18,3,0,False,False,False,False,11.8,True,True,train,exercise day,1
2000-01-06 18:40:00,1,10.6,synthetic,False,0.0,0.0,2.57,1.0,0.0,0.0,0.0,0.0,1.0,0.0,0.0,97.4,5.0,False,244.0,5.0,gym,22.67,0.575,18,3,0,False,False,False,False,11.0,True,True,train,exercise day,1
2000-01-06 18:45:00,1,10.8,synthetic,False,0.0,0.0,2.372,1.0,0.0,0.0,0.0,0.0,1.0,0.0,0.0,104.5,4.0,False,249.0,5.0,gym,22.75,0.505,18,3,0,False,False,False,False,10.4,True,True,train,exercise day,1
2000-01-06 18:50:00,1,11.0,synthetic,False,0.0,0.0,2.174,1.0,0.0,0.0,0.0,0.0,1.0,0.0,0.0,108.3,1.0,False,246.0,5.0,gym,22.83,0.44,18,3,0,False,False,False,False,10.4,True,True,train,exercise day,1
2000-01-06 18:55:00,1,11.0,synthetic,False,0.0,0.0,1.977,1.0,0.0,0.0,0.0,0.0,1.0,0.0,0.0,106.0,4.0,False,253.0,5.0,gym,22.92,0.38,18,3,0,False,False,False,False,9.7,True,True,train,exercise day,1
2000-01-06 19:00:00,1,11.3,synthetic,False,0.0,0.0,1.779,1.0,0.0,0.0,0.0,0.0,1.0,0.0,0.0,95.9,2.0,False,228.0,5.0,gym,23.0,0.323,19,3,0,False,False,False,False,9.6,True,True,train,exercise day,1
2000-01-06 19:05:00,1,11.8,synthetic,False,0.0,0.0,1.581,1.0,0.0,0.0,0.0,0.0,1.0,0.0,0.0,115.6,5.0,False,243.0,5.0,gym,23.08,0.272,19,3,0,False,False,False,False,10.5,True,True,train,exercise day,1
2000-01-06 19:10:00,1,11.0,synthetic,False,0.0,0.0,1.384,1.0,0.0,0.0,0.0,0.0,1.0,0.0,0.0,103.8,2.0,False,244.0,5.0,gym,23.17,0.225,19,3,0,False,False,False,False,10.3,True,True,train,exercise day,1
2000-01-06 19:15:00,1,10.4,synthetic,False,0.0,0.0,1.186,1.0,0.0,0.0,0.0,0.0,1.0,0.0,0.0,99.1,4.0,False,261.0,5.0,gym,23.25,0.182,19,3,0,False,False,False,False,10.3,True,True,train,exercise day,1
2000-01-06 19:20:00,1,10.4,synthetic,False,0.0,0.0,0.988,1.0,0.0,0.0,0.0,0.0,1.0,0.0,0.0,,,True,27.0,0.0,,0.0,0.144,19,3,0,False,False,False,False,9.8,True,True,train,exercise day,1
2000-01-06 19:25:00,1,9.7,synthetic,False,0.0,0.0,0.791,1.0,0.0,0.0,0.0,0.0,1.0,0.0,0.0,,,True,34.0,0.0,,0.08,0.11,19,3,0,False,False,False,False,10.7,True,True,train,exercise day,1
2000-01-06 19:30:00,1,9.6,synthetic,False,0.0,0.0,0.593,1.0,0.0,0.0,0.0,0.0,1.0,0.0,0.0,,,True,28.0,0.0,,0.17,0.081,19,3,0,False,False,False,False,10.9,True,True,train,exercise day,1
2000-01-06 19:35:00,1,10.5,synthetic,False,0.0,0.0,0.395,1.0,0.0,0.0,0.0,0.0,1.0,0.0,0.0,74.8,5.0,False,26.0,0.0,,0.25,0.056,19,3,0,False,False,False,False,11.1,True,True,train,exercise day,1
2000-01-06 19:40:00,1,10.3,synthetic,False,0.0,0.0,0.198,1.0,0.0,0.0,0.0,0.0,1.0,0.0,0.0,,,True,23.0,0.0,,0.33,0.036,19,3,0,False,False,False,False,12.0,True,True,train,exercise day,1
2000-01-06 19:45:00,1,10.3,synthetic,False,0.0,0.0,0.0,1.0,0.0,0.0,0.0,0.0,1.0,0.0,0.0,,,True,23.0,0.0,,0.42,0.02,19,3,0,False,False,False,False,11.2,True,True,train,exercise day,1
2000-01-06 19:50:00,1,9.8,synthetic,False,2.01,41.5,2.009,0.0,1.0,0.0,0.0,0.1078,1.0,0.0,0.0,64.7,5.0,False,25.0,0.0,,0.5,0.009,19,3,0,False,False,False,False,10.8,True,True,train,exercise day,1
2000-01-06 19:55:00,1,10.7,synthetic,False,0.0,0.0,1.926,0.0,1.0,0.0,0.0,0.1078,1.0,0.0,0.0,56.2,2.0,False,26.0,0.0,,0.58,0.108,19,3,0,False,False,False,False,11.6,True,True,train,exercise day,1
2000-01-06 20:00:00,1,10.9,synthetic,False,0.0,0.0,1.842,0.0,1.0,0.0,0.0,0.1078,1.0,0.0,0.0,,,True,16.0,0.0,,0.67,0.207,20,3,0,False,False,False,False,12.9,True,True,train,exercise day,1
2000-01-06 20:05:00,1,11.1,synthetic,False,0.0,0.0,1.758,0.0,1.0,0.0,0.0,0.1078,1.0,0.0,0.0,,,True,25.0,0.0,,0.75,0.303,20,3,0,False,False,False,False,14.0,True,True,train,exercise day,1
2000-01-06 20:10:00,1,12.0,synthetic,False,0.0,0.0,1.675,0.0,1.0,0.0,0.0,0.1078,1.0,0.0,0.0,,,True,18.0,0.0,,0.83,0.395,20,3,0,False,False,False,False,14.3,True,True,train,exercise day,1
2000-01-06 20:15:00,1,11.2,synthetic,False,0.0,0.0,1.591,0.0,0.0,1.0,0.0,0.0833,1.0,0.0,0.0,,,True,25.0,0.0,,0.92,0.483,20,3,0,False,False,False,False,15.5,True,True,train,exercise day,1
2000-01-06 20:20:00,1,10.8,synthetic,False,0.1,42.2,1.607,0.0,1.0,0.0,0.0,0.1078,0.0,0.0,0.0,,,True,23.0,0.0,,1.0,0.542,20,3,0,False,False,False,False,15.8,True,True,train,exercise day,1
2000-01-06 20:25:00,1,11.6,synthetic,False,0.87,22.5,2.387,0.0,1.0,0.0,0.0,0.1078,0.0,0.0,0.0,60.8,4.0,False,22.0,0.0,,1.08,0.622,20,3,0,False,False,False,False,16.0,True,True,train,exercise day,1
2000-01-06 20:30:00,1,12.9,synthetic,False,0.0,0.0,2.263,0.0,1.0,0.0,0.0,0.1078,0.0,0.0,0.0,,,True,23.0,0.0,,1.17,0.697,20,3,0,False,False,False,False,16.4,True,True,train,exercise day,1
2000-01-06 20:35:00,1,14.0,synthetic,False,0.0,0.0,2.138,0.0,1.0,0.0,0.0,0.1078,0.0,0.0,0.0,62.7,2.0,False,27.0,0.0,,1.25,0.767,20,3,0,False,False,False,False,16.2,True,True,train,exercise day,1
2000-01-06 20:40:00,1,14.3,synthetic,False,0.0,0.0,2.014,0.0,1.0,0.0,0.0,0.1078,0.0,0.0,0.0,49.2,3.0,False,18.0,0.0,,1.33,0.834,20,3,0,False,False,False,False,16.2,True,True,train,exercise day,1
2000-01-06 20:45:00,1,15.5,synthetic,False,0.0,0.0,1.89,0.0,1.0,0.0,0.0,0.1078,0.0,0.0,0.0,69.2,2.0,False,31.0,0.0,,1.42,0.895,20,3,0,False,False,False,False,17.2,True,True,train,exercise day,1
2000-01-06 20:50:00,1,15.8,synthetic,False,0.0,0.0,1.766,0.0,1.0,0.0,0.0,0.1078,0.0,0.0,0.0,,,True,27.0,0.0,,1.5,0.952,20,3,0,False,False,False,False,21.8,True,True,train,exercise day,1
2000-01-06 20:55:00,1,16.0,synthetic,False,0.0,0.0,1.642,0.0,1.0,0.0,0.0,0.1078,0.0,0.0,0.0,,,True,20.0,0.0,,1.58,1.005,20,3,0,False,False,False,False,21.5,True,True,train,exercise day,1
2000-01-06 21:00:00,1,16.4,synthetic,False,0.0,0.0,1.518,0.0,1.0,0.0,0.0,0.1078,0.0,0.0,0.0,,,True,26.0,0.0,,1.67,1.053,21,3,0,False,False,False,False,21.0,True,True,train,exercise day,1
2000-01-06 21:05:00,1,16.2,synthetic,False,0.0,0.0,1.394,0.0,1.0,0.0,0.0,0.1078,0.0,0.0,0.0,,,True,21.0,0.0,,1.75,1.097,21,3,0,False,False,False,False,,True,False,train,exercise day,1
2000-01-06 21:10:00,1,16.2,synthetic,False,0.0,0.0,1.27,0.0,1.0,0.0,0.0,0.1078,0.0,0.0,0.0,,,True,27.0,0.0,,1.83,1.136,21,3,0,False,False,False,False,20.3,True,True,train,exercise day,1
2000-01-06 21:15:00,1,17.2,synthetic,False,0.0,0.0,1.146,0.0,1.0,0.0,0.0,0.1078,0.0,0.0,0.0,67.4,2.0,False,32.0,0.0,,1.92,1.171,21,3,0,False,False,False,False,19.2,True,True,train,exercise day,1
2000-01-06 21:20:00,1,21.8,synthetic,False,0.0,0.0,1.022,0.0,1.0,0.0,0.0,0.1078,0.0,0.0,0.0,54.1,4.0,False,24.0,0.0,,2.0,1.201,21,3,0,False,False,False,False,18.6,True,True,train,exercise day,1
2000-01-06 21:25:00,1,21.5,synthetic,False,0.0,0.0,0.898,0.0,1.0,0.0,0.0,0.1078,0.0,0.0,0.0,64.5,2.0,False,22.0,0.0,,2.08,1.227,21,3,0,False,False,False,False,19.0,True,True,train,exercise day,1
2000-01-06 21:30:00,1,21.0,synthetic,False,0.0,0.0,0.774,0.0,1.0,0.0,0.0,0.1078,0.0,0.0,0.0,57.4,2.0,False,21.0,0.0,,2.17,1.248,21,3,0,False,False,False,False,18.3,True,True,train,exercise day,1
2000-01-06 21:35:00,1,,,False,0.0,0.0,0.65,0.0,1.0,0.0,0.0,0.1078,0.0,0.0,0.0,69.1,5.0,False,28.0,0.0,,2.25,1.265,21,3,0,False,False,False,True,17.6,False,False,train,exercise day,1
2000-01-06 21:40:00,1,20.3,synthetic,False,0.0,0.0,0.526,0.0,1.0,0.0,0.0,0.1078,0.0,0.0,0.0,76.7,1.0,False,18.0,0.0,,2.33,1.277,21,3,0,False,False,False,False,17.6,False,False,train,exercise day,1
2000-01-06 21:45:00,1,19.2,synthetic,False,0.0,0.0,0.402,0.0,1.0,0.0,0.0,0.1078,0.0,0.0,0.0,64.4,5.0,False,20.0,0.0,,2.42,1.285,21,3,0,False,False,False,False,17.2,False,False,train,exercise day,1
2000-01-06 21:50:00,1,18.6,synthetic,False,0.0,0.0,0.278,0.0,1.0,0.0,0.0,0.1078,0.0,0.0,0.0,,,True,22.0,0.0,,2.5,1.288,21,3,0,False,False,False,False,17.4,False,False,train,exercise day,1
2000-01-06 21:55:00,1,19.0,synthetic,False,0.0,0.0,0.238,0.0,1.0,0.0,0.0,0.1078,0.0,0.0,0.0,53.7,1.0,False,22.0,0.0,,2.58,1.289,21,3,0,False,False,False,False,17.5,False,False,train,exercise day,1
2000-01-06 22:00:00,1,18.3,synthetic,False,0.0,0.0,0.197,0.0,1.0,0.0,0.0,0.1078,0.0,0.0,0.0,,,True,29.0,0.0,,2.67,1.29,22,3,0,False,False,False,False,16.8,False,False,train,exercise day,1
2000-01-06 22:05:00,1,17.6,synthetic,False,3.77,49.1,3.932,0.0,1.0,0.0,0.0,0.1078,0.0,0.0,0.0,55.0,3.0,False,28.0,0.0,,2.75,1.291,22,3,0,False,False,False,False,17.5,False,False,train,exercise day,1
2000-01-06 22:10:00,1,17.6,synthetic,False,0.0,0.0,3.734,0.0,1.0,0.0,0.0,0.1078,0.0,0.0,0.0,61.8,3.0,False,23.0,0.0,,2.83,1.292,22,3,0,False,False,False,False,17.2,False,False,train,exercise day,1
2000-01-06 22:15:00,1,17.2,synthetic,False,0.0,0.0,3.537,0.0,1.0,0.0,0.0,0.1078,0.0,0.0,0.0,75.3,3.0,False,25.0,0.0,,2.92,1.293,22,3,0,False,False,False,False,16.7,False,False,train,exercise day,1
2000-01-06 22:20:00,1,17.4,synthetic,False,0.0,0.0,3.339,0.0,0.685,0.0,0.315,0.0738,0.0,0.0,0.0,51.3,4.0,False,12.0,0.0,,3.0,1.294,22,3,0,False,False,True,False,17.2,False,False,train,exercise day,1
2000-01-06 22:25:00,1,17.5,synthetic,False,0.0,0.0,3.146,0.0,1.0,0.0,0.0,0.1078,0.0,0.0,0.0,58.3,4.0,False,23.0,0.0,,3.08,1.26,22,3,0,False,False,False,False,17.4,False,False,train,exercise day,1
2000-01-06 22:30:00,1,16.8,synthetic,False,0.0,0.0,2.988,0.0,1.0,0.0,0.0,0.1078,0.0,0.0,0.0,60.6,3.0,False,17.0,0.0,,3.17,1.262,22,3,0,False,False,False,False,18.0,False,False,train,exercise day,1
2000-01-06 22:35:00,1,17.5,synthetic,False,0.0,0.0,2.831,0.0,1.0,0.0,0.0,0.1078,0.0,0.0,0.0,68.3,1.0,False,25.0,0.0,,3.25,1.263,22,3,0,False,False,False,False,18.2,True,True,train,exercise day,1
2000-01-06 22:40:00,1,17.2,synthetic,False,0.0,0.0,2.674,0.0,1.0,0.0,0.0,0.1078,0.0,0.0,0.0,59.1,5.0,False,22.0,0.0,,3.33,1.265,22,3,0,False,False,False,False,17.5,True,True,train,exercise day,1
2000-01-06 22:45:00,1,16.7,synthetic,False,0.0,0.0,2.516,0.0,1.0,0.0,0.0,0.1078,0.0,0.0,0.0,,,True,28.0,0.0,,3.42,1.266,22,3,0,False,False,False,False,16.7,True,True,train,exercise day,1
2000-01-06 22:50:00,1,17.2,synthetic,False,0.0,0.0,2.359,0.0,1.0,0.0,0.0,0.1078,0.0,0.0,0.0,50.8,1.0,False,32.0,0.0,,3.5,1.267,22,3,0,False,False,False,False,16.2,True,True,train,exercise day,1
2000-01-06 22:55:00,1,17.4,synthetic,False,0.0,0.0,2.202,0.0,1.0,0.0,0.0,0.1078,0.0,0.0,0.0,,,True,30.0,0.0,,3.58,1.269,22,3,0,False,False,False,False,15.9,True,True,train,exercise day,1
2000-01-06 23:00:00,1,18.0,synthetic,False,0.0,0.0,2.045,0.0,1.0,0.0,0.0,0.1078,0.0,0.0,0.0,56.4,3.0,False,1.0,0.0,,3.67,1.27,23,3,0,False,False,False,False,16.1,True,True,train,exercise day,1
2000-01-06 23:05:00,1,18.2,synthetic,False,0.0,0.0,1.887,0.0,1.0,0.0,0.0,0.1078,0.0,0.0,0.0,64.6,4.0,False,0.0,0.0,,3.75,1.272,23,3,0,False,False,False,False,16.5,True,True,train,exercise day,1
2000-01-06 23:10:00,1,17.5,synthetic,False,0.0,0.0,1.73,0.0,1.0,0.0,0.0,0.1078,0.0,0.0,0.0,,,True,2.0,0.0,,3.83,1.273,23,3,0,False,False,False,False,16.1,True,True,train,exercise day,1
2000-01-06 23:15:00,1,16.7,synthetic,False,0.0,0.0,1.573,0.0,1.0,0.0,0.0,0.1078,0.0,0.0,0.0,,,True,1.0,0.0,,3.92,1.274,23,3,0,False,False,False,False,15.7,True,True,train,exercise day,1
2000-01-06 23:20:00,1,16.2,synthetic,False,0.0,0.0,1.415,0.0,1.0,0.0,0.0,0.1078,0.0,0.0,0.0,,,True,1.0,0.0,,4.0,1.276,23,3,0,False,False,False,False,15.1,True,True,train,exercise day,1
2000-01-06 23:25:00,1,15.9,synthetic,False,0.0,0.0,1.258,0.0,1.0,0.0,0.0,0.1078,0.0,0.0,0.0,,,True,1.0,0.0,,4.08,1.277,23,3,0,False,False,False,False,14.0,True,True,train,exercise day,1
2000-01-06 23:30:00,1,16.1,synthetic,False,0.0,0.0,1.101,0.0,1.0,0.0,0.0,0.1078,0.0,0.0,0.0,58.7,3.0,False,0.0,0.0,,4.17,1.279,23,3,0,False,False,False,False,13.3,True,True,train,exercise day,1
2000-01-06 23:35:00,1,16.5,synthetic,False,0.0,0.0,0.944,0.0,1.0,0.0,0.0,0.1078,0.0,0.0,0.0,56.5,1.0,False,1.0,0.0,,4.25,1.28,23,3,0,False,False,False,False,12.7,True,True,train,exercise day,1
2000-01-06 23:40:00,1,16.1,synthetic,False,0.0,0.0,0.786,0.0,1.0,0.0,0.0,0.1078,0.0,0.0,0.0,59.6,4.0,False,2.0,0.0,,4.33,1.282,23,3,0,False,False,False,False,12.3,True,True,train,exercise day,1
2000-01-06 23:45:00,1,15.7,synthetic,False,0.0,0.0,0.629,0.0,1.0,0.0,0.0,0.1078,0.0,0.0,0.0,63.2,4.0,False,0.0,0.0,,4.42,1.283,23,3,0,False,False,False,False,12.8,True,True,train,exercise day,1
2000-01-06 23:50:00,1,15.1,synthetic,False,0.0,0.0,0.472,0.0,1.0,0.0,0.0,0.1078,0.0,0.0,0.0,60.6,1.0,False,1.0,0.0,,4.5,1.284,23,3,0,False,False,False,False,12.6,True,True,train,exercise day,1
2000-01-06 23:55:00,1,14.0,synthetic,False,0.0,0.0,0.315,0.0,1.0,0.0,0.0,0.1078,0.0,0.0,0.0,63.3,4.0,False,0.0,0.0,,4.58,1.286,23,3,0,False,False,False,False,12.9,True,True,train,exercise day,1
2000-01-07 00:00:00,1,13.3,synthetic,False,0.0,0.0,0.157,0.0,1.0,0.0,0.0,0.1078,0.0,0.0,0.0,69.8,1.0,False,3.0,0.0,,4.67,1.287,0,4,0,False,False,False,False,13.0,True,True,train,day after,1
2000-01-07 00:05:00,1,12.7,synthetic,False,0.0,0.0,0.0,0.0,1.0,0.0,0.0,0.1078,0.0,0.0,0.0,,,True,1.0,0.0,,4.75,1.289,0,4,0,False,False,False,False,12.8,True,True,train,day after,1
2000-01-07 00:10:00,1,12.3,synthetic,False,0.0,0.0,0.0,0.0,1.0,0.0,0.0,0.1078,0.0,0.0,0.0,70.6,1.0,False,1.0,0.0,,4.83,1.29,0,4,0,False,False,False,False,13.2,True,True,train,day after,1
2000-01-07 00:15:00,1,12.8,synthetic,False,0.0,0.0,0.0,0.0,1.0,0.0,0.0,0.1078,0.0,0.0,0.0,61.1,4.0,False,1.0,0.0,,4.92,1.291,0,4,0,False,False,False,False,13.0,True,True,train,day after,1
2000-01-07 00:20:00,1,12.6,synthetic,False,0.0,0.0,0.0,0.0,1.0,0.0,0.0,0.1078,0.0,0.0,0.0,48.5,2.0,False,1.0,0.0,,5.0,1.293,0,4,0,False,False,False,False,12.3,True,True,train,day after,1
2000-01-07 00:25:00,1,12.9,synthetic,False,0.0,0.0,0.0,0.0,1.0,0.0,0.0,0.1078,0.0,0.0,0.0,,,True,1.0,0.0,,5.08,1.294,0,4,0,False,False,False,False,12.8,True,True,train,day after,1
2000-01-07 00:30:00,1,13.0,synthetic,False,0.0,0.0,0.0,0.0,1.0,0.0,0.0,0.1078,0.0,0.0,0.0,60.9,1.0,False,3.0,0.0,,5.17,1.294,0,4,0,False,False,False,False,12.4,True,True,train,day after,1
2000-01-07 00:35:00,1,12.8,synthetic,False,0.0,0.0,0.0,0.0,1.0,0.0,0.0,0.1078,0.0,0.0,0.0,53.5,2.0,False,2.0,0.0,,5.25,1.294,0,4,0,False,False,False,False,12.2,True,True,train,day after,1
2000-01-07 00:40:00,1,13.2,synthetic,False,0.0,0.0,0.0,0.0,1.0,0.0,0.0,0.1078,0.0,0.0,0.0,56.4,5.0,False,0.0,0.0,,5.33,1.294,0,4,0,False,False,False,False,12.2,True,True,train,day after,1
2000-01-07 00:45:00,1,13.0,synthetic,False,0.0,0.0,0.0,0.0,0.0,1.0,0.0,0.0833,0.0,0.0,0.0,64.6,5.0,False,1.0,0.0,,5.42,1.294,0,4,0,False,False,False,False,12.3,True,True,train,day after,1
2000-01-07 00:50:00,1,12.3,synthetic,False,0.0,0.0,0.0,0.0,1.0,0.0,0.0,0.1078,0.0,0.0,0.0,57.9,3.0,False,0.0,0.0,,5.5,1.27,0,4,0,False,False,False,False,11.9,True,True,train,day after,1
2000-01-07 00:55:00,1,12.8,synthetic,False,0.0,0.0,0.0,0.0,1.0,0.0,0.0,0.1078,0.0,0.0,0.0,54.7,2.0,False,0.0,0.0,,5.58,1.271,0,4,0,False,False,False,False,11.3,True,True,train,day after,1
2000-01-07 01:00:00,1,12.4,synthetic,False,0.0,0.0,0.0,0.0,1.0,0.0,0.0,0.1078,0.0,0.0,0.0,,,True,1.0,0.0,,5.67,1.272,1,4,0,False,False,False,False,,True,False,train,day after,1
2000-01-07 01:05:00,1,12.2,synthetic,False,0.0,0.0,0.0,0.0,1.0,0.0,0.0,0.1078,0.0,0.0,0.0,,,True,1.0,0.0,,5.75,1.273,1,4,0,False,False,False,False,11.5,True,True,train,day after,1
2000-01-07 01:10:00,1,12.2,synthetic,False,0.0,0.0,0.0,0.0,1.0,0.0,0.0,0.1078,0.0,0.0,0.0,50.2,5.0,False,1.0,0.0,,5.83,1.274,1,4,0,False,False,False,False,12.2,True,True,train,day after,1
2000-01-07 01:15:00,1,12.3,synthetic,False,0.0,0.0,0.0,0.0,1.0,0.0,0.0,0.1078,0.0,0.0,0.0,55.3,3.0,False,3.0,0.0,,5.92,1.275,1,4,0,False,False,False,False,12.2,True,True,train,day after,1
2000-01-07 01:20:00,1,11.9,synthetic,False,0.0,0.0,0.0,0.0,1.0,0.0,0.0,0.1078,0.0,0.0,0.0,58.5,1.0,False,0.0,0.0,,6.0,1.276,1,4,0,False,False,False,False,11.7,True,True,train,day after,1
2000-01-07 01:25:00,1,11.3,synthetic,False,0.0,0.0,0.0,0.0,1.0,0.0,0.0,0.1078,0.0,0.0,0.0,65.4,5.0,False,0.0,0.0,,6.08,1.277,1,4,0,False,False,False,False,11.3,True,True,train,day after,1
2000-01-07 01:30:00,1,,,False,0.0,0.0,0.0,0.0,1.0,0.0,0.0,0.1078,0.0,0.0,0.0,,,True,0.0,0.0,,6.17,1.278,1,4,0,False,False,False,True,12.0,False,False,train,day after,1
2000-01-07 01:35:00,1,11.5,synthetic,False,0.0,0.0,0.0,0.0,1.0,0.0,0.0,0.1078,0.0,0.0,0.0,54.5,3.0,False,1.0,0.0,,6.25,1.279,1,4,0,False,False,False,False,12.0,False,False,train,day after,1
2000-01-07 01:40:00,1,12.2,synthetic,False,0.0,0.0,0.0,0.0,1.0,0.0,0.0,0.1078,0.0,0.0,0.0,48.4,2.0,False,0.0,0.0,,6.33,1.28,1,4,0,False,False,False,False,11.2,False,False,train,day after,1
2000-01-07 01:45:00,1,12.2,synthetic,False,0.0,0.0,0.0,0.0,1.0,0.0,0.0,0.1078,0.0,0.0,0.0,59.8,3.0,False,1.0,0.0,,6.42,1.281,1,4,0,False,False,False,False,10.8,False,False,train,day after,1
2000-01-07 01:50:00,1,11.7,synthetic,False,0.0,0.0,0.0,0.0,1.0,0.0,0.0,0.1078,0.0,0.0,0.0,49.0,5.0,False,3.0,0.0,,6.5,1.282,1,4,0,False,False,False,False,10.8,False,False,train,day after,1
2000-01-07 01:55:00,1,11.3,synthetic,False,0.0,0.0,0.0,0.0,1.0,0.0,0.0,0.1078,0.0,0.0,0.0,,,True,1.0,0.0,,6.58,1.283,1,4,0,False,False,False,False,10.8,False,False,train,day after,1
2000-01-07 02:00:00,1,12.0,synthetic,False,0.0,0.0,0.0,0.0,1.0,0.0,0.0,0.1078,0.0,0.0,0.0,,,True,1.0,0.0,,6.67,1.284,2,4,0,False,False,False,False,10.9,False,False,train,day after,1
2000-01-07 02:05:00,1,12.0,synthetic,False,0.0,0.0,0.0,0.0,1.0,0.0,0.0,0.1078,0.0,0.0,0.0,71.5,3.0,False,2.0,0.0,,6.75,1.285,2,4,0,False,False,False,False,,False,False,train,day after,1
2000-01-07 02:10:00,1,11.2,synthetic,False,0.0,0.0,0.0,0.0,1.0,0.0,0.0,0.1078,0.0,0.0,0.0,55.1,1.0,False,1.0,0.0,,6.83,1.286,2,4,0,False,False,False,False,10.6,False,False,train,day after,1
2000-01-07 02:15:00,1,10.8,synthetic,False,0.0,0.0,0.0,0.0,1.0,0.0,0.0,0.1078,0.0,0.0,0.0,,,True,1.0,0.0,,6.92,1.287,2,4,0,False,False,False,False,10.9,False,False,train,day after,1
2000-01-07 02:20:00,1,10.8,synthetic,False,0.0,0.0,0.0,0.0,1.0,0.0,0.0,0.1078,0.0,0.0,0.0,,,True,0.0,0.0,,7.0,1.288,2,4,0,False,False,False,False,10.9,False,False,train,day after,1
2000-01-07 02:25:00,1,10.8,synthetic,False,0.0,0.0,0.0,0.0,1.0,0.0,0.0,0.1078,0.0,0.0,0.0,66.0,1.0,False,2.0,0.0,,7.08,1.289,2,4,0,False,False,False,False,10.9,False,False,train,day after,1
2000-01-07 02:30:00,1,10.9,synthetic,False,0.0,0.0,0.0,1.0,0.0,0.0,0.0,0.0,0.0,0.0,0.0,59.4,3.0,False,4.0,0.0,,7.17,1.29,2,4,0,False,False,False,False,9.7,True,True,train,day after,1
2000-01-07 02:35:00,1,,,False,0.0,0.0,0.0,1.0,0.0,0.0,0.0,0.0,0.0,0.0,0.0,48.9,3.0,False,0.0,0.0,,7.25,1.185,2,4,0,False,False,False,True,9.9,False,False,train,day after,1
2000-01-07 02:40:00,1,10.6,synthetic,False,0.0,0.0,0.0,1.0,0.0,0.0,0.0,0.0,0.0,0.0,0.0,55.3,3.0,False,1.0,0.0,,7.33,1.085,2,4,0,False,False,False,False,9.9,False,False,train,day after,1
2000-01-07 02:45:00,1,10.9,synthetic,False,0.0,0.0,0.0,1.0,0.0,0.0,0.0,0.0,0.0,0.0,0.0,59.7,1.0,False,1.0,0.0,,7.42,0.99,2,4,0,False,False,False,False,9.3,False,False,train,day after,1
2000-01-07 02:50:00,1,10.9,synthetic,False,0.0,0.0,0.0,1.0,0.0,0.0,0.0,0.0,0.0,0.0,0.0,57.1,1.0,False,0.0,0.0,,7.5,0.898,2,4,0,False,False,False,False,9.5,False,False,train,day after,1
2000-01-07 02:55:00,1,10.9,synthetic,False,0.0,0.0,0.0,1.0,0.0,0.0,0.0,0.0,0.0,0.0,0.0,56.9,3.0,False,1.0,0.0,,7.58,0.811,2,4,0,False,False,False,False,9.5,False,False,train,day after,1
2000-01-07 03:00:00,1,9.7,synthetic,False,0.0,0.0,0.0,1.0,0.0,0.0,0.0,0.0,0.0,0.0,0.0,45.4,2.0,False,1.0,0.0,,7.67,0.728,3,4,0,False,False,False,False,8.8,False,False,train,day after,1
2000-01-07 03:05:00,1,9.9,synthetic,False,0.0,0.0,0.0,1.0,0.0,0.0,0.0,0.0,0.0,0.0,0.0,58.7,4.0,False,2.0,0.0,,7.75,0.649,3,4,0,False,False,False,False,9.4,False,False,train,day after,1
2000-01-07 03:10:00,1,9.9,synthetic,False,0.0,0.0,0.0,1.0,0.0,0.0,0.0,0.0,0.0,0.0,0.0,54.8,3.0,False,1.0,0.0,,7.83,0.575,3,4,0,False,False,False,False,9.2,False,False,train,day after,1
2000-01-07 03:15:00,1,9.3,synthetic,False,0.0,0.0,0.0,1.0,0.0,0.0,0.0,0.0,0.0,0.0,0.0,,,True,1.0,0.0,,7.92,0.505,3,4,0,False,False,False,False,8.3,False,False,train,day after,1
2000-01-07 03:20:00,1,9.5,synthetic,False,0.0,0.0,0.0,1.0,0.0,0.0,0.0,0.0,0.0,0.0,0.0,56.6,5.0,False,0.0,0.0,,8.0,0.44,3,4,0,False,False,False,False,8.1,False,False,train,day after,1
2000-01-07 03:25:00,1,9.5,synthetic,False,0.0,0.0,0.0,1.0,0.0,0.0,0.0,0.0,0.0,0.0,0.0,58.9,3.0,False,1.0,0.0,,8.08,0.38,3,4,0,False,False,False,False,8.4,False,False,train,day after,1
2000-01-07 03:30:00,1,8.8,synthetic,False,0.0,0.0,0.0,1.0,0.0,0.0,0.0,0.0,0.0,0.0,0.0,,,True,0.0,0.0,,8.17,0.323,3,4,0,False,False,False,False,9.2,False,False,train,day after,1
2000-01-07 03:35:00,1,9.4,synthetic,False,0.0,0.0,0.0,1.0,0.0,0.0,0.0,0.0,0.0,0.0,0.0,51.0,4.0,False,0.0,0.0,,8.25,0.272,3,4,0,False,False,False,False,9.4,True,True,train,day after,1
2000-01-07 03:40:00,1,9.2,synthetic,False,0.0,0.0,0.0,1.0,0.0,0.0,0.0,0.0,0.0,0.0,0.0,59.7,5.0,False,2.0,0.0,,8.33,0.225,3,4,0,False,False,False,False,9.4,True,True,train,day after,1
2000-01-07 03:45:00,1,8.3,synthetic,False,0.0,0.0,0.0,1.0,0.0,0.0,0.0,0.0,0.0,0.0,0.0,,,True,0.0,0.0,,8.42,0.182,3,4,0,False,False,False,False,10.0,True,True,train,day after,1
2000-01-07 03:50:00,1,8.1,synthetic,False,0.0,0.0,0.0,1.0,0.0,0.0,0.0,0.0,0.0,0.0,0.0,,,True,0.0,0.0,,8.5,0.144,3,4,0,False,False,False,False,9.1,True,True,train,day after,1
2000-01-07 03:55:00,1,8.4,synthetic,False,0.0,0.0,0.0,1.0,0.0,0.0,0.0,0.0,0.0,0.0,0.0,44.2,4.0,False,2.0,0.0,,8.58,0.11,3,4,0,False,False,False,False,9.3,True,True,train,day after,1
2000-01-07 04:00:00,1,9.2,synthetic,False,0.0,0.0,0.0,0.0,1.0,0.0,0.0,0.1078,0.0,0.0,0.0,48.9,1.0,False,2.0,0.0,,8.67,0.081,4,4,0,False,False,False,False,8.7,True,True,train,day after,1
2000-01-07 04:05:00,1,9.4,synthetic,False,0.0,0.0,0.0,0.0,1.0,0.0,0.0,0.1078,0.0,0.0,0.0,39.8,2.0,False,5.0,0.0,,8.75,0.162,4,4,0,False,False,False,False,8.6,True,True,train,day after,1
2000-01-07 04:10:00,1,9.4,synthetic,False,0.0,0.0,0.0,0.0,1.0,0.0,0.0,0.1078,0.0,0.0,0.0,40.3,3.0,False,1.0,0.0,,8.83,0.243,4,4,0,False,False,False,False,8.6,True,True,train,day after,1
2000-01-07 04:15:00,1,10.0,synthetic,False,0.0,0.0,0.0,0.0,1.0,0.0,0.0,0.1078,0.0,0.0,0.0,,,True,3.0,0.0,,8.92,0.323,4,4,0,False,False,False,False,8.7,True,True,train,day after,1
2000-01-07 04:20:00,1,9.1,synthetic,False,0.0,0.0,0.0,0.0,1.0,0.0,0.0,0.1078,0.0,0.0,0.0,62.8,2.0,False,2.0,0.0,,9.0,0.404,4,4,0,False,False,False,False,8.1,True,True,train,day after,1
2000-01-07 04:25:00,1,9.3,synthetic,False,0.0,0.0,0.0,0.0,1.0,0.0,0.0,0.1078,0.0,0.0,0.0,46.8,5.0,False,2.0,0.0,,9.08,0.485,4,4,0,False,False,False,False,7.8,True,True,train,day after,1
2000-01-07 04:30:00,1,8.7,synthetic,False,0.0,0.0,0.0,0.0,1.0,0.0,0.0,0.1078,0.0,0.0,0.0,,,True,2.0,0.0,,9.17,0.566,4,4,0,False,False,False,False,7.5,True,True,train,day after,1
2000-01-07 04:35:00,1,8.6,synthetic,False,0.0,0.0,0.0,0.0,1.0,0.0,0.0,0.1078,0.0,0.0,0.0,,,True,2.0,0.0,,9.25,0.645,4,4,0,False,False,False,False,6.8,True,True,train,day after,1
2000-01-07 04:40:00,1,8.6,synthetic,False,0.0,0.0,0.0,0.0,1.0,0.0,0.0,0.1078,0.0,0.0,0.0,,,True,4.0,0.0,,9.33,0.719,4,4,0,False,False,False,False,7.1,True,True,train,day after,1
2000-01-07 04:45:00,1,8.7,synthetic,False,0.0,0.0,0.0,0.0,1.0,0.0,0.0,0.1078,0.0,0.0,0.0,58.7,1.0,False,3.0,0.0,,9.42,0.788,4,4,0,False,False,False,False,7.6,True,True,train,day after,1
2000-01-07 04:50:00,1,8.1,synthetic,False,0.0,0.0,0.0,0.0,1.0,0.0,0.0,0.1078,0.0,0.0,0.0,,,True,1.0,0.0,,9.5,0.853,4,4,0,False,False,False,False,7.3,True,True,train,day after,1
2000-01-07 04:55:00,1,7.8,synthetic,False,0.0,0.0,0.0,0.0,1.0,0.0,0.0,0.1078,0.0,0.0,0.0,61.0,4.0,False,2.0,0.0,,9.58,0.914,4,4,0,False,False,False,False,6.7,True,True,train,day after,1
2000-01-07 05:00:00,1,7.5,synthetic,False,0.0,0.0,0.0,0.0,1.0,0.0,0.0,0.1078,0.0,0.0,0.0,,,True,0.0,0.0,,9.67,0.97,5,4,0,False,False,False,False,6.2,True,True,train,day after,1
2000-01-07 05:05:00,1,6.8,synthetic,False,0.0,0.0,0.0,0.0,1.0,0.0,0.0,0.1078,0.0,0.0,0.0,,,True,1.0,0.0,,9.75,1.022,5,4,0,False,False,False,False,6.3,True,True,train,day after,1
2000-01-07 05:10:00,1,7.1,synthetic,False,0.0,0.0,0.0,1.0,0.0,0.0,0.0,0.0,0.0,0.0,0.0,44.2,3.0,False,0.0,0.0,,9.83,1.069,5,4,0,False,False,False,False,6.6,True,True,train,day after,1
2000-01-07 05:15:00,1,7.6,synthetic,False,0.0,0.0,0.0,1.0,0.0,0.0,0.0,0.0,0.0,0.0,0.0,64.1,4.0,False,1.0,0.0,,9.92,1.006,5,4,0,False,False,False,False,6.0,True,True,train,day after,1
2000-01-07 05:20:00,1,7.3,synthetic,False,0.0,0.0,0.0,1.0,0.0,0.0,0.0,0.0,0.0,0.0,0.0,57.1,5.0,False,3.0,0.0,,10.0,0.943,5,4,0,False,False,False,False,6.1,True,True,train,day after,1
2000-01-07 05:25:00,1,6.7,synthetic,False,0.0,0.0,0.0,1.0,0.0,0.0,0.0,0.0,0.0,0.0,0.0,54.9,1.0,False,0.0,0.0,,10.08,0.88,5,4,0,False,False,False,False,6.4,True,True,train,day after,1
2000-01-07 05:30:00,1,6.2,synthetic,False,0.0,0.0,0.0,1.0,0.0,0.0,0.0,0.0,0.0,0.0,0.0,56.1,3.0,False,1.0,0.0,,10.17,0.817,5,4,0,False,False,False,False,7.3,True,True,train,day after,1
2000-01-07 05:35:00,1,6.3,synthetic,False,0.0,0.0,0.0,1.0,0.0,0.0,0.0,0.0,0.0,0.0,0.0,43.1,5.0,False,2.0,0.0,,10.25,0.755,5,4,0,False,False,False,False,7.0,True,True,train,day after,1
2000-01-07 05:40:00,1,6.6,synthetic,False,0.0,0.0,0.0,1.0,0.0,0.0,0.0,0.0,0.0,0.0,0.0,,,True,1.0,0.0,,10.33,0.692,5,4,0,False,False,False,False,8.0,True,True,train,day after,1
2000-01-07 05:45:00,1,6.0,synthetic,False,0.0,0.0,0.0,1.0,0.0,0.0,0.0,0.0,0.0,0.0,0.0,57.9,1.0,False,2.0,0.0,,10.42,0.629,5,4,0,False,False,False,False,7.9,True,True,train,day after,1
2000-01-07 05:50:00,1,6.1,synthetic,False,0.0,0.0,0.0,1.0,0.0,0.0,0.0,0.0,0.0,0.0,0.0,41.9,3.0,False,2.0,0.0,,10.5,0.566,5,4,0,False,False,False,False,7.9,True,True,train,day after,1
2000-01-07 05:55:00,1,6.4,synthetic,False,0.0,0.0,0.0,1.0,0.0,0.0,0.0,0.0,0.0,0.0,0.0,53.6,3.0,False,2.0,0.0,,10.58,0.503,5,4,0,False,False,False,False,7.8,True,True,train,day after,1
2000-01-07 06:00:00,1,7.3,synthetic,False,0.0,0.0,0.0,1.0,0.0,0.0,0.0,0.0,0.0,0.0,0.0,,,True,3.0,0.0,,10.67,0.44,6,4,0,False,False,False,False,9.1,True,True,train,day after,1
2000-01-07 06:05:00,1,7.0,synthetic,False,0.0,0.0,0.0,1.0,0.0,0.0,0.0,0.0,0.0,0.0,0.0,58.0,4.0,False,4.0,0.0,,10.75,0.38,6,4,0,False,False,False,False,9.5,True,True,train,day after,1
2000-01-07 06:10:00,1,8.0,synthetic,False,0.0,0.0,0.0,1.0,0.0,0.0,0.0,0.0,0.0,0.0,0.0,41.0,2.0,False,0.0,0.0,,10.83,0.323,6,4,0,False,False,False,False,9.0,True,True,train,day after,1
2000-01-07 06:15:00,1,7.9,synthetic,False,0.0,0.0,0.0,1.0,0.0,0.0,0.0,0.0,0.0,0.0,0.0,,,True,0.0,0.0,,10.92,0.272,6,4,0,False,False,False,False,9.5,True,True,train,day after,1
2000-01-07 06:20:00,1,7.9,synthetic,False,0.0,0.0,0.0,1.0,0.0,0.0,0.0,0.0,0.0,0.0,0.0,,,True,3.0,0.0,,11.0,0.225,6,4,0,False,False,False,False,9.7,True,True,train,day after,1
2000-01-07 06:25:00,1,7.8,synthetic,False,0.83,37.2,0.826,1.0,0.0,0.0,0.0,0.0,0.0,0.0,0.0,,,True,1.0,0.0,,11.08,0.182,6,4,0,False,False,False,False,10.1,True,True,train,day after,1
2000-01-07 06:30:00,1,9.1,synthetic,False,0.0,0.0,0.791,1.0,0.0,0.0,0.0,0.0,0.0,0.0,0.0,57.6,3.0,False,0.0,0.0,,11.17,0.144,6,4,0,False,False,False,False,10.5,True,True,train,day after,1
2000-01-07 06:35:00,1,9.5,synthetic,False,0.0,0.0,0.757,0.0,1.0,0.0,0.0,0.1078,0.0,0.0,0.0,47.7,5.0,False,2.0,0.0,,11.25,0.11,6,4,0,False,False,False,False,11.7,True,True,train,day after,1
2000-01-07 06:40:00,1,9.0,synthetic,False,0.0,0.0,0.722,0.0,1.0,0.0,0.0,0.1078,0.0,0.0,0.0,43.5,1.0,False,0.0,0.0,,11.33,0.186,6,4,0,False,False,False,False,12.2,True,True,train,day after,1
2000-01-07 06:45:00,1,9.5,synthetic,False,0.0,0.0,0.688,0.0,1.0,0.0,0.0,0.1078,0.0,0.0,0.0,57.1,4.0,False,0.0,0.0,,11.42,0.263,6,4,0,False,False,False,False,12.8,True,True,train,day after,1
2000-01-07 06:50:00,1,9.7,synthetic,False,5.13,54.3,5.782,0.0,1.0,0.0,0.0,0.1078,0.0,0.0,0.0,56.4,3.0,False,1.0,0.0,,11.5,0.339,6,4,0,False,False,False,False,14.5,True,True,train,day after,1
2000-01-07 06:55:00,1,10.1,synthetic,False,0.0,0.0,5.534,0.0,1.0,0.0,0.0,0.1078,0.0,0.0,0.0,48.3,3.0,False,1.0,0.0,,11.58,0.415,6,4,0,False,False,False,False,15.3,True,True,train,day after,1
2000-01-07 07:00:00,1,10.5,synthetic,False,0.0,0.0,5.286,0.0,1.0,0.0,0.0,0.1078,0.0,0.0,0.0,45.2,3.0,False,21.0,0.0,,11.67,0.492,7,4,0,False,False,False,False,15.8,True,True,train,day after,1
2000-01-07 07:05:00,1,11.7,synthetic,False,0.0,0.0,5.037,0.0,1.0,0.0,0.0,0.1078,0.0,0.0,0.0,65.2,3.0,False,24.0,0.0,,11.75,0.568,7,4,0,False,False,False,False,15.9,True,True,train,day after,1
2000-01-07 07:10:00,1,12.2,synthetic,False,0.0,0.0,4.789,0.0,1.0,0.0,0.0,0.1078,0.0,0.0,0.0,46.2,3.0,False,19.0,0.0,,11.83,0.645,7,4,0,False,False,False,False,15.9,True,True,train,day after,1
2000-01-07 07:15:00,1,12.8,synthetic,False,0.0,0.0,4.541,0.0,1.0,0.0,0.0,0.1078,0.0,0.0,0.0,47.8,5.0,False,21.0,0.0,,11.92,0.719,7,4,0,False,False,False,False,15.9,True,True,train,day after,1
2000-01-07 07:20:00,1,14.5,synthetic,False,0.0,0.0,4.293,0.0,1.0,0.0,0.0,0.1078,0.0,0.0,0.0,50.4,3.0,False,24.0,0.0,,12.0,0.788,7,4,0,False,False,False,False,15.8,True,True,train,day after,1
2000-01-07 07:25:00,1,15.3,synthetic,False,0.0,0.0,4.045,0.0,1.0,0.0,0.0,0.1078,0.0,0.0,0.0,,,True,30.0,0.0,,12.08,0.853,7,4,0,False,False,False,False,14.6,True,True,train,day after,1
2000-01-07 07:30:00,1,15.8,synthetic,False,0.0,0.0,3.797,0.0,1.0,0.0,0.0,0.1078,0.0,0.0,0.0,54.7,2.0,False,20.0,0.0,,12.17,0.914,7,4,0,False,False,False,False,14.4,True,True,train,day after,1
2000-01-07 07:35:00,1,15.9,synthetic,False,0.0,0.0,3.549,0.0,1.0,0.0,0.0,0.1078,0.0,0.0,0.0,,,True,33.0,0.0,,12.25,0.97,7,4,0,False,False,False,False,13.5,True,True,train,day after,1
2000-01-07 07:40:00,1,15.9,synthetic,False,0.0,0.0,3.301,0.0,1.0,0.0,0.0,0.1078,0.0,0.0,0.0,40.7,1.0,False,26.0,0.0,,12.33,1.022,7,4,0,False,False,False,False,13.6,True,True,train,day after,1
2000-01-07 07:45:00,1,15.9,synthetic,False,0.0,0.0,3.053,0.0,1.0,0.0,0.0,0.1078,0.0,0.0,0.0,,,True,19.0,0.0,,12.42,1.069,7,4,0,False,False,False,False,13.2,True,True,train,day after,1
2000-01-07 07:50:00,1,15.8,synthetic,False,0.0,0.0,2.805,0.0,1.0,0.0,0.0,0.1078,0.0,0.0,0.0,35.0,3.0,False,29.0,0.0,,12.5,1.112,7,4,0,False,False,False,False,12.5,True,True,train,day after,1
2000-01-07 07:55:00,1,14.6,synthetic,False,0.0,0.0,2.557,0.0,1.0,0.0,0.0,0.1078,0.0,0.0,0.0,51.5,4.0,False,20.0,0.0,,12.58,1.15,7,4,0,False,False,False,False,12.3,True,True,train,day after,1
2000-01-07 08:00:00,1,14.4,synthetic,False,0.0,0.0,2.309,0.0,1.0,0.0,0.0,0.1078,0.0,0.0,0.0,,,True,17.0,0.0,,12.67,1.184,8,4,0,False,False,False,False,11.3,True,True,train,day after,1
2000-01-07 08:05:00,1,13.5,synthetic,False,0.0,0.0,2.061,0.0,1.0,0.0,0.0,0.1078,0.0,0.0,0.0,55.7,5.0,False,28.0,0.0,,12.75,1.213,8,4,0,False,False,False,False,10.5,True,True,train,day after,1
2000-01-07 08:10:00,1,13.6,synthetic,False,0.0,0.0,1.813,0.0,1.0,0.0,0.0,0.1078,0.0,0.0,0.0,,,True,23.0,0.0,,12.83,1.237,8,4,0,False,False,False,False,9.3,True,True,train,day after,1
2000-01-07 08:15:00,1,13.2,synthetic,False,0.0,0.0,1.565,0.0,1.0,0.0,0.0,0.1078,0.0,0.0,0.0,,,True,25.0,0.0,,12.92,1.258,8,4,0,False,False,False,False,8.8,True,True,train,day after,1
2000-01-07 08:20:00,1,12.5,synthetic,False,0.0,0.0,1.316,0.0,1.0,0.0,0.0,0.1078,0.0,0.0,0.0,,,True,14.0,0.0,,13.0,1.273,8,4,0,False,False,False,False,8.2,True,True,train,day after,1
2000-01-07 08:25:00,1,12.3,synthetic,False,0.0,0.0,1.068,0.0,1.0,0.0,0.0,0.1078,0.0,0.0,0.0,,,True,17.0,0.0,,13.08,1.285,8,4,0,False,False,False,False,8.0,True,True,train,day after,1
2000-01-07 08:30:00,1,11.3,synthetic,False,0.0,0.0,0.855,0.0,1.0,0.0,0.0,0.1078,0.0,0.0,0.0,44.8,2.0,False,24.0,0.0,,13.17,1.291,8,4,0,False,False,False,False,7.4,True,True,train,day after,1
2000-01-07 08:35:00,1,10.5,synthetic,False,0.0,0.0,0.641,0.0,1.0,0.0,0.0,0.1078,0.0,0.0,0.0,47.5,3.0,False,28.0,0.0,,13.25,1.294,8,4,0,False,False,False,False,6.5,True,True,train,day after,1
2000-01-07 08:40:00,1,9.3,synthetic,False,0.0,0.0,0.427,0.0,1.0,0.0,0.0,0.1078,0.0,0.0,0.0,34.3,2.0,False,25.0,0.0,,13.33,1.294,8,4,0,False,False,False,False,5.7,True,True,train,day after,1
2000-01-07 08:45:00,1,8.8,synthetic,False,0.0,0.0,0.214,0.0,1.0,0.0,0.0,0.1078,0.0,0.0,0.0,40.3,2.0,False,35.0,0.0,,13.42,1.294,8,4,0,False,False,False,False,5.8,True,True,train,day after,1
2000-01-07 08:50:00,1,8.2,synthetic,False,0.0,0.0,0.0,0.0,1.0,0.0,0.0,0.1078,0.0,0.0,0.0,,,True,18.0,0.0,,13.5,1.294,8,4,0,False,False,False,False,5.7,True,True,train,day after,1
2000-01-07 08:55:00,1,8.0,synthetic,False,0.0,0.0,0.0,1.0,0.0,0.0,0.0,0.0,0.0,0.0,0.0,52.7,4.0,False,25.0,0.0,,13.58,1.294,8,4,0,False,False,False,False,6.3,True,True,train,day after,1
2000-01-07 09:00:00,1,7.4,synthetic,False,0.0,0.0,0.0,1.0,0.0,0.0,0.0,0.0,0.0,0.0,0.0,,,True,30.0,0.0,,13.67,1.188,9,4,0,False,False,False,False,6.3,True,True,train,day after,1
2000-01-07 09:05:00,1,6.5,synthetic,False,0.0,0.0,0.0,1.0,0.0,0.0,0.0,0.0,0.0,0.0,0.0,,,True,25.0,0.0,,13.75,1.087,9,4,0,False,False,False,False,5.8,True,True,train,day after,1
2000-01-07 09:10:00,1,5.7,synthetic,False,0.0,0.0,0.0,1.0,0.0,0.0,0.0,0.0,0.0,0.0,0.0,45.0,2.0,False,21.0,0.0,,13.83,0.99,9,4,0,False,False,False,False,5.7,True,True,train,day after,1
2000-01-07 09:15:00,1,5.8,synthetic,False,0.0,0.0,0.0,0.0,1.0,0.0,0.0,0.1078,0.0,0.0,0.0,,,True,25.0,0.0,,13.92,0.898,9,4,0,False,False,False,False,5.3,True,True,train,day after,1
2000-01-07 09:20:00,1,5.7,synthetic,False,0.0,0.0,0.0,0.0,1.0,0.0,0.0,0.1078,0.0,0.0,0.0,,,True,17.0,0.0,,14.0,0.916,9,4,0,False,False,False,False,4.7,True,True,train,day after,1
2000-01-07 09:25:00,1,6.3,synthetic,False,0.0,0.0,0.0,0.0,1.0,0.0,0.0,0.1078,0.0,0.0,0.0,34.4,1.0,False,23.0,0.0,,14.08,0.934,9,4,0,False,False,False,False,4.3,True,True,train,day after,1
2000-01-07 09:30:00,1,6.3,synthetic,False,0.0,0.0,0.0,1.0,0.0,0.0,0.0,0.0,0.0,0.0,0.0,,,True,23.0,0.0,,14.17,0.952,9,4,0,False,False,False,False,4.3,True,True,train,day after,1
2000-01-07 09:35:00,1,5.8,synthetic,False,0.0,0.0,0.0,1.0,0.0,0.0,0.0,0.0,0.0,0.0,0.0,,,True,25.0,0.0,,14.25,0.865,9,4,0,False,False,False,False,4.8,True,True,train,day after,1
2000-01-07 09:40:00,1,5.7,synthetic,False,0.0,0.0,0.0,1.0,0.0,0.0,0.0,0.0,0.0,0.0,0.0,50.7,5.0,False,19.0,0.0,,14.33,0.782,9,4,0,False,False,False,False,4.7,True,True,train,day after,1
2000-01-07 09:45:00,1,5.3,synthetic,False,0.0,0.0,0.0,1.0,0.0,0.0,0.0,0.0,0.0,0.0,0.0,56.9,5.0,False,26.0,0.0,,14.42,0.703,9,4,0,False,False,False,False,4.5,True,True,train,day after,1
2000-01-07 09:50:00,1,4.7,synthetic,False,0.0,0.0,0.0,1.0,0.0,0.0,0.0,0.0,0.0,0.0,0.0,,,True,22.0,0.0,,14.5,0.629,9,4,0,False,False,False,False,4.3,True,True,train,day after,1
2000-01-07 09:55:00,1,4.3,synthetic,False,0.0,0.0,0.0,1.0,0.0,0.0,0.0,0.0,0.0,0.0,0.0,50.4,5.0,False,27.0,0.0,,14.58,0.559,9,4,0,False,False,False,False,4.0,True,True,train,day after,1
2000-01-07 10:00:00,1,4.3,synthetic,False,0.0,0.0,0.0,1.0,0.0,0.0,0.0,0.0,0.0,0.0,0.0,49.9,2.0,False,26.0,0.0,,14.67,0.494,10,4,0,False,False,False,False,4.2,True,True,train,day after,1
2000-01-07 10:05:00,1,4.8,synthetic,False,0.0,0.0,0.0,1.0,0.0,0.0,0.0,0.0,0.0,0.0,0.0,57.1,4.0,False,20.0,0.0,,14.75,0.433,10,4,0,False,False,False,False,4.6,True,True,train,day after,1
2000-01-07 10:10:00,1,4.7,synthetic,False,0.0,0.0,0.0,1.0,0.0,0.0,0.0,0.0,0.0,0.0,0.0,38.3,1.0,False,25.0,0.0,,14.83,0.377,10,4,0,False,False,False,False,4.6,True,True,train,day after,1
2000-01-07 10:15:00,1,4.5,synthetic,False,0.0,0.0,0.0,0.0,1.0,0.0,0.0,0.1078,0.0,0.0,0.0,45.5,1.0,False,27.0,0.0,,14.92,0.326,10,4,0,False,False,False,False,4.4,True,True,train,day after,1
2000-01-07 10:20:00,1,4.3,synthetic,False,0.0,0.0,0.0,0.0,1.0,0.0,0.0,0.1078,0.0,0.0,0.0,,,True,26.0,0.0,,15.0,0.384,10,4,0,False,False,False,False,4.6,True,True,train,day after,1
2000-01-07 10:25:00,1,4.0,synthetic,False,0.0,0.0,0.0,0.0,0.0,1.0,0.0,0.0833,0.0,0.0,0.0,49.5,5.0,False,27.0,0.0,,15.08,0.442,10,4,0,False,False,False,False,4.8,True,True,train,day after,1
2000-01-07 10:30:00,1,4.2,synthetic,False,0.0,0.0,0.0,0.0,1.0,0.0,0.0,0.1078,0.0,0.0,0.0,,,True,17.0,0.0,,15.17,0.477,10,4,0,False,False,False,False,4.4,True,True,train,day after,1
2000-01-07 10:35:00,1,4.6,synthetic,False,0.0,0.0,0.0,0.0,1.0,0.0,0.0,0.1078,0.0,0.0,0.0,39.3,3.0,False,26.0,0.0,,15.25,0.536,10,4,0,False,False,False,False,4.3,True,True,train,day after,1
2000-01-07 10:40:00,1,4.6,synthetic,False,0.0,0.0,0.0,0.0,1.0,0.0,0.0,0.1078,0.0,0.0,0.0,,,True,22.0,0.0,,15.33,0.596,10,4,0,False,False,False,False,4.3,True,True,train,day after,1
2000-01-07 10:45:00,1,4.4,synthetic,False,0.0,0.0,0.0,0.0,1.0,0.0,0.0,0.1078,0.0,0.0,0.0,,,True,28.0,0.0,,15.42,0.655,10,4,0,False,False,False,False,4.6,True,True,train,day after,1
2000-01-07 10:50:00,1,4.6,synthetic,False,0.0,0.0,0.0,0.0,1.0,0.0,0.0,0.1078,0.0,0.0,0.0,50.4,1.0,False,30.0,0.0,,15.5,0.714,10,4,0,False,False,False,False,5.0,True,True,train,day after,1
2000-01-07 10:55:00,1,4.8,synthetic,False,0.0,0.0,0.0,0.0,1.0,0.0,0.0,0.1078,0.0,0.0,0.0,42.3,1.0,False,28.0,0.0,,15.58,0.774,10,4,0,False,False,False,False,5.2,True,True,train,day after,1
2000-01-07 11:00:00,1,4.4,synthetic,False,0.0,0.0,0.0,0.0,1.0,0.0,0.0,0.1078,0.0,0.0,0.0,51.4,3.0,False,19.0,0.0,,15.67,0.831,11,4,0,False,False,False,False,5.0,True,True,train,day after,1
2000-01-07 11:05:00,1,4.3,synthetic,False,0.0,0.0,0.0,0.0,0.0,1.0,0.0,0.0833,0.0,0.0,0.0,58.4,1.0,False,24.0,0.0,,15.75,0.884,11,4,0,False,False,False,False,5.0,True,True,train,day after,1
2000-01-07 11:10:00,1,4.3,synthetic,False,5.82,41.3,5.823,0.0,1.0,0.0,0.0,0.1078,0.0,0.0,0.0,45.7,2.0,False,18.0,0.0,,15.83,0.908,11,4,0,False,False,False,False,4.9,True,True,train,day after,1
2000-01-07 11:15:00,1,4.6,synthetic,False,0.0,0.0,5.58,0.0,1.0,0.0,0.0,0.1078,0.0,0.0,0.0,47.8,4.0,False,21.0,0.0,,15.92,0.953,11,4,0,False,False,False,False,5.4,True,True,train,day after,1
2000-01-07 11:20:00,1,5.0,synthetic,False,0.0,0.0,5.337,0.0,1.0,0.0,0.0,0.1078,0.0,0.0,0.0,55.2,4.0,False,23.0,0.0,,16.0,0.995,11,4,0,False,False,False,False,5.5,True,True,train,day after,1
2000-01-07 11:25:00,1,5.2,synthetic,False,0.0,0.0,5.095,0.0,1.0,0.0,0.0,0.1078,0.0,0.0,0.0,39.6,2.0,False,11.0,0.0,,16.08,1.038,11,4,0,False,False,False,False,6.3,True,True,train,day after,1
2000-01-07 11:30:00,1,5.0,synthetic,False,0.0,0.0,4.852,0.0,1.0,0.0,0.0,0.1078,0.0,0.0,0.0,58.4,5.0,False,20.0,0.0,,16.17,1.08,11,4,0,False,False,False,False,6.9,True,True,train,day after,1
2000-01-07 11:35:00,1,5.0,synthetic,False,0.0,0.0,4.61,0.0,1.0,0.0,0.0,0.1078,0.0,0.0,0.0,,,True,32.0,0.0,,16.25,1.12,11,4,0,False,False,False,False,7.4,True,True,train,day after,1
2000-01-07 11:40:00,1,4.9,synthetic,False,0.0,0.0,4.367,0.0,1.0,0.0,0.0,0.1078,0.0,0.0,0.0,43.6,1.0,False,19.0,0.0,,16.33,1.156,11,4,0,False,False,False,False,8.2,True,True,train,day after,1
2000-01-07 11:45:00,1,5.4,synthetic,False,0.0,0.0,4.124,0.0,1.0,0.0,0.0,0.1078,0.0,0.0,0.0,52.7,2.0,False,21.0,0.0,,16.42,1.187,11,4,0,False,False,False,False,8.3,True,True,train,day after,1
2000-01-07 11:50:00,1,5.5,synthetic,False,0.0,0.0,3.882,0.0,1.0,0.0,0.0,0.1078,0.0,0.0,0.0,,,True,29.0,0.0,,16.5,1.214,11,4,0,False,False,False,False,8.0,True,True,train,day after,1
2000-01-07 11:55:00,1,6.3,synthetic,False,0.0,0.0,3.639,0.0,1.0,0.0,0.0,0.1078,0.0,0.0,0.0,59.1,2.0,False,34.0,0.0,,16.58,1.236,11,4,0,False,False,False,False,7.7,True,True,train,day after,1
2000-01-07 12:00:00,1,6.9,synthetic,False,0.0,0.0,3.397,0.0,1.0,0.0,0.0,0.1078,0.0,0.0,0.0,38.5,1.0,False,31.0,0.0,,16.67,1.254,12,4,0,False,False,False,False,7.6,True,True,train,day after,1
2000-01-07 12:05:00,1,7.4,synthetic,False,0.0,0.0,3.154,0.0,1.0,0.0,0.0,0.1078,0.0,0.0,0.0,58.5,4.0,False,28.0,0.0,,16.75,1.267,12,4,0,False,False,False,False,8.1,True,True,train,day after,1
2000-01-07 12:10:00,1,8.2,synthetic,False,0.0,0.0,2.911,0.0,1.0,0.0,0.0,0.1078,0.0,0.0,0.0,51.1,4.0,False,25.0,0.0,,16.83,1.276,12,4,0,False,False,False,False,,True,False,train,day after,1
2000-01-07 12:15:00,1,8.3,synthetic,False,0.0,0.0,2.669,0.0,1.0,0.0,0.0,0.1078,0.0,0.0,0.0,,,True,18.0,0.0,,16.92,1.28,12,4,0,False,False,False,False,,True,False,train,day after,1
2000-01-07 12:20:00,1,8.0,synthetic,False,0.0,0.0,2.426,0.0,1.0,0.0,0.0,0.1078,0.0,0.0,0.0,65.0,5.0,False,23.0,0.0,,17.0,1.282,12,4,0,False,False,False,False,,True,False,train,day after,1
2000-01-07 12:25:00,1,7.7,synthetic,False,0.0,0.0,2.183,0.0,1.0,0.0,0.0,0.1078,0.0,0.0,0.0,,,True,22.0,0.0,,17.08,1.284,12,4,0,False,False,False,False,,True,False,train,day after,1
2000-01-07 12:30:00,1,7.6,synthetic,False,0.0,0.0,1.941,0.0,1.0,0.0,0.0,0.1078,0.0,0.0,0.0,44.7,3.0,False,16.0,0.0,,17.17,1.286,12,4,0,False,False,False,False,,True,False,train,day after,1
2000-01-07 12:35:00,1,8.1,synthetic,False,0.0,0.0,1.698,0.0,1.0,0.0,0.0,0.1078,0.0,0.0,0.0,,,True,23.0,0.0,,17.25,1.287,12,4,0,False,False,False,False,,True,False,train,day after,1
2000-01-07 12:40:00,1,,,False,5.11,44.1,6.57,0.0,1.0,0.0,0.0,0.1078,0.0,0.0,0.0,51.1,4.0,False,28.0,0.0,,17.33,1.288,12,4,0,False,True,False,True,,False,False,train,day after,1
2000-01-07 12:45:00,1,,,False,0.0,0.0,6.114,0.0,1.0,0.0,0.0,0.1078,0.0,0.0,0.0,,,True,26.0,0.0,,17.42,1.289,12,4,0,False,True,False,True,,False,False,train,day after,1
2000-01-07 12:50:00,1,,,False,0.0,0.0,5.659,0.0,1.0,0.0,0.0,0.1078,0.0,0.0,0.0,,,True,30.0,0.0,,17.5,1.29,12,4,0,False,True,False,True,,False,False,train,day after,1
2000-01-07 12:55:00,1,,,False,0.0,0.0,5.203,0.0,1.0,0.0,0.0,0.1078,0.0,0.0,0.0,50.0,1.0,False,18.0,0.0,,17.58,1.291,12,4,0,False,True,False,True,,False,False,train,day after,1
2000-01-07 13:00:00,1,,,False,5.07,49.6,9.819,0.0,1.0,0.0,0.0,0.1078,0.0,0.0,0.0,57.2,4.0,False,20.0,0.0,,17.67,1.292,13,4,0,False,True,False,True,,False,False,train,day after,1
2000-01-07 13:05:00,1,,,False,0.0,0.0,9.152,0.0,1.0,0.0,0.0,0.1078,0.0,0.0,0.0,57.1,5.0,False,23.0,0.0,,17.75,1.293,13,4,0,False,True,False,True,,False,False,train,day after,1
2000-01-07 13:10:00,1,,,False,0.0,0.0,8.485,0.0,1.0,0.0,0.0,0.1078,0.0,0.0,0.0,56.7,3.0,False,18.0,0.0,,17.83,1.294,13,4,0,False,True,False,True,,False,False,train,day after,1
2000-01-07 13:15:00,1,,,False,0.0,0.0,8.06,0.0,0.0,1.0,0.0,0.0833,0.0,0.0,0.0,58.3,2.0,False,23.0,0.0,,17.92,1.294,13,4,0,False,True,False,True,,False,False,train,day after,1
2000-01-07 13:20:00,1,,,False,0.0,0.0,7.636,0.0,1.0,0.0,0.0,0.1078,0.0,0.0,0.0,46.2,2.0,False,23.0,0.0,,18.0,1.27,13,4,0,False,True,False,True,,False,False,train,day after,1
2000-01-07 13:25:00,1,,,False,0.0,0.0,7.211,0.0,1.0,0.0,0.0,0.1078,0.0,0.0,0.0,,,True,27.0,0.0,,18.08,1.271,13,4,0,False,True,False,True,,False,False,train,day after,1
2000-01-07 13:30:00,1,,,False,0.0,0.0,6.787,0.0,1.0,0.0,0.0,0.1078,0.0,0.0,0.0,60.8,2.0,False,24.0,0.0,,18.17,1.272,13,4,0,False,True,False,True,,False,False,train,day after,1
2000-01-07 13:35:00,1,,,False,0.0,0.0,6.362,0.0,1.0,0.0,0.0,0.1078,0.0,0.0,0.0,,,True,13.0,0.0,,18.25,1.273,13,4,0,False,True,False,True,,False,False,train,day after,1
2000-01-07 13:40:00,1,,,False,0.0,0.0,5.938,0.0,1.0,0.0,0.0,0.1078,0.0,0.0,0.0,66.6,3.0,False,22.0,0.0,,18.33,1.274,13,4,0,False,True,False,True,,False,False,train,day after,1
2000-01-07 13:45:00,1,,,False,0.0,0.0,5.514,0.0,1.0,0.0,0.0,0.1078,0.0,0.0,0.0,,,True,26.0,0.0,,18.42,1.275,13,4,0,False,True,False,True,,False,False,train,day after,1
2000-01-07 13:50:00,1,,,False,0.0,0.0,5.089,0.0,1.0,0.0,0.0,0.1078,0.0,0.0,0.0,,,True,19.0,0.0,,18.5,1.276,13,4,0,False,True,False,True,,False,False,train,day after,1
2000-01-07 13:55:00,1,,,False,0.0,0.0,4.665,0.0,1.0,0.0,0.0,0.1078,0.0,0.0,0.0,,,True,22.0,0.0,,18.58,1.277,13,4,0,False,True,False,True,,False,False,train,day after,1
2000-01-07 14:00:00,1,,,False,0.0,0.0,4.24,0.0,1.0,0.0,0.0,0.1078,0.0,0.0,0.0,55.4,1.0,False,26.0,0.0,,18.67,1.278,14,4,0,False,True,False,True,,False,False,train,day after,1
2000-01-07 14:05:00,1,,,False,0.0,0.0,3.816,0.0,1.0,0.0,0.0,0.1078,0.0,0.0,0.0,42.7,3.0,False,24.0,0.0,,18.75,1.279,14,4,0,False,True,False,True,,False,False,train,day after,1
2000-01-07 14:10:00,1,,,False,0.0,0.0,3.392,0.0,1.0,0.0,0.0,0.1078,0.0,0.0,0.0,,,True,37.0,0.0,,18.83,1.28,14,4,0,False,True,False,True,,False,False,train,day after,1
2000-01-07 14:15:00,1,,,False,0.0,0.0,2.967,0.0,1.0,0.0,0.0,0.1078,0.0,0.0,0.0,57.7,4.0,False,27.0,0.0,,18.92,1.281,14,4,0,False,True,False,True,,False,False,train,day after,1
2000-01-07 14:20:00,1,,,False,0.0,0.0,2.543,0.0,1.0,0.0,0.0,0.1078,0.0,0.0,0.0,49.1,1.0,False,24.0,0.0,,19.0,1.282,14,4,0,False,True,False,True,,False,False,train,day after,1
2000-01-07 14:25:00,1,,,False,0.0,0.0,2.118,0.0,1.0,0.0,0.0,0.1078,0.0,0.0,0.0,47.2,1.0,False,29.0,0.0,,19.08,1.283,14,4,0,False,True,False,True,,False,False,train,day after,1
2000-01-07 14:30:00,1,,,False,0.1,43.4,1.794,0.0,1.0,0.0,0.0,0.1078,0.0,0.0,0.0,,,True,29.0,0.0,,19.17,1.284,14,4,0,False,True,False,True,,False,False,train,day after,1
2000-01-07 14:35:00,1,,,False,0.0,0.0,1.365,0.0,1.0,0.0,0.0,0.1078,0.0,0.0,0.0,58.3,3.0,False,27.0,0.0,,19.25,1.285,14,4,0,False,True,False,True,,False,False,train,day after,1
2000-01-07 14:40:00,1,,,False,0.0,0.0,0.937,0.0,1.0,0.0,0.0,0.1078,0.0,0.0,0.0,,,True,21.0,0.0,,19.33,1.286,14,4,0,False,True,False,True,,False,False,train,day after,1
2000-01-07 14:45:00,1,,,False,0.0,0.0,0.721,0.0,1.0,0.0,0.0,0.1078,0.0,0.0,0.0,56.7,2.0,False,24.0,0.0,,19.42,1.287,14,4,0,False,True,False,True,,False,False,train,day after,1
2000-01-07 14:50:00,1,,,False,0.0,0.0,0.506,0.0,1.0,0.0,0.0,0.1078,0.0,0.0,0.0,58.5,1.0,False,20.0,0.0,,19.5,1.288,14,4,0,False,True,False,True,,False,False,train,day after,1
2000-01-07 14:55:00,1,,,False,6.99,29.1,7.281,0.0,1.0,0.0,0.0,0.1078,0.0,0.0,0.0,47.2,2.0,False,21.0,0.0,,19.58,1.289,14,4,0,False,True,False,True,,False,False,train,day after,1
2000-01-07 15:00:00,1,,,False,0.0,0.0,6.774,0.0,1.0,0.0,0.0,0.1078,0.0,0.0,0.0,56.3,4.0,False,21.0,0.0,,19.67,1.29,15,4,0,False,True,False,True,,False,False,train,day after,1
2000-01-07 15:05:00,1,,,False,1.07,46.3,7.551,0.0,1.0,0.0,0.0,0.1078,0.0,0.0,0.0,67.2,2.0,False,27.0,0.0,,19.75,1.291,15,4,0,False,True,False,True,,False,False,train,day after,1
2000-01-07 15:10:00,1,,,False,0.0,0.0,7.211,0.0,1.0,0.0,0.0,0.1078,0.0,0.0,0.0,,,True,29.0,0.0,,19.83,1.292,15,4,0,False,True,False,True,,False,False,train,day after,1
2000-01-07 15:15:00,1,,,False,0.0,0.0,6.871,0.0,1.0,0.0,0.0,0.1078,0.0,0.0,0.0,49.5,4.0,False,25.0,0.0,,19.92,1.293,15,4,0,False,True,False,True,15.5,False,False,train,day after,1
2000-01-07 15:20:00,1,,,False,0.0,0.0,6.531,0.0,1.0,0.0,0.0,0.1078,0.0,0.0,0.0,59.4,1.0,False,20.0,0.0,,20.0,1.294,15,4,0,False,True,False,True,15.1,False,False,train,day after,1
2000-01-07 15:25:00,1,,,False,0.0,0.0,6.191,0.0,1.0,0.0,0.0,0.1078,0.0,0.0,0.0,,,True,24.0,0.0,,20.08,1.294,15,4,0,False,True,False,True,14.8,False,False,train,day after,1
2000-01-07 15:30:00,1,,,False,0.0,0.0,5.851,0.0,1.0,0.0,0.0,0.1078,0.0,0.0,0.0,51.5,5.0,False,25.0,0.0,,20.17,1.294,15,4,0,False,True,False,True,14.7,False,False,train,day after,1
2000-01-07 15:35:00,1,,,False,0.0,0.0,5.51,0.0,1.0,0.0,0.0,0.1078,0.0,0.0,0.0,54.7,3.0,False,22.0,0.0,,20.25,1.294,15,4,0,False,True,False,True,15.0,False,False,train,day after,1
2000-01-07 15:40:00,1,,,False,0.0,0.0,5.17,0.0,1.0,0.0,0.0,0.1078,0.0,0.0,0.0,53.8,2.0,False,22.0,0.0,,20.33,1.294,15,4,0,False,True,False,True,14.7,False,False,train,day after,1
2000-01-07 15:45:00,1,15.5,synthetic,False,0.0,0.0,4.83,0.0,1.0,0.0,0.0,0.1078,0.0,0.0,0.0,,,True,32.0,0.0,,20.42,1.294,15,4,0,False,False,False,False,13.9,False,False,train,day after,1
2000-01-07 15:50:00,1,15.1,synthetic,False,0.0,0.0,4.49,0.0,1.0,0.0,0.0,0.1078,0.0,0.0,0.0,58.5,1.0,False,19.0,0.0,,20.5,1.294,15,4,0,False,False,False,False,13.6,False,False,train,day after,1
2000-01-07 15:55:00,1,14.8,synthetic,False,0.0,0.0,4.15,0.0,1.0,0.0,0.0,0.1078,0.0,0.0,0.0,59.3,3.0,False,20.0,0.0,,20.58,1.294,15,4,0,False,False,False,False,12.4,False,False,train,day after,1
2000-01-07 16:00:00,1,14.7,synthetic,False,0.0,0.0,3.81,0.0,1.0,0.0,0.0,0.1078,0.0,0.0,0.0,,,True,25.0,0.0,,20.67,1.294,16,4,0,False,False,False,False,11.5,False,False,train,day after,1
2000-01-07 16:05:00,1,15.0,synthetic,False,0.0,0.0,3.47,0.0,1.0,0.0,0.0,0.1078,0.0,0.0,0.0,58.2,3.0,False,23.0,0.0,,20.75,1.294,16,4,0,False,False,False,False,10.6,False,False,train,day after,1
2000-01-07 16:10:00,1,14.7,synthetic,False,0.0,0.0,3.13,0.0,1.0,0.0,0.0,0.1078,0.0,0.0,0.0,,,True,21.0,0.0,,20.83,1.294,16,4,0,False,False,False,False,10.4,False,False,train,day after,1
2000-01-07 16:15:00,1,13.9,synthetic,False,0.0,0.0,2.789,0.0,1.0,0.0,0.0,0.1078,0.0,0.0,0.0,63.5,5.0,False,18.0,0.0,,20.92,1.294,16,4,0,False,False,False,False,10.6,False,False,train,day after,1
2000-01-07 16:20:00,1,13.6,synthetic,False,0.0,0.0,2.449,0.0,1.0,0.0,0.0,0.1078,0.0,0.0,0.0,,,True,20.0,0.0,,21.0,1.294,16,4,0,False,False,False,False,9.8,False,False,train,day after,1
2000-01-07 16:25:00,1,12.4,synthetic,False,0.0,0.0,2.109,0.0,1.0,0.0,0.0,0.1078,0.0,0.0,0.0,,,True,24.0,0.0,,21.08,1.294,16,4,0,False,False,False,False,9.4,False,False,train,day after,1
2000-01-07 16:30:00,1,11.5,synthetic,False,0.0,0.0,1.769,0.0,1.0,0.0,0.0,0.1078,0.0,0.0,0.0,55.9,5.0,False,19.0,0.0,,21.17,1.294,16,4,0,False,False,False,False,9.1,False,False,train,day after,1
2000-01-07 16:35:00,1,10.6,synthetic,False,0.0,0.0,1.433,0.0,1.0,0.0,0.0,0.1078,0.0,0.0,0.0,54.8,4.0,False,24.0,0.0,,21.25,1.294,16,4,0,False,False,False,False,8.3,False,False,train,day after,1
2000-01-07 16:40:00,1,10.4,synthetic,False,0.0,0.0,1.097,0.0,1.0,0.0,0.0,0.1078,0.0,0.0,0.0,,,True,28.0,0.0,,21.33,1.294,16,4,0,False,False,False,False,7.9,True,True,train,day after,1
2000-01-07 16:45:00,1,10.6,synthetic,False,0.0,0.0,0.761,0.0,1.0,0.0,0.0,0.1078,0.0,0.0,0.0,59.9,5.0,False,32.0,0.0,,21.42,1.294,16,4,0,False,False,False,False,7.2,True,True,train,day after,1
2000-01-07 16:50:00,1,9.8,synthetic,False,0.0,0.0,0.425,0.0,1.0,0.0,0.0,0.1078,0.0,0.0,0.0,58.6,2.0,False,31.0,0.0,,21.5,1.294,16,4,0,False,False,False,False,7.4,True,True,train,day after,1
2000-01-07 16:55:00,1,9.4,synthetic,False,0.0,0.0,0.089,0.0,1.0,0.0,0.0,0.1078,0.0,0.0,0.0,66.5,3.0,False,29.0,0.0,,21.58,1.294,16,4,0,False,False,False,False,7.2,True,True,train,day after,1
2000-01-07 17:00:00,1,9.1,synthetic,False,0.0,0.0,0.045,0.0,1.0,0.0,0.0,0.1078,0.0,0.0,0.0,71.7,1.0,False,29.0,0.0,,21.67,1.294,17,4,0,False,False,False,False,7.1,True,True,train,day after,1
2000-01-07 17:05:00,1,8.3,synthetic,False,0.0,0.0,0.0,0.0,1.0,0.0,0.0,0.1078,0.0,0.0,0.0,,,True,26.0,0.0,,21.75,1.294,17,4,0,False,False,False,False,7.0,True,True,train,day after,1
2000-01-07 17:10:00,1,7.9,synthetic,False,0.0,0.0,0.0,0.0,1.0,0.0,0.0,0.1078,0.0,0.0,0.0,61.6,5.0,False,31.0,0.0,,21.83,1.294,17,4,0,False,False,False,False,7.3,True,True,train,day after,1
2000-01-07 17:15:00,1,7.2,synthetic,False,0.0,0.0,0.0,0.0,1.0,0.0,0.0,0.1078,0.0,0.0,0.0,54.9,3.0,False,24.0,0.0,,21.92,1.294,17,4,0,False,False,False,False,7.5,True,True,train,day after,1
2000-01-07 17:20:00,1,7.4,synthetic,False,0.0,0.0,0.0,0.0,1.0,0.0,0.0,0.1078,0.0,0.0,0.0,69.5,1.0,False,20.0,0.0,,22.0,1.294,17,4,0,False,False,False,False,7.1,True,True,train,day after,1
2000-01-07 17:25:00,1,7.2,synthetic,False,0.67,10.6,0.674,0.0,1.0,0.0,0.0,0.1078,0.0,0.0,0.0,,,True,25.0,0.0,,22.08,1.294,17,4,0,False,False,False,False,7.4,True,True,train,day after,1
2000-01-07 17:30:00,1,7.1,synthetic,False,2.56,39.9,3.206,0.0,1.0,0.0,0.0,0.1078,0.0,0.0,0.0,55.5,2.0,False,26.0,0.0,,22.17,1.294,17,4,0,False,False,False,False,8.5,True,True,train,day after,1
2000-01-07 17:35:00,1,7.0,synthetic,False,0.0,0.0,3.071,0.0,1.0,0.0,0.0,0.1078,0.0,0.0,0.0,56.5,3.0,False,24.0,0.0,,22.25,1.294,17,4,0,False,False,False,False,8.6,True,True,train,day after,1
2000-01-07 17:40:00,1,7.3,synthetic,False,0.0,0.0,2.936,0.0,1.0,0.0,0.0,0.1078,0.0,0.0,0.0,68.8,1.0,False,15.0,0.0,,22.33,1.294,17,4,0,False,False,False,False,8.9,True,True,train,day after,1
2000-01-07 17:45:00,1,7.5,synthetic,False,0.0,0.0,2.802,0.0,1.0,0.0,0.0,0.1078,0.0,0.0,0.0,54.2,5.0,False,12.0,0.0,,22.42,1.294,17,4,0,False,False,False,False,9.4,True,True,train,day after,1
2000-01-07 17:50:00,1,7.1,synthetic,False,0.0,0.0,2.667,0.0,1.0,0.0,0.0,0.1078,0.0,0.0,0.0,,,True,22.0,0.0,,22.5,1.294,17,4,0,False,False,False,False,9.7,True,True,train,day after,1
2000-01-07 17:55:00,1,7.4,synthetic,False,0.0,0.0,2.532,0.0,1.0,0.0,0.0,0.1078,0.0,0.0,0.0,67.5,4.0,False,11.0,0.0,,22.58,1.294,17,4,0,False,False,False,False,10.1,True,True,train,day after,1
2000-01-07 18:00:00,1,8.5,synthetic,False,0.0,0.0,2.397,0.0,1.0,0.0,0.0,0.1078,0.0,0.0,0.0,,,True,30.0,0.0,,22.67,1.294,18,4,0,False,False,False,False,10.8,True,True,train,day after,1
2000-01-07 18:05:00,1,8.6,synthetic,False,0.0,0.0,2.263,0.0,1.0,0.0,0.0,0.1078,0.0,0.0,0.0,70.8,1.0,False,27.0,0.0,,22.75,1.294,18,4,0,False,False,False,False,10.0,True,True,train,day after,1
2000-01-07 18:10:00,1,8.9,synthetic,False,0.0,0.0,2.128,0.0,1.0,0.0,0.0,0.1078,0.0,0.0,0.0,,,True,32.0,0.0,,22.83,1.294,18,4,0,False,False,False,False,10.1,True,True,train,day after,1
2000-01-07 18:15:00,1,9.4,synthetic,False,0.0,0.0,1.993,0.0,1.0,0.0,0.0,0.1078,0.0,0.0,0.0,50.3,4.0,False,15.0,0.0,,22.92,1.294,18,4,0,False,False,False,False,9.4,True,True,train,day after,1
2000-01-07 18:20:00,1,9.7,synthetic,False,0.0,0.0,1.858,0.0,1.0,0.0,0.0,0.1078,0.0,0.0,0.0,,,True,23.0,0.0,,23.0,1.294,18,4,0,False,False,False,False,9.4,True,True,train,day after,1
2000-01-07 18:25:00,1,10.1,synthetic,False,0.0,0.0,1.724,0.0,1.0,0.0,0.0,0.1078,0.0,0.0,0.0,49.7,2.0,False,28.0,0.0,,23.08,1.294,18,4,0,False,False,False,False,9.3,True,True,train,day after,1
2000-01-07 18:30:00,1,10.8,synthetic,False,0.0,0.0,1.589,0.0,1.0,0.0,0.0,0.1078,0.0,0.0,0.0,,,True,22.0,0.0,,23.17,1.294,18,4,0,False,False,False,False,9.5,True,True,train,day after,1
2000-01-07 18:35:00,1,10.0,synthetic,False,0.0,0.0,1.454,0.0,1.0,0.0,0.0,0.1078,0.0,0.0,0.0,,,True,19.0,0.0,,23.25,1.294,18,4,0,False,False,False,False,9.5,True,True,train,day after,1
2000-01-07 18:40:00,1,10.1,synthetic,False,0.0,0.0,1.319,0.0,1.0,0.0,0.0,0.1078,0.0,0.0,0.0,,,True,28.0,0.0,,23.33,1.294,18,4,0,False,False,False,False,8.9,True,True,train,day after,1
2000-01-07 18:45:00,1,9.4,synthetic,False,0.0,0.0,1.185,0.0,1.0,0.0,0.0,0.1078,0.0,0.0,0.0,49.7,1.0,False,17.0,0.0,,23.42,1.294,18,4,0,False,False,False,False,8.2,True,True,train,day after,1
2000-01-07 18:50:00,1,9.4,synthetic,False,0.0,0.0,1.05,0.0,1.0,0.0,0.0,0.1078,0.0,0.0,0.0,61.5,3.0,False,26.0,0.0,,23.5,1.294,18,4,0,False,False,False,False,7.7,True,True,train,day after,1
2000-01-07 18:55:00,1,9.3,synthetic,False,0.0,0.0,0.915,0.0,0.0,1.0,0.0,0.0833,0.0,0.0,0.0,,,True,17.0,0.0,,23.58,1.294,18,4,0,False,False,False,False,7.9,True,True,train,day after,1
2000-01-07 19:00:00,1,9.5,synthetic,False,0.0,0.0,0.78,0.0,1.0,0.0,0.0,0.1078,0.0,0.0,0.0,,,True,28.0,0.0,,23.67,1.27,19,4,0,False,False,False,False,8.1,True,True,train,day after,1
2000-01-07 19:05:00,1,9.5,synthetic,False,0.0,0.0,0.646,0.0,1.0,0.0,0.0,0.1078,0.0,0.0,0.0,,,True,30.0,0.0,,23.75,1.271,19,4,0,False,False,False,False,7.7,True,True,train,day after,1
2000-01-07 19:10:00,1,8.9,synthetic,False,0.0,0.0,0.511,0.0,1.0,0.0,0.0,0.1078,0.0,0.0,0.0,,,True,37.0,0.0,,23.83,1.272,19,4,0,False,False,False,False,7.2,True,True,train,day after,1
2000-01-07 19:15:00,1,8.2,synthetic,False,0.0,0.0,0.376,0.0,1.0,0.0,0.0,0.1078,0.0,0.0,0.0,,,True,21.0,0.0,,23.92,1.273,19,4,0,False,False,False,False,7.1,True,True,train,day after,1
2000-01-07 19:20:00,1,7.7,synthetic,False,0.0,0.0,0.241,1.0,0.0,0.0,0.0,0.0,0.0,0.0,0.0,,,True,27.0,0.0,,24.0,1.274,19,4,0,False,False,False,False,6.6,True,True,train,day after,1
2000-01-07 19:25:00,1,7.9,synthetic,False,6.37,16.1,6.475,1.0,0.0,0.0,0.0,0.0,0.0,0.0,0.0,70.2,5.0,False,24.0,0.0,,24.08,1.169,19,4,0,False,False,False,False,6.2,True,True,train,day after,1
2000-01-07 19:30:00,1,8.1,synthetic,False,0.0,0.0,6.103,1.0,0.0,0.0,0.0,0.0,0.0,0.0,0.0,68.3,2.0,False,27.0,0.0,,24.17,1.069,19,4,0,False,False,False,False,5.8,True,True,train,day after,1
2000-01-07 19:35:00,1,7.7,synthetic,False,0.0,0.0,5.837,1.0,0.0,0.0,0.0,0.0,0.0,0.0,0.0,54.1,4.0,False,27.0,0.0,,24.25,0.974,19,4,0,False,False,False,False,5.9,True,True,train,day after,1
2000-01-07 19:40:00,1,7.2,synthetic,False,0.0,0.0,5.572,1.0,0.0,0.0,0.0,0.0,0.0,0.0,0.0,,,True,29.0,0.0,,24.33,0.883,19,4,0,False,False,False,False,5.9,True,True,train,day after,1
2000-01-07 19:45:00,1,7.1,synthetic,False,0.0,0.0,5.307,1.0,0.0,0.0,0.0,0.0,0.0,0.0,0.0,64.1,4.0,False,17.0,0.0,,24.42,0.796,19,4,0,False,False,False,False,6.0,True,True,train,day after,1
2000-01-07 19:50:00,1,6.6,synthetic,False,0.0,0.0,5.041,1.0,0.0,0.0,0.0,0.0,0.0,0.0,0.0,,,True,20.0,0.0,,24.5,0.714,19,4,0,False,False,False,False,6.0,True,True,train,day after,1
2000-01-07 19:55:00,1,6.2,synthetic,False,0.0,0.0,4.776,1.0,0.0,0.0,0.0,0.0,0.0,0.0,0.0,58.0,1.0,False,20.0,0.0,,24.58,0.636,19,4,0,False,False,False,False,5.8,True,True,train,day after,1
2000-01-07 20:00:00,1,5.8,synthetic,False,0.0,0.0,4.511,1.0,0.0,0.0,0.0,0.0,0.0,0.0,0.0,38.5,2.0,False,30.0,0.0,,24.67,0.563,20,4,0,False,False,False,False,5.2,True,True,train,day after,1
2000-01-07 20:05:00,1,5.9,synthetic,False,0.0,0.0,4.245,1.0,0.0,0.0,0.0,0.0,0.0,0.0,0.0,61.6,5.0,False,18.0,0.0,,24.75,0.495,20,4,0,False,False,False,False,5.5,True,True,train,day after,1
2000-01-07 20:10:00,1,5.9,synthetic,False,0.0,0.0,3.98,1.0,0.0,0.0,0.0,0.0,0.0,0.0,0.0,57.7,2.0,False,19.0,0.0,,24.83,0.43,20,4,0,False,False,False,False,,True,False,train,day after,1
2000-01-07 20:15:00,1,6.0,synthetic,False,0.0,0.0,3.715,1.0,0.0,0.0,0.0,0.0,0.0,0.0,0.0,63.8,4.0,False,29.0,0.0,,24.92,0.371,20,4,0,False,False,False,False,5.8,True,True,train,day after,1
2000-01-07 20:20:00,1,6.0,synthetic,False,0.0,0.0,3.449,1.0,0.0,0.0,0.0,0.0,0.0,0.0,0.0,55.7,5.0,False,23.0,0.0,,25.0,0.316,20,4,0,False,False,False,False,6.4,True,True,train,day after,1
2000-01-07 20:25:00,1,5.8,synthetic,False,0.0,0.0,3.184,1.0,0.0,0.0,0.0,0.0,0.0,0.0,0.0,,,True,30.0,0.0,,25.08,0.265,20,4,0,False,False,False,False,6.9,True,True,train,day after,1
2000-01-07 20:30:00,1,5.2,synthetic,False,1.68,26.8,4.603,1.0,0.0,0.0,0.0,0.0,0.0,0.0,0.0,61.8,3.0,False,14.0,0.0,,25.17,0.219,20,4,0,False,False,False,False,7.0,True,True,train,day after,1
2000-01-07 20:35:00,1,5.5,synthetic,False,0.0,0.0,4.267,1.0,0.0,0.0,0.0,0.0,0.0,0.0,0.0,76.9,3.0,False,32.0,0.0,,25.25,0.177,20,4,0,False,False,False,False,7.6,True,True,train,day after,1
2000-01-07 20:40:00,1,,,False,0.0,0.0,3.932,1.0,0.0,0.0,0.0,0.0,0.0,0.0,0.0,55.5,3.0,False,22.0,0.0,,25.33,0.14,20,4,0,False,False,False,True,7.8,False,False,train,day after,1
2000-01-07 20:45:00,1,5.8,synthetic,False,7.74,44.2,11.333,1.0,0.0,0.0,0.0,0.0,0.0,0.0,0.0,59.3,3.0,False,18.0,0.0,,25.42,0.107,20,4,0,False,False,False,False,8.1,False,False,train,day after,1
2000-01-07 20:50:00,1,6.4,synthetic,False,0.0,0.0,10.676,1.0,0.0,0.0,0.0,0.0,0.0,0.0,0.0,57.4,2.0,False,28.0,0.0,,25.5,0.079,20,4,0,False,False,False,False,9.0,False,False,train,day after,1
2000-01-07 20:55:00,1,6.9,synthetic,False,0.0,0.0,10.018,0.0,1.0,0.0,0.0,0.1078,0.0,0.0,0.0,,,True,27.0,0.0,,25.58,0.056,20,4,0,False,False,False,False,9.4,False,False,train,day after,1
2000-01-07 21:00:00,1,7.0,synthetic,False,0.0,0.0,9.36,0.0,1.0,0.0,0.0,0.1078,0.0,0.0,0.0,,,True,25.0,0.0,,25.67,0.141,21,4,0,False,False,False,False,10.8,False,False,train,day after,1
2000-01-07 21:05:00,1,7.6,synthetic,False,0.0,0.0,8.702,0.0,1.0,0.0,0.0,0.1078,0.0,0.0,0.0,73.9,4.0,False,26.0,0.0,,25.75,0.227,21,4,0,False,False,False,False,11.0,False,False,train,day after,1
2000-01-07 21:10:00,1,7.8,synthetic,False,0.0,0.0,8.044,0.0,1.0,0.0,0.0,0.1078,0.0,0.0,0.0,,,True,31.0,0.0,,25.83,0.312,21,4,0,False,False,False,False,11.7,False,False,train,day after,1
2000-01-07 21:15:00,1,8.1,synthetic,False,0.0,0.0,7.386,0.0,1.0,0.0,0.0,0.1078,0.0,0.0,0.0,,,True,21.0,0.0,,25.92,0.398,21,4,0,False,False,False,False,12.4,False,False,train,day after,1
2000-01-07 21:20:00,1,9.0,synthetic,False,0.0,0.0,6.728,0.0,1.0,0.0,0.0,0.1078,0.0,0.0,0.0,51.0,2.0,False,24.0,0.0,,26.0,0.483,21,4,0,False,False,False,False,12.6,False,False,train,day after,1
2000-01-07 21:25:00,1,9.4,synthetic,False,0.0,0.0,6.07,0.0,1.0,0.0,0.0,0.1078,0.0,0.0,0.0,,,True,32.0,0.0,,26.08,0.566,21,4,0,False,False,False,False,11.7,False,False,train,day after,1
2000-01-07 21:30:00,1,10.8,synthetic,False,0.0,0.0,5.678,0.0,1.0,0.0,0.0,0.1078,0.0,0.0,0.0,,,True,24.0,0.0,,26.17,0.645,21,4,0,False,False,False,False,12.7,False,False,train,day after,1
2000-01-07 21:35:00,1,11.0,synthetic,False,0.0,0.0,5.285,0.0,1.0,0.0,0.0,0.1078,0.0,0.0,0.0,78.1,4.0,False,23.0,0.0,,26.25,0.719,21,4,0,False,False,False,False,12.6,False,False,train,day after,1
2000-01-07 21:40:00,1,11.7,synthetic,False,0.0,0.0,4.893,0.0,1.0,0.0,0.0,0.1078,0.0,0.0,0.0,,,True,27.0,0.0,,26.33,0.788,21,4,0,False,False,False,False,11.8,True,True,train,day after,1
2000-01-07 21:45:00,1,12.4,synthetic,False,0.0,0.0,4.5,0.0,1.0,0.0,0.0,0.1078,0.0,0.0,0.0,58.4,4.0,False,24.0,0.0,,26.42,0.853,21,4,0,False,False,False,False,12.5,True,True,train,day after,1
2000-01-07 21:50:00,1,12.6,synthetic,False,0.0,0.0,4.108,0.0,1.0,0.0,0.0,0.1078,0.0,0.0,0.0,56.7,4.0,False,28.0,0.0,,26.5,0.914,21,4,0,False,False,False,False,13.4,True,True,train,day after,1
2000-01-07 21:55:00,1,11.7,synthetic,False,5.16,25.6,8.871,0.0,1.0,0.0,0.0,0.1078,0.0,0.0,0.0,49.2,5.0,False,25.0,0.0,,26.58,0.97,21,4,0,False,False,False,False,13.7,True,True,train,day after,1
2000-01-07 22:00:00,1,12.7,synthetic,False,0.0,0.0,8.264,1.0,0.0,0.0,0.0,0.0,0.0,0.0,0.0,57.0,5.0,False,34.0,0.0,,26.67,1.022,22,4,0,False,False,False,False,14.5,True,True,train,day after,1
2000-01-07 22:05:00,1,12.6,synthetic,False,0.0,0.0,7.657,1.0,0.0,0.0,0.0,0.0,0.0,0.0,0.0,61.5,3.0,False,27.0,0.0,,26.75,0.963,22,4,0,False,False,False,False,15.2,True,True,train,day after,1
2000-01-07 22:10:00,1,11.8,synthetic,False,6.01,58.5,13.057,1.0,0.0,0.0,0.0,0.0,0.0,0.0,0.0,58.9,3.0,False,24.0,0.0,,26.83,0.905,22,4,0,False,False,False,False,15.5,True,True,train,day after,1
2000-01-07 22:15:00,1,12.5,synthetic,False,0.0,0.0,12.199,1.0,0.0,0.0,0.0,0.0,0.0,0.0,0.0,,,True,19.0,0.0,,26.92,0.847,22,4,0,False,False,False,False,16.4,True,True,train,day after,1
2000-01-07 22:20:00,1,13.4,synthetic,False,1.67,24.4,13.01,1.0,0.0,0.0,0.0,0.0,0.0,0.0,0.0,66.8,2.0,False,20.0,0.0,,27.0,0.788,22,4,0,False,False,False,False,17.2,True,True,train,day after,1
2000-01-07 22:25:00,1,13.7,synthetic,False,0.0,0.0,12.083,1.0,0.0,0.0,0.0,0.0,0.0,0.0,0.0,,,True,27.0,0.0,,27.08,0.73,22,4,0,False,False,False,False,17.6,True,True,train,day after,1
2000-01-07 22:30:00,1,14.5,synthetic,False,0.0,0.0,11.155,1.0,0.0,0.0,0.0,0.0,0.0,0.0,0.0,,,True,26.0,0.0,,27.17,0.672,22,4,0,False,False,False,False,17.9,True,True,train,day after,1
2000-01-07 22:35:00,1,15.2,synthetic,False,0.0,0.0,10.298,1.0,0.0,0.0,0.0,0.0,0.0,0.0,0.0,,,True,28.0,0.0,,27.25,0.613,22,4,0,False,False,False,False,18.1,True,True,train,day after,1
2000-01-07 22:40:00,1,15.5,synthetic,False,0.0,0.0,9.441,1.0,0.0,0.0,0.0,0.0,0.0,0.0,0.0,50.4,2.0,False,37.0,0.0,,27.33,0.555,22,4,0,False,False,False,False,18.3,True,True,train,day after,1
2000-01-07 22:45:00,1,16.4,synthetic,False,0.0,0.0,8.584,1.0,0.0,0.0,0.0,0.0,0.0,0.0,0.0,57.4,3.0,False,24.0,0.0,,27.42,0.496,22,4,0,False,False,False,False,17.6,True,True,train,day after,1
2000-01-07 22:50:00,1,17.2,synthetic,False,0.0,0.0,8.049,1.0,0.0,0.0,0.0,0.0,0.0,0.0,0.0,,,True,28.0,0.0,,27.5,0.438,22,4,0,False,False,False,False,16.6,True,True,train,day after,1
2000-01-07 22:55:00,1,17.6,synthetic,False,0.0,0.0,7.515,1.0,0.0,0.0,0.0,0.0,0.0,0.0,0.0,,,True,30.0,0.0,,27.58,0.38,22,4,0,False,False,False,False,15.9,True,True,train,day after,1
2000-01-07 23:00:00,1,17.9,synthetic,False,0.0,0.0,6.98,1.0,0.0,0.0,0.0,0.0,0.0,0.0,0.0,67.5,1.0,False,2.0,0.0,,27.67,0.323,23,4,0,False,False,False,False,14.9,True,True,train,day after,1
2000-01-07 23:05:00,1,18.1,synthetic,False,0.0,0.0,6.445,1.0,0.0,0.0,0.0,0.0,0.0,0.0,0.0,,,True,0.0,0.0,,27.75,0.272,23,4,0,False,False,False,False,15.1,True,True,train,day after,1
2000-01-07 23:10:00,1,18.3,synthetic,False,0.0,0.0,5.911,1.0,0.0,0.0,0.0,0.0,0.0,0.0,0.0,63.2,4.0,False,2.0,0.0,,27.83,0.225,23,4,0,False,False,False,False,14.4,True,True,train,day after,1
2000-01-07 23:15:00,1,17.6,synthetic,False,0.0,0.0,5.376,1.0,0.0,0.0,0.0,0.0,0.0,0.0,0.0,,,True,1.0,0.0,,27.92,0.182,23,4,0,False,False,False,False,13.6,True,True,train,day after,1
2000-01-07 23:20:00,1,16.6,synthetic,False,0.0,0.0,4.841,1.0,0.0,0.0,0.0,0.0,0.0,0.0,0.0,65.1,3.0,False,2.0,0.0,,28.0,0.144,23,4,0,False,False,False,False,12.9,True,True,train,day after,1
2000-01-07 23:25:00,1,15.9,synthetic,False,0.0,0.0,4.307,1.0,0.0,0.0,0.0,0.0,0.0,0.0,0.0,59.4,1.0,False,2.0,0.0,,28.08,0.11,23,4,0,False,False,False,False,11.6,True,True,train,day after,1
2000-01-07 23:30:00,1,14.9,synthetic,False,0.0,0.0,3.772,1.0,0.0,0.0,0.0,0.0,0.0,0.0,0.0,,,True,2.0,0.0,,28.17,0.081,23,4,0,False,False,False,False,10.9,True,True,train,day after,1
2000-01-07 23:35:00,1,15.1,synthetic,False,0.0,0.0,3.237,1.0,0.0,0.0,0.0,0.0,0.0,0.0,0.0,61.3,3.0,False,2.0,0.0,,28.25,0.056,23,4,0,False,False,False,False,10.8,True,True,train,day after,1
2000-01-07 23:40:00,1,14.4,synthetic,False,0.0,0.0,2.703,1.0,0.0,0.0,0.0,0.0,0.0,0.0,0.0,54.3,2.0,False,0.0,0.0,,28.33,0.036,23,4,0,False,False,False,False,10.4,True,True,train,day after,1
2000-01-07 23:45:00,1,13.6,synthetic,False,0.0,0.0,2.168,1.0,0.0,0.0,0.0,0.0,0.0,0.0,0.0,,,True,0.0,0.0,,28.42,0.02,23,4,0,False,False,False,False,10.4,True,True,train,day after,1
2000-01-07 23:50:00,1,12.9,synthetic,False,0.0,0.0,1.633,1.0,0.0,0.0,0.0,0.0,0.0,0.0,0.0,,,True,1.0,0.0,,28.5,0.009,23,4,0,False,False,False,False,9.7,True,True,train,day after,1
2000-01-07 23:55:00,1,11.6,synthetic,False,0.0,0.0,1.099,1.0,0.0,0.0,0.0,0.0,0.0,0.0,0.0,64.1,2.0,False,0.0,0.0,,28.58,0.002,23,4,0,False,False,False,False,9.4,True,True,train,day after,1
2000-01-08 00:00:00,1,10.9,synthetic,False,0.0,0.0,0.779,1.0,0.0,0.0,0.0,0.0,0.0,0.0,0.0,56.9,2.0,False,1.0,0.0,,28.67,0.0,0,5,0,False,False,False,False,8.9,True,True,train,exercise day,1
2000-01-08 00:05:00,1,10.8,synthetic,False,0.0,0.0,0.459,1.0,0.0,0.0,0.0,0.0,0.0,0.0,0.0,67.9,1.0,False,2.0,0.0,,28.75,0.0,0,5,0,False,False,False,False,8.0,True,True,train,exercise day,1
2000-01-08 00:10:00,1,10.4,synthetic,False,0.0,0.0,0.139,1.0,0.0,0.0,0.0,0.0,0.0,0.0,0.0,,,True,0.0,0.0,,28.83,0.0,0,5,0,False,False,False,False,7.8,True,True,train,exercise day,1
2000-01-08 00:15:00,1,10.4,synthetic,False,0.0,0.0,0.07,1.0,0.0,0.0,0.0,0.0,0.0,0.0,0.0,,,True,1.0,0.0,,28.92,0.0,0,5,0,False,False,False,False,7.3,True,True,train,exercise day,1
2000-01-08 00:20:00,1,9.7,synthetic,False,0.0,0.0,0.0,1.0,0.0,0.0,0.0,0.0,0.0,0.0,0.0,,,True,0.0,0.0,,29.0,0.0,0,5,0,False,False,False,False,6.8,True,True,train,exercise day,1
2000-01-08 00:25:00,1,9.4,synthetic,False,0.0,0.0,0.0,1.0,0.0,0.0,0.0,0.0,0.0,0.0,0.0,,,True,0.0,0.0,,29.08,0.0,0,5,0,False,False,False,False,7.0,True,True,train,exercise day,1
2000-01-08 00:30:00,1,8.9,synthetic,False,0.0,0.0,0.0,1.0,0.0,0.0,0.0,0.0,0.0,0.0,0.0,,,True,1.0,0.0,,29.17,0.0,0,5,0,False,False,False,False,6.9,True,True,train,exercise day,1
2000-01-08 00:35:00,1,8.0,synthetic,False,0.0,0.0,0.0,1.0,0.0,0.0,0.0,0.0,0.0,0.0,0.0,76.6,4.0,False,0.0,0.0,,29.25,0.0,0,5,0,False,False,False,False,6.3,True,True,train,exercise day,1
2000-01-08 00:40:00,1,7.8,synthetic,False,0.0,0.0,0.0,1.0,0.0,0.0,0.0,0.0,0.0,0.0,0.0,52.9,2.0,False,1.0,0.0,,29.33,0.0,0,5,0,False,False,False,False,6.1,True,True,train,exercise day,1
2000-01-08 00:45:00,1,7.3,synthetic,False,0.0,0.0,0.0,1.0,0.0,0.0,0.0,0.0,0.0,0.0,0.0,,,True,1.0,0.0,,29.42,0.0,0,5,0,False,False,False,False,5.8,True,True,train,exercise day,1
2000-01-08 00:50:00,1,6.8,synthetic,False,0.0,0.0,0.0,1.0,0.0,0.0,0.0,0.0,0.0,0.0,0.0,46.4,3.0,False,1.0,0.0,,29.5,0.0,0,5,0,False,False,False,False,6.0,True,True,train,exercise day,1
2000-01-08 00:55:00,1,7.0,synthetic,False,0.0,0.0,0.0,1.0,0.0,0.0,0.0,0.0,0.0,0.0,0.0,,,True,1.0,0.0,,29.58,0.0,0,5,0,False,False,False,False,5.5,True,True,train,exercise day,1
2000-01-08 01:00:00,1,6.9,synthetic,False,0.0,0.0,0.0,1.0,0.0,0.0,0.0,0.0,0.0,0.0,0.0,55.8,3.0,False,3.0,0.0,,29.67,0.0,1,5,0,False,False,False,False,5.5,True,True,train,exercise day,1
2000-01-08 01:05:00,1,6.3,synthetic,False,0.0,0.0,0.0,1.0,0.0,0.0,0.0,0.0,0.0,0.0,0.0,,,True,1.0,0.0,,29.75,0.0,1,5,0,False,False,False,False,6.1,True,True,train,exercise day,1
2000-01-08 01:10:00,1,6.1,synthetic,False,0.0,0.0,0.0,1.0,0.0,0.0,0.0,0.0,0.0,0.0,0.0,,,True,0.0,0.0,,29.83,0.0,1,5,0,False,False,False,False,6.6,True,True,train,exercise day,1
2000-01-08 01:15:00,1,5.8,synthetic,False,0.0,0.0,0.0,1.0,0.0,0.0,0.0,0.0,0.0,0.0,0.0,,,True,1.0,0.0,,29.92,0.0,1,5,0,False,False,False,False,6.8,True,True,train,exercise day,1
2000-01-08 01:20:00,1,6.0,synthetic,False,0.0,0.0,0.0,1.0,0.0,0.0,0.0,0.0,0.0,0.0,0.0,,,True,4.0,0.0,,30.0,0.0,1,5,0,False,False,False,False,6.7,True,True,train,exercise day,1
2000-01-08 01:25:00,1,5.5,synthetic,False,0.0,0.0,0.0,1.0,0.0,0.0,0.0,0.0,0.0,0.0,0.0,62.9,1.0,False,2.0,0.0,,30.08,0.0,1,5,0,False,False,False,False,6.7,True,True,train,exercise day,1
2000-01-08 01:30:00,1,5.5,synthetic,False,0.0,0.0,0.0,1.0,0.0,0.0,0.0,0.0,0.0,0.0,0.0,59.5,1.0,False,1.0,0.0,,30.17,0.0,1,5,0,False,False,False,False,6.8,True,True,train,exercise day,1
2000-01-08 01:35:00,1,6.1,synthetic,False,0.0,0.0,0.0,1.0,0.0,0.0,0.0,0.0,0.0,0.0,0.0,53.5,5.0,False,0.0,0.0,,30.25,0.0,1,5,0,False,False,False,False,6.4,True,True,train,exercise day,1
2000-01-08 01:40:00,1,6.6,synthetic,False,0.0,0.0,0.0,1.0,0.0,0.0,0.0,0.0,0.0,0.0,0.0,60.7,4.0,False,0.0,0.0,,30.33,0.0,1,5,0,False,False,False,False,6.2,True,True,train,exercise day,1
2000-01-08 01:45:00,1,6.8,synthetic,False,0.0,0.0,0.0,1.0,0.0,0.0,0.0,0.0,0.0,0.0,0.0,,,True,1.0,0.0,,30.42,0.0,1,5,0,False,False,False,False,6.5,True,True,train,exercise day,1
2000-01-08 01:50:00,1,6.7,synthetic,False,0.0,0.0,0.0,1.0,0.0,0.0,0.0,0.0,0.0,0.0,0.0,59.3,1.0,False,1.0,0.0,,30.5,0.0,1,5,0,False,False,False,False,6.6,True,True,train,exercise day,1
2000-01-08 01:55:00,1,6.7,synthetic,False,0.0,0.0,0.0,1.0,0.0,0.0,0.0,0.0,0.0,0.0,0.0,62.3,1.0,False,1.0,0.0,,30.58,0.0,1,5,0,False,False,False,False,6.1,True,True,train,exercise day,1
2000-01-08 02:00:00,1,6.8,synthetic,False,0.0,0.0,0.0,1.0,0.0,0.0,0.0,0.0,0.0,0.0,0.0,57.4,4.0,False,0.0,0.0,,30.67,0.0,2,5,0,False,False,False,False,6.2,True,True,train,exercise day,1
2000-01-08 02:05:00,1,6.4,synthetic,False,0.0,0.0,0.0,1.0,0.0,0.0,0.0,0.0,0.0,0.0,0.0,71.0,5.0,False,2.0,0.0,,30.75,0.0,2,5,0,False,False,False,False,6.7,True,True,train,exercise day,1
2000-01-08 02:10:00,1,6.2,synthetic,False,0.0,0.0,0.0,1.0,0.0,0.0,0.0,0.0,0.0,0.0,0.0,52.5,2.0,False,2.0,0.0,,30.83,0.0,2,5,0,False,False,False,False,6.9,True,True,train,exercise day,1
2000-01-08 02:15:00,1,6.5,synthetic,False,0.0,0.0,0.0,1.0,0.0,0.0,0.0,0.0,0.0,0.0,0.0,71.8,3.0,False,4.0,0.0,,30.92,0.0,2,5,0,False,False,False,False,6.5,True,True,train,exercise day,1
2000-01-08 02:20:00,1,6.6,synthetic,False,0.0,0.0,0.0,1.0,0.0,0.0,0.0,0.0,0.0,0.0,0.0,38.6,3.0,False,3.0,0.0,,31.0,0.0,2,5,0,False,False,False,False,6.5,True,True,train,exercise day,1
2000-01-08 02:25:00,1,6.1,synthetic,False,0.0,0.0,0.0,1.0,0.0,0.0,0.0,0.0,0.0,0.0,0.0,48.9,4.0,False,3.0,0.0,,31.08,0.0,2,5,0,False,False,False,False,6.5,True,True,train,exercise day,1
2000-01-08 02:30:00,1,6.2,synthetic,False,0.0,0.0,0.0,1.0,0.0,0.0,0.0,0.0,0.0,0.0,0.0,70.0,4.0,False,2.0,0.0,,31.17,0.0,2,5,0,False,False,False,False,6.3,True,True,train,exercise day,1
2000-01-08 02:35:00,1,6.7,synthetic,False,0.0,0.0,0.0,1.0,0.0,0.0,0.0,0.0,0.0,0.0,0.0,51.1,3.0,False,1.0,0.0,,31.25,0.0,2,5,0,False,False,False,False,6.6,True,True,train,exercise day,1
2000-01-08 02:40:00,1,6.9,synthetic,False,0.0,0.0,0.0,1.0,0.0,0.0,0.0,0.0,0.0,0.0,0.0,60.0,2.0,False,2.0,0.0,,31.33,0.0,2,5,0,False,False,False,False,6.3,True,True,train,exercise day,1
2000-01-08 02:45:00,1,6.5,synthetic,False,0.0,0.0,0.0,1.0,0.0,0.0,0.0,0.0,0.0,0.0,0.0,58.3,4.0,False,1.0,0.0,,31.42,0.0,2,5,0,False,False,False,False,6.2,True,True,train,exercise day,1
2000-01-08 02:50:00,1,6.5,synthetic,False,0.0,0.0,0.0,1.0,0.0,0.0,0.0,0.0,0.0,0.0,0.0,,,True,1.0,0.0,,31.5,0.0,2,5,0,False,False,False,False,6.1,True,True,train,exercise day,1
2000-01-08 02:55:00,1,6.5,synthetic,False,0.0,0.0,0.0,1.0,0.0,0.0,0.0,0.0,0.0,0.0,0.0,,,True,0.0,0.0,,31.58,0.0,2,5,0,False,False,False,False,6.5,True,True,train,exercise day,1
2000-01-08 03:00:00,1,6.3,synthetic,False,0.0,0.0,0.0,1.0,0.0,0.0,0.0,0.0,0.0,0.0,0.0,66.4,1.0,False,1.0,0.0,,31.67,0.0,3,5,0,False,False,False,False,6.5,True,True,train,exercise day,1
2000-01-08 03:05:00,1,6.6,synthetic,False,0.0,0.0,0.0,1.0,0.0,0.0,0.0,0.0,0.0,0.0,0.0,,,True,0.0,0.0,,31.75,0.0,3,5,0,False,False,False,False,6.5,True,True,train,exercise day,1
2000-01-08 03:10:00,1,6.3,synthetic,False,0.0,0.0,0.0,1.0,0.0,0.0,0.0,0.0,0.0,0.0,0.0,56.8,3.0,False,1.0,0.0,,31.83,0.0,3,5,0,False,False,False,False,6.2,True,True,train,exercise day,1
2000-01-08 03:15:00,1,6.2,synthetic,False,0.0,0.0,0.0,1.0,0.0,0.0,0.0,0.0,0.0,0.0,0.0,53.9,2.0,False,2.0,0.0,,31.92,0.0,3,5,0,False,False,False,False,6.3,True,True,train,exercise day,1
2000-01-08 03:20:00,1,6.1,synthetic,False,0.0,0.0,0.0,1.0,0.0,0.0,0.0,0.0,0.0,0.0,0.0,,,True,1.0,0.0,,32.0,0.0,3,5,0,False,False,False,False,5.9,True,True,train,exercise day,1
2000-01-08 03:25:00,1,6.5,synthetic,False,0.0,0.0,0.0,1.0,0.0,0.0,0.0,0.0,0.0,0.0,0.0,49.9,1.0,False,1.0,0.0,,32.08,0.0,3,5,0,False,False,False,False,5.7,True,True,train,exercise day,1
2000-01-08 03:30:00,1,6.5,synthetic,False,0.0,0.0,0.0,1.0,0.0,0.0,0.0,0.0,0.0,0.0,0.0,48.6,3.0,False,2.0,0.0,,32.17,0.0,3,5,0,False,False,False,False,6.2,True,True,train,exercise day,1
2000-01-08 03:35:00,1,6.5,synthetic,False,0.0,0.0,0.0,1.0,0.0,0.0,0.0,0.0,0.0,0.0,0.0,,,True,2.0,0.0,,32.25,0.0,3,5,0,False,False,False,False,6.1,True,True,train,exercise day,1
2000-01-08 03:40:00,1,6.2,synthetic,False,0.0,0.0,0.0,1.0,0.0,0.0,0.0,0.0,0.0,0.0,0.0,,,True,1.0,0.0,,32.33,0.0,3,5,0,False,False,False,False,6.2,True,True,train,exercise day,1
2000-01-08 03:45:00,1,6.3,synthetic,False,0.0,0.0,0.0,1.0,0.0,0.0,0.0,0.0,0.0,0.0,0.0,56.9,5.0,False,2.0,0.0,,32.42,0.0,3,5,0,False,False,False,False,5.8,True,True,train,exercise day,1
2000-01-08 03:50:00,1,5.9,synthetic,False,0.0,0.0,0.0,1.0,0.0,0.0,0.0,0.0,0.0,0.0,0.0,42.9,2.0,False,0.0,0.0,,32.5,0.0,3,5,0,False,False,False,False,6.3,True,True,train,exercise day,1
2000-01-08 03:55:00,1,5.7,synthetic,False,0.0,0.0,0.0,1.0,0.0,0.0,0.0,0.0,0.0,0.0,0.0,55.8,4.0,False,3.0,0.0,,32.58,0.0,3,5,0,False,False,False,False,5.8,True,True,train,exercise day,1
2000-01-08 04:00:00,1,6.2,synthetic,False,0.0,0.0,0.0,1.0,0.0,0.0,0.0,0.0,0.0,0.0,0.0,57.1,2.0,False,1.0,0.0,,32.67,0.0,4,5,0,False,False,False,False,5.8,True,True,train,exercise day,1
2000-01-08 04:05:00,1,6.1,synthetic,False,0.0,0.0,0.0,1.0,0.0,0.0,0.0,0.0,0.0,0.0,0.0,,,True,3.0,0.0,,32.75,0.0,4,5,0,False,False,False,False,5.2,True,True,train,exercise day,1
2000-01-08 04:10:00,1,6.2,synthetic,False,0.0,0.0,0.0,1.0,0.0,0.0,0.0,0.0,0.0,0.0,0.0,63.4,2.0,False,1.0,0.0,,32.83,0.0,4,5,0,False,False,False,False,5.7,True,True,train,exercise day,1
2000-01-08 04:15:00,1,5.8,synthetic,False,0.0,0.0,0.0,1.0,0.0,0.0,0.0,0.0,0.0,0.0,0.0,,,True,1.0,0.0,,32.92,0.0,4,5,0,False,False,False,False,6.1,True,True,train,exercise day,1
2000-01-08 04:20:00,1,6.3,synthetic,False,0.0,0.0,0.0,1.0,0.0,0.0,0.0,0.0,0.0,0.0,0.0,,,True,3.0,0.0,,33.0,0.0,4,5,0,False,False,False,False,6.5,True,True,train,exercise day,1
2000-01-08 04:25:00,1,5.8,synthetic,False,0.0,0.0,0.0,1.0,0.0,0.0,0.0,0.0,0.0,0.0,0.0,,,True,1.0,0.0,,33.08,0.0,4,5,0,False,False,False,False,6.0,True,True,train,exercise day,1
2000-01-08 04:30:00,1,5.8,synthetic,False,0.0,0.0,0.0,1.0,0.0,0.0,0.0,0.0,0.0,0.0,0.0,,,True,1.0,0.0,,33.17,0.0,4,5,0,False,False,False,False,6.1,True,True,train,exercise day,1
2000-01-08 04:35:00,1,5.2,synthetic,False,0.0,0.0,0.0,1.0,0.0,0.0,0.0,0.0,0.0,0.0,0.0,69.1,5.0,False,0.0,0.0,,33.25,0.0,4,5,0,False,False,False,False,6.6,True,True,train,exercise day,1
2000-01-08 04:40:00,1,5.7,synthetic,False,0.0,0.0,0.0,1.0,0.0,0.0,0.0,0.0,0.0,0.0,0.0,,,True,2.0,0.0,,33.33,0.0,4,5,0,False,False,False,False,6.3,True,True,train,exercise day,1
2000-01-08 04:45:00,1,6.1,synthetic,False,0.0,0.0,0.0,1.0,0.0,0.0,0.0,0.0,0.0,0.0,0.0,44.2,5.0,False,2.0,0.0,,33.42,0.0,4,5,0,False,False,False,False,6.0,True,True,train,exercise day,1
2000-01-08 04:50:00,1,6.5,synthetic,False,0.0,0.0,0.0,1.0,0.0,0.0,0.0,0.0,0.0,0.0,0.0,47.9,4.0,False,0.0,0.0,,33.5,0.0,4,5,0,False,False,False,False,6.2,True,True,train,exercise day,1
2000-01-08 04:55:00,1,6.0,synthetic,False,0.0,0.0,0.0,1.0,0.0,0.0,0.0,0.0,0.0,0.0,0.0,62.1,3.0,False,3.0,0.0,,33.58,0.0,4,5,0,False,False,False,False,6.1,True,True,train,exercise day,1
2000-01-08 05:00:00,1,6.1,synthetic,False,0.0,0.0,0.0,1.0,0.0,0.0,0.0,0.0,0.0,0.0,0.0,,,True,2.0,0.0,,33.67,0.0,5,5,0,False,False,False,False,6.4,True,True,train,exercise day,1
2000-01-08 05:05:00,1,6.6,synthetic,False,0.0,0.0,0.0,1.0,0.0,0.0,0.0,0.0,0.0,0.0,0.0,,,True,2.0,0.0,,33.75,0.0,5,5,0,False,False,False,False,6.4,True,True,train,exercise day,1
2000-01-08 05:10:00,1,6.3,synthetic,False,0.0,0.0,0.0,1.0,0.0,0.0,0.0,0.0,0.0,0.0,0.0,51.1,5.0,False,1.0,0.0,,33.83,0.0,5,5,0,False,False,False,False,6.4,True,True,train,exercise day,1
2000-01-08 05:15:00,1,6.0,synthetic,False,0.0,0.0,0.0,1.0,0.0,0.0,0.0,0.0,0.0,0.0,0.0,53.9,1.0,False,2.0,0.0,,33.92,0.0,5,5,0,False,False,False,False,6.1,True,True,train,exercise day,1
2000-01-08 05:20:00,1,6.2,synthetic,False,0.0,0.0,0.0,1.0,0.0,0.0,0.0,0.0,0.0,0.0,0.0,,,True,1.0,0.0,,34.0,0.0,5,5,0,False,False,False,False,5.5,True,True,train,exercise day,1
2000-01-08 05:25:00,1,6.1,synthetic,False,0.0,0.0,0.0,1.0,0.0,0.0,0.0,0.0,0.0,0.0,0.0,51.1,3.0,False,0.0,0.0,,34.08,0.0,5,5,0,False,False,False,False,5.8,True,True,train,exercise day,1
2000-01-08 05:30:00,1,6.4,synthetic,False,0.0,0.0,0.0,1.0,0.0,0.0,0.0,0.0,0.0,0.0,0.0,51.6,4.0,False,1.0,0.0,,34.17,0.0,5,5,0,False,False,False,False,6.1,True,True,train,exercise day,1
2000-01-08 05:35:00,1,6.4,synthetic,False,0.0,0.0,0.0,1.0,0.0,0.0,0.0,0.0,0.0,0.0,0.0,,,True,2.0,0.0,,34.25,0.0,5,5,0,False,False,False,False,5.9,True,True,train,exercise day,1
2000-01-08 05:40:00,1,6.4,synthetic,False,0.0,0.0,0.0,1.0,0.0,0.0,0.0,0.0,0.0,0.0,0.0,,,True,0.0,0.0,,34.33,0.0,5,5,0,False,False,False,False,6.2,True,True,train,exercise day,1
2000-01-08 05:45:00,1,6.1,synthetic,False,0.0,0.0,0.0,1.0,0.0,0.0,0.0,0.0,0.0,0.0,0.0,,,True,6.0,0.0,,34.42,0.0,5,5,0,False,False,False,False,6.5,True,True,train,exercise day,1
2000-01-08 05:50:00,1,5.5,synthetic,False,0.0,0.0,0.0,1.0,0.0,0.0,0.0,0.0,0.0,0.0,0.0,67.6,2.0,False,2.0,0.0,,34.5,0.0,5,5,0,False,False,False,False,6.4,True,True,train,exercise day,1
2000-01-08 05:55:00,1,5.8,synthetic,False,0.0,0.0,0.0,1.0,0.0,0.0,0.0,0.0,0.0,0.0,0.0,,,True,3.0,0.0,,34.58,0.0,5,5,0,False,False,False,False,6.9,True,True,train,exercise day,1
2000-01-08 06:00:00,1,6.1,synthetic,False,0.0,0.0,0.0,1.0,0.0,0.0,0.0,0.0,0.0,0.0,0.0,51.5,1.0,False,1.0,0.0,,34.67,0.0,6,5,0,False,False,False,False,7.0,True,True,train,exercise day,1
2000-01-08 06:05:00,1,5.9,synthetic,False,0.0,0.0,0.0,1.0,0.0,0.0,0.0,0.0,0.0,0.0,0.0,30.3,3.0,False,3.0,0.0,,34.75,0.0,6,5,0,False,False,False,False,7.0,True,True,train,exercise day,1
2000-01-08 06:10:00,1,6.2,synthetic,False,0.0,0.0,0.0,1.0,0.0,0.0,0.0,0.0,0.0,0.0,0.0,43.4,1.0,False,3.0,0.0,,34.83,0.0,6,5,0,False,False,False,False,7.2,True,True,train,exercise day,1
2000-01-08 06:15:00,1,6.5,synthetic,False,0.0,0.0,0.0,1.0,0.0,0.0,0.0,0.0,0.0,0.0,0.0,58.1,1.0,False,0.0,0.0,,34.92,0.0,6,5,0,False,False,False,False,7.3,True,True,train,exercise day,1
2000-01-08 06:20:00,1,6.4,synthetic,False,0.0,0.0,0.0,1.0,0.0,0.0,0.0,0.0,0.0,0.0,0.0,57.9,1.0,False,2.0,0.0,,35.0,0.0,6,5,0,False,False,False,False,7.4,True,True,train,exercise day,1
2000-01-08 06:25:00,1,6.9,synthetic,False,0.0,0.0,0.0,1.0,0.0,0.0,0.0,0.0,0.0,0.0,0.0,,,True,0.0,0.0,,35.08,0.0,6,5,0,False,False,False,False,7.9,True,True,train,exercise day,1
2000-01-08 06:30:00,1,7.0,synthetic,False,0.0,0.0,0.0,1.0,0.0,0.0,0.0,0.0,0.0,0.0,0.0,,,True,2.0,0.0,,35.17,0.0,6,5,0,False,False,False,False,8.3,True,True,train,exercise day,1
2000-01-08 06:35:00,1,7.0,synthetic,False,0.0,0.0,0.0,1.0,0.0,0.0,0.0,0.0,0.0,0.0,0.0,,,True,0.0,0.0,,35.25,0.0,6,5,0,False,False,False,False,9.2,True,True,train,exercise day,1
2000-01-08 06:40:00,1,7.2,synthetic,False,2.68,43.2,2.682,1.0,0.0,0.0,0.0,0.0,0.0,0.0,0.0,,,True,1.0,0.0,,35.33,0.0,6,5,0,False,False,False,False,9.7,True,True,train,exercise day,1
2000-01-08 06:45:00,1,7.3,synthetic,False,0.0,0.0,2.57,1.0,0.0,0.0,0.0,0.0,0.0,0.0,0.0,41.9,4.0,False,2.0,0.0,,35.42,0.0,6,5,0,False,False,False,False,10.2,True,True,train,exercise day,1
2000-01-08 06:50:00,1,7.4,synthetic,False,0.0,0.0,2.458,1.0,0.0,0.0,0.0,0.0,0.0,0.0,0.0,48.6,2.0,False,2.0,0.0,,35.5,0.0,6,5,0,False,False,False,False,10.2,True,True,train,exercise day,1
2000-01-08 06:55:00,1,7.9,synthetic,False,0.0,0.0,2.346,1.0,0.0,0.0,0.0,0.0,0.0,0.0,0.0,48.3,4.0,False,0.0,0.0,,35.58,0.0,6,5,0,False,False,False,False,10.9,True,True,train,exercise day,1
2000-01-08 07:00:00,1,8.3,synthetic,False,0.0,0.0,2.235,1.0,0.0,0.0,0.0,0.0,0.0,0.0,0.0,40.7,1.0,False,23.0,0.0,,35.67,0.0,7,5,0,False,False,False,False,12.0,True,True,train,exercise day,1
2000-01-08 07:05:00,1,9.2,synthetic,False,0.0,0.0,2.123,1.0,0.0,0.0,0.0,0.0,0.0,0.0,0.0,,,True,32.0,0.0,,35.75,0.0,7,5,0,False,False,False,False,13.1,True,True,train,exercise day,1
2000-01-08 07:10:00,1,9.7,synthetic,False,0.0,0.0,2.011,1.0,0.0,0.0,0.0,0.0,0.0,0.0,0.0,,,True,22.0,0.0,,35.83,0.0,7,5,0,False,False,False,False,12.6,True,True,train,exercise day,1
2000-01-08 07:15:00,1,10.2,synthetic,False,0.0,0.0,1.899,1.0,0.0,0.0,0.0,0.0,0.0,0.0,0.0,47.4,2.0,False,21.0,0.0,,35.92,0.0,7,5,0,False,False,False,False,13.4,True,True,train,exercise day,1
2000-01-08 07:20:00,1,10.2,synthetic,False,0.0,0.0,1.788,1.0,0.0,0.0,0.0,0.0,0.0,0.0,0.0,,,True,21.0,0.0,,36.0,0.0,7,5,0,False,False,False,False,13.5,True,True,train,exercise day,1
2000-01-08 07:25:00,1,10.9,synthetic,False,0.83,33.5,2.503,1.0,0.0,0.0,0.0,0.0,0.0,0.0,0.0,52.2,1.0,False,17.0,0.0,,36.08,0.0,7,5,0,False,False,False,False,14.4,True,True,train,exercise day,1
2000-01-08 07:30:00,1,12.0,synthetic,False,0.0,0.0,2.357,1.0,0.0,0.0,0.0,0.0,0.0,0.0,0.0,49.4,2.0,False,25.0,0.0,,36.17,0.0,7,5,0,False,False,False,False,15.3,True,True,train,exercise day,1
2000-01-08 07:35:00,1,13.1,synthetic,False,4.3,44.1,6.506,1.0,0.0,0.0,0.0,0.0,0.0,0.0,0.0,46.7,5.0,False,15.0,0.0,,36.25,0.0,7,5,0,False,False,False,False,15.7,True,True,train,exercise day,1
2000-01-08 07:40:00,1,12.6,synthetic,False,0.0,0.0,6.181,1.0,0.0,0.0,0.0,0.0,0.0,0.0,0.0,,,True,28.0,0.0,,36.33,0.0,7,5,0,False,False,False,False,15.8,True,True,train,exercise day,1
2000-01-08 07:45:00,1,13.4,synthetic,False,0.0,0.0,5.856,1.0,0.0,0.0,0.0,0.0,0.0,0.0,0.0,51.8,2.0,False,16.0,0.0,,36.42,0.0,7,5,0,False,False,False,False,16.4,True,True,train,exercise day,1
2000-01-08 07:50:00,1,13.5,synthetic,False,0.0,0.0,5.531,1.0,0.0,0.0,0.0,0.0,0.0,0.0,0.0,,,True,19.0,0.0,,36.5,0.0,7,5,0,False,False,False,False,17.1,True,True,train,exercise day,1
2000-01-08 07:55:00,1,14.4,synthetic,False,0.0,0.0,5.206,1.0,0.0,0.0,0.0,0.0,0.0,0.0,0.0,53.3,3.0,False,26.0,0.0,,36.58,0.0,7,5,0,False,False,False,False,17.5,True,True,train,exercise day,1
2000-01-08 08:00:00,1,15.3,synthetic,False,0.0,0.0,4.881,1.0,0.0,0.0,0.0,0.0,0.0,0.0,0.0,55.9,5.0,False,20.0,0.0,,36.67,0.0,8,5,0,False,False,False,False,16.1,True,True,train,exercise day,1
2000-01-08 08:05:00,1,15.7,synthetic,False,0.0,0.0,4.555,1.0,0.0,0.0,0.0,0.0,0.0,0.0,0.0,,,True,29.0,0.0,,36.75,0.0,8,5,0,False,False,False,False,15.9,True,True,train,exercise day,1
2000-01-08 08:10:00,1,15.8,synthetic,False,0.0,0.0,4.23,1.0,0.0,0.0,0.0,0.0,0.0,0.0,0.0,53.7,3.0,False,23.0,0.0,,36.83,0.0,8,5,0,False,False,False,False,14.8,True,True,train,exercise day,1
2000-01-08 08:15:00,1,16.4,synthetic,False,0.0,0.0,3.905,1.0,0.0,0.0,0.0,0.0,0.0,0.0,0.0,39.4,5.0,False,21.0,0.0,,36.92,0.0,8,5,0,False,False,False,False,13.7,True,True,train,exercise day,1
2000-01-08 08:20:00,1,17.1,synthetic,False,0.0,0.0,3.58,1.0,0.0,0.0,0.0,0.0,0.0,0.0,0.0,46.5,2.0,False,24.0,0.0,,37.0,0.0,8,5,0,False,False,False,False,13.5,True,True,train,exercise day,1
2000-01-08 08:25:00,1,17.5,synthetic,False,0.0,0.0,3.255,1.0,0.0,0.0,0.0,0.0,0.0,0.0,0.0,59.7,2.0,False,24.0,0.0,,37.08,0.0,8,5,0,False,False,False,False,12.8,True,True,train,exercise day,1
2000-01-08 08:30:00,1,16.1,synthetic,False,0.0,0.0,2.929,1.0,0.0,0.0,0.0,0.0,0.0,0.0,0.0,38.6,5.0,False,26.0,0.0,,37.17,0.0,8,5,0,False,False,False,False,13.0,True,True,train,exercise day,1
2000-01-08 08:35:00,1,15.9,synthetic,False,0.0,0.0,2.604,0.0,1.0,0.0,0.0,0.1078,0.0,0.0,0.0,,,True,26.0,0.0,,37.25,0.0,8,5,0,False,False,False,False,12.6,True,True,train,exercise day,1
2000-01-08 08:40:00,1,14.8,synthetic,False,0.0,0.0,2.279,0.0,1.0,0.0,0.0,0.1078,0.0,0.0,0.0,46.5,1.0,False,23.0,0.0,,37.33,0.106,8,5,0,False,False,False,False,12.2,True,True,train,exercise day,1
2000-01-08 08:45:00,1,13.7,synthetic,False,0.0,0.0,2.066,0.0,1.0,0.0,0.0,0.1078,0.0,0.0,0.0,,,True,23.0,0.0,,37.42,0.207,8,5,0,False,False,False,False,11.8,True,True,train,exercise day,1
2000-01-08 08:50:00,1,13.5,synthetic,False,0.0,0.0,1.852,0.0,1.0,0.0,0.0,0.1078,0.0,0.0,0.0,33.3,3.0,False,25.0,0.0,,37.5,0.303,8,5,0,False,False,False,False,12.2,True,True,train,exercise day,1
2000-01-08 08:55:00,1,12.8,synthetic,False,0.0,0.0,1.639,0.0,1.0,0.0,0.0,0.1078,0.0,0.0,0.0,46.5,5.0,False,24.0,0.0,,37.58,0.395,8,5,0,False,False,False,False,12.9,True,True,train,exercise day,1
2000-01-08 09:00:00,1,13.0,synthetic,False,0.0,0.0,1.425,0.0,1.0,0.0,0.0,0.1078,0.0,0.0,0.0,52.7,1.0,False,19.0,0.0,,37.67,0.483,9,5,0,False,False,False,False,13.3,True,True,train,exercise day,1
2000-01-08 09:05:00,1,12.6,synthetic,False,5.59,48.1,6.801,0.0,1.0,0.0,0.0,0.1078,0.0,0.0,0.0,,,True,26.0,0.0,,37.75,0.566,9,5,0,False,False,False,False,13.5,True,True,train,exercise day,1
2000-01-08 09:10:00,1,12.2,synthetic,False,0.0,0.0,6.354,0.0,1.0,0.0,0.0,0.1078,0.0,0.0,0.0,49.6,2.0,False,20.0,0.0,,37.83,0.645,9,5,0,False,False,False,False,12.9,True,True,train,exercise day,1
2000-01-08 09:15:00,1,11.8,synthetic,False,6.34,24.1,12.249,0.0,1.0,0.0,0.0,0.1078,0.0,0.0,0.0,47.4,1.0,False,24.0,0.0,,37.92,0.719,9,5,0,False,False,False,False,13.3,True,True,train,exercise day,1
2000-01-08 09:20:00,1,12.2,synthetic,False,0.0,0.0,11.538,0.0,1.0,0.0,0.0,0.1078,0.0,0.0,0.0,49.3,2.0,False,21.0,0.0,,38.0,0.788,9,5,0,False,False,False,False,13.5,True,True,train,exercise day,1
2000-01-08 09:25:00,1,12.9,synthetic,False,0.0,0.0,10.828,1.0,0.0,0.0,0.0,0.0,0.0,0.0,0.0,41.3,4.0,False,30.0,0.0,,38.08,0.853,9,5,0,False,False,False,False,14.0,True,True,train,exercise day,1
2000-01-08 09:30:00,1,13.3,synthetic,False,0.0,0.0,10.152,1.0,0.0,0.0,0.0,0.0,0.0,0.0,0.0,58.6,5.0,False,30.0,0.0,,38.17,0.809,9,5,0,False,False,False,False,14.0,True,True,train,exercise day,1
2000-01-08 09:35:00,1,13.5,synthetic,False,0.88,5.9,10.358,1.0,0.0,0.0,0.0,0.0,0.0,0.0,0.0,52.0,5.0,False,22.0,0.0,,38.25,0.764,9,5,0,False,False,False,False,14.9,True,True,train,exercise day,1
2000-01-08 09:40:00,1,12.9,synthetic,False,4.25,15.2,14.07,1.0,0.0,0.0,0.0,0.0,0.0,0.0,0.0,,,True,25.0,0.0,,38.33,0.719,9,5,0,False,False,False,False,,True,False,train,exercise day,1
2000-01-08 09:45:00,1,13.3,synthetic,False,0.0,0.0,13.359,1.0,0.0,0.0,0.0,0.0,0.0,0.0,0.0,,,True,31.0,0.0,,38.42,0.674,9,5,0,False,False,False,False,15.6,True,True,train,exercise day,1
2000-01-08 09:50:00,1,13.5,synthetic,False,0.0,0.0,12.649,1.0,0.0,0.0,0.0,0.0,0.0,0.0,0.0,48.8,4.0,False,19.0,0.0,,38.5,0.629,9,5,0,False,False,False,False,15.7,True,True,train,exercise day,1
2000-01-08 09:55:00,1,14.0,synthetic,False,0.0,0.0,11.938,1.0,0.0,0.0,0.0,0.0,0.0,0.0,0.0,,,True,33.0,0.0,,38.58,0.584,9,5,0,False,False,False,False,16.0,True,True,train,exercise day,1
2000-01-08 10:00:00,1,14.0,synthetic,False,0.43,37.6,11.659,1.0,0.0,0.0,0.0,0.0,0.0,0.0,0.0,,,True,38.0,0.0,,38.67,0.539,10,5,0,False,False,False,False,15.9,True,True,train,exercise day,1
2000-01-08 10:05:00,1,14.9,synthetic,False,0.0,0.0,10.93,1.0,0.0,0.0,0.0,0.0,0.0,0.0,0.0,47.6,4.0,False,24.0,0.0,,38.75,0.494,10,5,0,False,False,False,False,15.6,True,True,train,exercise day,1
2000-01-08 10:10:00,1,,,False,0.0,0.0,10.201,1.0,0.0,0.0,0.0,0.0,0.0,0.0,0.0,,,True,23.0,0.0,,38.83,0.449,10,5,0,False,False,False,True,15.4,False,False,train,exercise day,1
2000-01-08 10:15:00,1,15.6,synthetic,False,0.0,0.0,9.472,1.0,0.0,0.0,0.0,0.0,0.0,0.0,0.0,,,True,21.0,0.0,,38.92,0.404,10,5,0,False,False,False,False,15.2,False,False,train,exercise day,1
2000-01-08 10:20:00,1,15.7,synthetic,False,0.0,0.0,8.744,1.0,0.0,0.0,0.0,0.0,0.0,0.0,0.0,43.9,5.0,False,23.0,0.0,,39.0,0.359,10,5,0,False,False,False,False,15.5,False,False,train,exercise day,1
2000-01-08 10:25:00,1,16.0,synthetic,False,0.0,0.0,8.015,1.0,0.0,0.0,0.0,0.0,0.0,0.0,0.0,,,True,32.0,0.0,,39.08,0.314,10,5,0,False,False,False,False,15.5,False,False,train,exercise day,1
2000-01-08 10:30:00,1,15.9,synthetic,False,0.0,0.0,7.286,1.0,0.0,0.0,0.0,0.0,0.0,0.0,0.0,52.7,3.0,False,21.0,0.0,,39.17,0.27,10,5,0,False,False,False,False,15.4,False,False,train,exercise day,1
2000-01-08 10:35:00,1,15.6,synthetic,False,0.0,0.0,6.558,1.0,0.0,0.0,0.0,0.0,0.0,0.0,0.0,,,True,26.0,0.0,,39.25,0.225,10,5,0,False,False,False,False,14.2,False,False,train,exercise day,1
2000-01-08 10:40:00,1,15.4,synthetic,False,0.0,0.0,5.829,0.0,1.0,0.0,0.0,0.1078,0.0,0.0,0.0,,,True,20.0,0.0,,39.33,0.182,10,5,0,False,False,False,False,14.3,False,False,train,exercise day,1
2000-01-08 10:45:00,1,15.2,synthetic,False,0.0,0.0,5.1,0.0,1.0,0.0,0.0,0.1078,0.0,0.0,0.0,,,True,32.0,0.0,,39.42,0.249,10,5,0,False,False,False,False,,False,False,train,exercise day,1
2000-01-08 10:50:00,1,15.5,synthetic,False,0.0,0.0,4.371,0.0,1.0,0.0,0.0,0.1078,0.0,0.0,0.0,49.7,4.0,False,19.0,0.0,,39.5,0.317,10,5,0,False,False,False,False,11.5,False,False,train,exercise day,1
2000-01-08 10:55:00,1,15.5,synthetic,False,0.0,0.0,3.643,0.0,1.0,0.0,0.0,0.1078,0.0,0.0,0.0,45.4,1.0,False,21.0,0.0,,39.58,0.384,10,5,0,False,False,False,False,10.7,False,False,train,exercise day,1
2000-01-08 11:00:00,1,15.4,synthetic,False,0.0,0.0,2.914,0.0,1.0,0.0,0.0,0.1078,0.0,0.0,0.0,,,True,17.0,0.0,,39.67,0.451,11,5,0,False,False,False,False,9.6,False,False,train,exercise day,1
2000-01-08 11:05:00,1,14.2,synthetic,False,0.0,0.0,2.185,0.0,1.0,0.0,0.0,0.1078,0.0,0.0,0.0,30.9,5.0,False,29.0,0.0,,39.75,0.519,11,5,0,False,False,False,False,9.5,False,False,train,exercise day,1
2000-01-08 11:10:00,1,14.3,synthetic,False,0.0,0.0,1.689,0.0,1.0,0.0,0.0,0.1078,0.0,0.0,0.0,45.6,1.0,False,28.0,0.0,,39.83,0.586,11,5,0,False,False,False,False,8.8,True,True,train,exercise day,1
2000-01-08 11:15:00,1,,,False,0.0,0.0,1.193,0.0,1.0,0.0,0.0,0.1078,0.0,0.0,0.0,45.6,5.0,False,22.0,0.0,,39.92,0.654,11,5,0,False,False,False,True,8.3,False,False,train,exercise day,1
2000-01-08 11:20:00,1,11.5,synthetic,False,0.0,0.0,0.962,0.0,1.0,0.0,0.0,0.1078,0.0,0.0,0.0,,,True,27.0,0.0,,40.0,0.721,11,5,0,False,False,False,False,8.0,False,False,train,exercise day,1
2000-01-08 11:25:00,1,10.7,synthetic,False,0.0,0.0,0.73,0.0,1.0,0.0,0.0,0.1078,0.0,0.0,0.0,51.9,2.0,False,38.0,0.0,,40.08,0.788,11,5,0,False,False,False,False,7.5,False,False,train,exercise day,1
2000-01-08 11:30:00,1,9.6,synthetic,False,0.0,0.0,0.498,0.0,1.0,0.0,0.0,0.1078,0.0,0.0,0.0,,,True,26.0,0.0,,40.17,0.853,11,5,0,False,False,False,False,,False,False,train,exercise day,1
2000-01-08 11:35:00,1,9.5,synthetic,False,0.0,0.0,0.267,0.0,1.0,0.0,0.0,0.1078,0.0,0.0,0.0,42.1,4.0,False,19.0,0.0,,40.25,0.914,11,5,0,False,False,False,False,6.7,False,False,train,exercise day,1
2000-01-08 11:40:00,1,8.8,synthetic,False,0.0,0.0,0.072,0.0,1.0,0.0,0.0,0.1078,0.0,0.0,0.0,44.3,2.0,False,22.0,0.0,,40.33,0.97,11,5,0,False,False,False,False,6.7,False,False,train,exercise day,1
2000-01-08 11:45:00,1,8.3,synthetic,False,0.0,0.0,0.054,0.0,1.0,0.0,0.0,0.1078,0.0,0.0,0.0,50.3,1.0,False,20.0,0.0,,40.42,1.022,11,5,0,False,False,False,False,6.1,False,False,train,exercise day,1
2000-01-08 11:50:00,1,8.0,synthetic,False,0.0,0.0,0.036,0.0,1.0,0.0,0.0,0.1078,0.0,0.0,0.0,52.1,1.0,False,20.0,0.0,,40.5,1.069,11,5,0,False,False,False,False,5.1,False,False,train,exercise day,1
2000-01-08 11:55:00,1,7.5,synthetic,False,0.0,0.0,0.018,0.0,1.0,0.0,0.0,0.1078,0.0,0.0,0.0,44.3,5.0,False,17.0,0.0,,40.58,1.112,11,5,0,False,False,False,False,4.2,False,False,train,exercise day,1
2000-01-08 12:00:00,1,,,False,0.0,0.0,0.0,0.0,1.0,0.0,0.0,0.1078,0.0,0.0,0.0,38.0,4.0,False,21.0,0.0,,40.67,1.15,12,5,0,False,False,False,True,3.7,False,False,train,exercise day,1
2000-01-08 12:05:00,1,6.7,synthetic,False,0.0,0.0,0.0,0.0,1.0,0.0,0.0,0.1078,0.0,0.0,0.0,58.6,2.0,False,18.0,0.0,,40.75,1.184,12,5,0,False,False,False,False,3.5,False,False,train,exercise day,1
2000-01-08 12:10:00,1,6.7,synthetic,False,0.0,0.0,0.0,0.0,1.0,0.0,0.0,0.1078,0.0,0.0,0.0,47.8,4.0,False,20.0,0.0,,40.83,1.213,12,5,0,False,False,False,False,3.9,False,False,train,exercise day,1
2000-01-08 12:15:00,1,6.1,synthetic,False,0.0,0.0,0.0,0.0,1.0,0.0,0.0,0.1078,0.0,0.0,0.0,,,True,26.0,0.0,,40.92,1.237,12,5,0,False,False,False,False,3.9,False,False,train,exercise day,1
2000-01-08 12:20:00,1,5.1,synthetic,False,0.0,0.0,0.0,0.0,1.0,0.0,0.0,0.1078,0.0,0.0,0.0,,,True,17.0,0.0,,41.0,1.258,12,5,0,False,False,False,False,3.8,False,False,train,exercise day,1
2000-01-08 12:25:00,1,4.2,synthetic,False,0.0,0.0,0.0,0.0,1.0,0.0,0.0,0.1078,0.0,0.0,0.0,,,True,17.0,0.0,,41.08,1.273,12,5,0,False,False,False,False,3.4,False,False,train,exercise day,1
2000-01-08 12:30:00,1,3.7,synthetic,False,0.0,0.0,0.0,0.0,1.0,0.0,0.0,0.1078,0.0,0.0,0.0,55.0,3.0,False,24.0,0.0,,41.17,1.285,12,5,0,False,False,False,False,2.9,False,False,train,exercise day,1
2000-01-08 12:35:00,1,3.5,synthetic,False,0.0,0.0,0.0,0.0,1.0,0.0,0.0,0.1078,0.0,0.0,0.0,43.9,3.0,False,31.0,0.0,,41.25,1.291,12,5,0,False,False,False,False,2.7,False,False,train,exercise day,1
2000-01-08 12:40:00,1,3.9,synthetic,False,0.0,0.0,0.0,0.0,1.0,0.0,0.0,0.1078,0.0,0.0,0.0,50.6,4.0,False,24.0,0.0,,41.33,1.294,12,5,0,False,False,False,False,2.2,False,False,train,exercise day,1
2000-01-08 12:45:00,1,3.9,synthetic,False,0.0,0.0,0.0,0.0,1.0,0.0,0.0,0.1078,0.0,0.0,0.0,,,True,23.0,0.0,,41.42,1.294,12,5,0,False,False,False,False,2.2,False,False,train,exercise day,1
2000-01-08 12:50:00,1,3.8,synthetic,False,0.0,0.0,0.0,0.0,1.0,0.0,0.0,0.1078,0.0,0.0,0.0,44.8,5.0,False,25.0,0.0,,41.5,1.294,12,5,0,False,False,False,False,2.2,False,False,train,exercise day,1
2000-01-08 12:55:00,1,3.4,synthetic,False,0.0,0.0,0.0,0.0,1.0,0.0,0.0,0.1078,0.0,0.0,0.0,50.8,2.0,False,21.0,0.0,,41.58,1.294,12,5,0,False,False,False,False,2.2,False,False,train,exercise day,1
2000-01-08 13:00:00,1,2.9,synthetic,False,0.0,0.0,0.0,0.0,1.0,0.0,0.0,0.1078,0.0,0.0,0.0,57.5,4.0,False,20.0,0.0,,41.67,1.294,13,5,0,False,False,False,False,2.2,True,True,train,exercise day,1
2000-01-08 13:05:00,1,2.7,synthetic,False,0.0,0.0,0.0,0.0,1.0,0.0,0.0,0.1078,0.0,0.0,0.0,51.7,3.0,False,26.0,0.0,,41.75,1.294,13,5,0,False,False,False,False,2.2,True,True,train,exercise day,1
2000-01-08 13:10:00,1,2.2,synthetic,True,0.0,0.0,0.0,0.0,1.0,0.0,0.0,0.1078,0.0,0.0,0.0,61.7,2.0,False,28.0,0.0,,41.83,1.294,13,5,0,False,False,False,False,2.2,True,True,train,exercise day,1
2000-01-08 13:15:00,1,2.2,synthetic,True,0.0,0.0,0.0,0.0,1.0,0.0,0.0,0.1078,0.0,0.0,0.0,,,True,17.0,0.0,,41.92,1.294,13,5,0,False,False,False,False,2.2,True,True,train,exercise day,1
2000-01-08 13:20:00,1,2.2,synthetic,True,0.0,0.0,0.0,0.0,1.0,0.0,0.0,0.1078,0.0,0.0,0.0,58.3,1.0,False,20.0,0.0,,42.0,1.294,13,5,0,False,False,False,False,2.2,True,True,train,exercise day,1
2000-01-08 13:25:00,1,2.2,synthetic,True,0.0,0.0,0.0,0.0,1.0,0.0,0.0,0.1078,0.0,0.0,0.0,,,True,34.0,0.0,,42.08,1.294,13,5,0,False,False,False,False,2.2,True,True,train,exercise day,1
2000-01-08 13:30:00,1,2.2,synthetic,True,0.0,0.0,0.0,0.0,1.0,0.0,0.0,0.1078,0.0,0.0,0.0,,,True,19.0,0.0,,42.17,1.294,13,5,0,False,False,False,False,2.2,True,True,train,exercise day,1
2000-01-08 13:35:00,1,2.2,synthetic,True,0.0,0.0,0.0,0.0,1.0,0.0,0.0,0.1078,0.0,0.0,0.0,44.5,3.0,False,26.0,0.0,,42.25,1.294,13,5,0,False,False,False,False,2.6,True,True,train,exercise day,1
2000-01-08 13:40:00,1,2.2,synthetic,True,0.0,0.0,0.0,0.0,1.0,0.0,0.0,0.1078,0.0,0.0,0.0,64.6,4.0,False,24.0,0.0,,42.33,1.294,13,5,0,False,False,False,False,2.5,True,True,train,exercise day,1
2000-01-08 13:45:00,1,2.2,synthetic,True,0.0,0.0,0.0,0.0,1.0,0.0,0.0,0.1078,0.0,0.0,0.0,54.2,4.0,False,30.0,0.0,,42.42,1.294,13,5,0,False,False,False,False,3.0,True,True,train,exercise day,1
2000-01-08 13:50:00,1,2.2,synthetic,True,0.0,0.0,0.0,0.0,1.0,0.0,0.0,0.1078,0.0,0.0,0.0,53.4,2.0,False,32.0,0.0,,42.5,1.294,13,5,0,False,False,False,False,3.2,True,True,train,exercise day,1
2000-01-08 13:55:00,1,2.2,synthetic,True,0.0,0.0,0.0,0.0,1.0,0.0,0.0,0.1078,0.0,0.0,0.0,75.0,4.0,False,23.0,0.0,,42.58,1.294,13,5,0,False,False,False,False,3.8,True,True,train,exercise day,1
2000-01-08 14:00:00,1,2.2,synthetic,True,0.0,0.0,0.0,0.0,1.0,0.0,0.0,0.1078,0.0,0.0,0.0,57.2,4.0,False,22.0,0.0,,42.67,1.294,14,5,0,False,False,False,False,3.8,True,True,train,exercise day,1
2000-01-08 14:05:00,1,2.6,synthetic,False,0.0,0.0,0.0,0.0,1.0,0.0,0.0,0.1078,0.0,0.0,0.0,51.5,1.0,False,23.0,0.0,,42.75,1.294,14,5,0,False,False,False,False,4.1,True,True,train,exercise day,1
2000-01-08 14:10:00,1,2.5,synthetic,False,0.0,0.0,0.0,0.0,1.0,0.0,0.0,0.1078,0.0,0.0,0.0,43.7,2.0,False,18.0,0.0,,42.83,1.294,14,5,0,False,False,False,False,3.9,True,True,train,exercise day,1
2000-01-08 14:15:00,1,3.0,synthetic,False,0.0,0.0,0.0,0.0,1.0,0.0,0.0,0.1078,0.0,0.0,0.0,50.7,3.0,False,34.0,0.0,,42.92,1.294,14,5,0,False,False,False,False,3.5,True,True,train,exercise day,1
2000-01-08 14:20:00,1,3.2,synthetic,False,0.0,0.0,0.0,0.0,1.0,0.0,0.0,0.1078,0.0,0.0,0.0,,,True,22.0,0.0,,43.0,1.294,14,5,0,False,False,False,False,3.8,True,True,train,exercise day,1
2000-01-08 14:25:00,1,3.8,synthetic,False,0.0,0.0,0.0,0.0,1.0,0.0,0.0,0.1078,0.0,0.0,0.0,,,True,27.0,0.0,,43.08,1.294,14,5,0,False,False,False,False,2.5,True,True,train,exercise day,1
2000-01-08 14:30:00,1,3.8,synthetic,False,0.0,0.0,0.0,0.0,1.0,0.0,0.0,0.1078,0.0,0.0,0.0,,,True,37.0,0.0,,43.17,1.294,14,5,0,False,False,False,False,2.8,True,True,train,exercise day,1
2000-01-08 14:35:00,1,4.1,synthetic,False,0.0,0.0,0.0,0.0,1.0,0.0,0.0,0.1078,0.0,0.0,0.0,53.3,4.0,False,229.0,0.0,,43.25,1.294,14,5,0,False,False,False,False,2.8,True,True,train,exercise day,1
2000-01-08 14:40:00,1,3.9,synthetic,False,0.0,0.0,0.0,0.0,1.0,0.0,0.0,0.1078,0.0,0.0,0.0,,,True,225.0,0.0,,43.33,1.294,14,5,0,False,False,False,False,2.9,True,True,train,exercise day,1
2000-01-08 14:45:00,1,3.5,synthetic,False,0.0,0.0,0.0,0.0,1.0,0.0,0.0,0.1078,0.0,0.0,0.0,,,True,217.0,0.0,,43.42,1.294,14,5,0,False,False,False,False,3.3,True,True,train,exercise day,1
2000-01-08 14:50:00,1,3.8,synthetic,False,0.0,0.0,0.0,0.0,1.0,0.0,0.0,0.1078,0.0,0.0,0.0,,,True,218.0,0.0,,43.5,1.294,14,5,0,False,False,False,False,3.7,True,True,train,exercise day,1
2000-01-08 14:55:00,1,2.5,synthetic,False,0.0,0.0,0.0,0.0,1.0,0.0,0.0,0.1078,0.0,0.0,0.0,83.4,1.0,False,261.0,5.0,gym,43.58,1.294,14,5,0,False,False,False,False,3.7,True,True,train,exercise day,1
2000-01-08 15:00:00,1,2.8,synthetic,False,0.0,0.0,0.0,0.0,1.0,0.0,0.0,0.1078,0.0,0.0,0.0,92.9,2.0,False,246.0,5.0,gym,43.67,1.294,15,5,0,False,False,False,False,3.4,True,True,train,exercise day,1
2000-01-08 15:05:00,1,2.8,synthetic,False,0.0,0.0,0.0,1.0,0.0,0.0,0.0,0.0,0.0,0.0,0.0,88.7,3.0,False,242.0,5.0,gym,43.75,1.294,15,5,0,False,False,False,False,3.6,True,True,train,exercise day,1
2000-01-08 15:10:00,1,2.9,synthetic,False,0.0,0.0,0.0,1.0,0.0,0.0,0.0,0.0,0.0,0.0,0.0,105.4,1.0,False,270.0,5.0,gym,43.83,1.188,15,5,0,False,False,False,False,4.0,True,True,train,exercise day,1
2000-01-08 15:15:00,1,3.3,synthetic,False,0.0,0.0,0.0,1.0,0.0,0.0,0.0,0.0,0.0,0.0,0.0,114.9,2.0,False,249.0,5.0,gym,43.92,1.087,15,5,0,False,False,False,False,2.6,True,True,train,exercise day,1
2000-01-08 15:20:00,1,3.7,synthetic,False,0.0,0.0,0.0,1.0,0.0,0.0,0.0,0.0,0.0,0.0,0.0,108.4,1.0,False,253.0,5.0,gym,44.0,0.99,15,5,0,False,False,False,False,2.9,True,True,train,exercise day,1
2000-01-08 15:25:00,1,3.7,synthetic,False,0.0,0.0,0.0,1.0,0.0,0.0,0.0,0.0,0.0,0.0,0.0,103.1,5.0,False,288.0,5.0,gym,44.08,0.898,15,5,0,False,False,False,False,2.8,True,True,train,exercise day,1
2000-01-08 15:30:00,1,3.4,synthetic,False,0.0,0.0,0.0,1.0,0.0,0.0,0.0,0.0,0.0,0.0,0.0,100.8,2.0,False,230.0,5.0,gym,44.17,0.811,15,5,0,False,False,False,False,3.1,True,True,train,exercise day,1
2000-01-08 15:35:00,1,3.6,synthetic,False,0.0,0.0,0.0,1.0,0.0,0.0,0.0,0.0,0.0,0.0,0.0,109.5,1.0,False,256.0,5.0,gym,44.25,0.728,15,5,0,False,False,False,False,3.6,True,True,train,exercise day,1
2000-01-08 15:40:00,1,4.0,synthetic,False,0.0,0.0,0.0,1.0,0.0,0.0,0.0,0.0,0.0,0.0,0.0,110.3,3.0,False,230.0,5.0,gym,44.33,0.649,15,5,0,False,False,False,False,3.4,True,True,train,exercise day,1
2000-01-08 15:45:00,1,2.6,synthetic,False,0.0,0.0,0.0,1.0,0.0,0.0,0.0,0.0,0.0,0.0,0.0,107.4,1.0,False,242.0,5.0,gym,44.42,0.575,15,5,0,False,False,False,False,3.5,True,True,train,exercise day,1
2000-01-08 15:50:00,1,2.9,synthetic,False,0.0,0.0,0.0,1.0,0.0,0.0,0.0,0.0,0.0,0.0,0.0,100.9,5.0,False,230.0,5.0,gym,44.5,0.505,15,5,0,False,False,False,False,,True,False,train,exercise day,1
2000-01-08 15:55:00,1,2.8,synthetic,False,0.0,0.0,0.0,1.0,0.0,0.0,0.0,0.0,0.0,0.0,0.0,107.2,2.0,False,258.0,5.0,gym,44.58,0.44,15,5,0,False,False,False,False,4.4,True,True,train,exercise day,1
2000-01-08 16:00:00,1,3.1,synthetic,False,0.0,0.0,0.0,1.0,0.0,0.0,0.0,0.0,0.0,0.0,0.0,98.7,1.0,False,247.0,5.0,gym,44.67,0.38,16,5,0,False,False,False,False,4.2,True,True,train,exercise day,1
2000-01-08 16:05:00,1,3.6,synthetic,False,0.0,0.0,0.0,1.0,0.0,0.0,0.0,0.0,0.0,0.0,0.0,91.4,5.0,False,252.0,5.0,gym,44.75,0.323,16,5,0,False,False,False,False,4.2,True,True,train,exercise day,1
2000-01-08 16:10:00,1,3.4,synthetic,False,0.0,0.0,0.0,1.0,0.0,0.0,0.0,0.0,0.0,0.0,0.0,106.6,2.0,False,213.0,5.0,gym,44.83,0.272,16,5,0,False,False,False,False,4.7,True,True,train,exercise day,1
2000-01-08 16:15:00,1,3.5,synthetic,False,0.0,0.0,0.0,1.0,0.0,0.0,0.0,0.0,0.0,0.0,0.0,83.0,5.0,False,23.0,0.0,,0.0,0.225,16,5,0,False,False,False,False,6.3,True,True,train,exercise day,1
2000-01-08 16:20:00,1,,,False,2.85,21.3,2.848,1.0,0.0,0.0,0.0,0.0,0.0,0.0,0.0,,,True,24.0,0.0,,0.08,0.182,16,5,0,False,False,False,True,6.2,False,False,train,exercise day,1
2000-01-08 16:25:00,1,4.4,synthetic,False,0.0,0.0,2.729,1.0,0.0,0.0,0.0,0.0,0.0,0.0,0.0,68.3,2.0,False,16.0,0.0,,0.17,0.144,16,5,0,False,False,False,False,6.4,False,False,train,exercise day,1
2000-01-08 16:30:00,1,4.2,synthetic,False,0.0,0.0,2.611,1.0,0.0,0.0,0.0,0.0,0.0,0.0,0.0,,,True,25.0,0.0,,0.25,0.11,16,5,0,False,False,False,False,7.0,False,False,train,exercise day,1
2000-01-08 16:35:00,1,4.2,synthetic,False,0.0,0.0,2.492,1.0,0.0,0.0,0.0,0.0,0.0,0.0,0.0,,,True,31.0,0.0,,0.33,0.081,16,5,0,False,False,False,False,7.7,False,False,train,exercise day,1
2000-01-08 16:40:00,1,4.7,synthetic,False,5.46,48.8,7.83,1.0,0.0,0.0,0.0,0.0,0.0,0.0,0.0,,,True,22.0,0.0,,0.42,0.056,16,5,0,False,False,False,False,8.3,False,False,train,exercise day,1
2000-01-08 16:45:00,1,6.3,synthetic,False,0.0,0.0,7.484,1.0,0.0,0.0,0.0,0.0,0.0,0.0,0.0,,,True,30.0,0.0,,0.5,0.036,16,5,0,False,False,False,False,8.6,False,False,train,exercise day,1
2000-01-08 16:50:00,1,6.2,synthetic,False,0.0,0.0,7.138,0.0,1.0,0.0,0.0,0.1078,0.0,0.0,0.0,,,True,25.0,0.0,,0.58,0.02,16,5,0,False,False,False,False,9.0,False,False,train,exercise day,1
2000-01-08 16:55:00,1,6.4,synthetic,False,0.0,0.0,6.792,0.0,1.0,0.0,0.0,0.1078,0.0,0.0,0.0,,,True,23.0,0.0,,0.67,0.115,16,5,0,False,False,False,False,9.5,False,False,train,exercise day,1
2000-01-08 17:00:00,1,7.0,synthetic,False,0.0,0.0,6.446,0.0,1.0,0.0,0.0,0.1078,0.0,0.0,0.0,,,True,21.0,0.0,,0.75,0.209,17,5,0,False,False,False,False,10.2,False,False,train,exercise day,1
2000-01-08 17:05:00,1,7.7,synthetic,False,0.0,0.0,6.1,0.0,1.0,0.0,0.0,0.1078,0.0,0.0,0.0,,,True,26.0,0.0,,0.83,0.303,17,5,0,False,False,False,False,10.6,False,False,train,exercise day,1
2000-01-08 17:10:00,1,8.3,synthetic,False,0.0,0.0,5.754,0.0,1.0,0.0,0.0,0.1078,0.0,0.0,0.0,56.6,1.0,False,27.0,0.0,,0.92,0.395,17,5,0,False,False,False,False,11.4,False,False,train,exercise day,1
2000-01-08 17:15:00,1,8.6,synthetic,False,0.0,0.0,5.408,1.0,0.0,0.0,0.0,0.0,0.0,0.0,0.0,50.7,2.0,False,28.0,0.0,,1.0,0.483,17,5,0,False,False,False,False,11.1,False,False,train,exercise day,1
2000-01-08 17:20:00,1,9.0,synthetic,False,0.0,0.0,5.062,1.0,0.0,0.0,0.0,0.0,0.0,0.0,0.0,,,True,21.0,0.0,,1.08,0.46,17,5,0,False,False,False,False,11.0,True,True,train,exercise day,1
2000-01-08 17:25:00,1,9.5,synthetic,False,0.0,0.0,4.716,1.0,0.0,0.0,0.0,0.0,0.0,0.0,0.0,62.7,2.0,False,31.0,0.0,,1.17,0.438,17,5,0,False,False,False,False,10.4,True,True,train,exercise day,1
2000-01-08 17:30:00,1,10.2,synthetic,False,0.0,0.0,4.37,1.0,0.0,0.0,0.0,0.0,0.0,0.0,0.0,57.9,4.0,False,25.0,0.0,,1.25,0.415,17,5,0,False,False,False,False,10.9,True,True,train,exercise day,1
2000-01-08 17:35:00,1,10.6,synthetic,False,0.0,0.0,4.024,1.0,0.0,0.0,0.0,0.0,0.0,0.0,0.0,51.3,1.0,False,32.0,0.0,,1.33,0.393,17,5,0,False,False,False,False,10.9,True,True,train,exercise day,1
2000-01-08 17:40:00,1,11.4,synthetic,False,0.0,0.0,3.678,1.0,0.0,0.0,0.0,0.0,0.0,0.0,0.0,59.1,1.0,False,18.0,0.0,,1.42,0.371,17,5,0,False,False,False,False,11.0,True,True,train,exercise day,1
2000-01-08 17:45:00,1,11.1,synthetic,False,0.0,0.0,3.332,1.0,0.0,0.0,0.0,0.0,0.0,0.0,0.0,59.2,2.0,False,28.0,0.0,,1.5,0.348,17,5,0,False,False,False,False,11.9,True,True,train,exercise day,1
2000-01-08 17:50:00,1,11.0,synthetic,False,0.0,0.0,2.986,1.0,0.0,0.0,0.0,0.0,0.0,0.0,0.0,56.7,5.0,False,21.0,0.0,,1.58,0.326,17,5,0,False,False,False,False,12.0,True,True,train,exercise day,1
2000-01-08 17:55:00,1,10.4,synthetic,False,0.0,0.0,2.64,1.0,0.0,0.0,0.0,0.0,0.0,0.0,0.0,,,True,22.0,0.0,,1.67,0.303,17,5,0,False,False,False,False,11.5,True,True,train,exercise day,1
2000-01-08 18:00:00,1,10.9,synthetic,False,0.0,0.0,2.294,1.0,0.0,0.0,0.0,0.0,0.0,0.0,0.0,75.3,5.0,False,27.0,0.0,,1.75,0.281,18,5,0,False,False,False,False,11.7,True,True,train,exercise day,1
2000-01-08 18:05:00,1,10.9,synthetic,False,0.0,0.0,1.948,1.0,0.0,0.0,0.0,0.0,0.0,0.0,0.0,68.5,5.0,False,26.0,0.0,,1.83,0.258,18,5,0,False,False,False,False,11.1,True,True,train,exercise day,1
2000-01-08 18:10:00,1,11.0,synthetic,False,0.0,0.0,1.601,1.0,0.0,0.0,0.0,0.0,0.0,0.0,0.0,61.5,1.0,False,32.0,0.0,,1.92,0.236,18,5,0,False,False,False,False,10.8,True,True,train,exercise day,1
2000-01-08 18:15:00,1,11.9,synthetic,False,0.0,0.0,1.255,1.0,0.0,0.0,0.0,0.0,0.0,0.0,0.0,65.6,2.0,False,23.0,0.0,,2.0,0.213,18,5,0,False,False,False,False,11.7,True,True,train,exercise day,1
2000-01-08 18:20:00,1,12.0,synthetic,False,0.0,0.0,0.909,1.0,0.0,0.0,0.0,0.0,0.0,0.0,0.0,48.9,4.0,False,17.0,0.0,,2.08,0.191,18,5,0,False,False,False,False,11.3,True,True,train,exercise day,1
2000-01-08 18:25:00,1,11.5,synthetic,False,0.0,0.0,0.682,1.0,0.0,0.0,0.0,0.0,0.0,0.0,0.0,60.2,5.0,False,23.0,0.0,,2.17,0.168,18,5,0,False,False,False,False,10.9,True,True,train,exercise day,1
2000-01-08 18:30:00,1,11.7,synthetic,False,0.0,0.0,0.455,1.0,0.0,0.0,0.0,0.0,0.0,0.0,0.0,52.1,3.0,False,27.0,0.0,,2.25,0.146,18,5,0,False,False,False,False,10.6,True,True,train,exercise day,1
2000-01-08 18:35:00,1,11.1,synthetic,False,0.0,0.0,0.227,1.0,0.0,0.0,0.0,0.0,0.0,0.0,0.0,77.8,4.0,False,23.0,0.0,,2.33,0.124,18,5,0,False,False,False,False,10.6,True,True,train,exercise day,1
2000-01-08 18:40:00,1,10.8,synthetic,False,0.0,0.0,0.0,1.0,0.0,0.0,0.0,0.0,0.0,0.0,0.0,46.3,4.0,False,24.0,0.0,,2.42,0.101,18,5,0,False,False,False,False,9.9,True,True,train,exercise day,1
2000-01-08 18:45:00,1,11.7,synthetic,False,0.0,0.0,0.0,1.0,0.0,0.0,0.0,0.0,0.0,0.0,0.0,53.1,2.0,False,32.0,0.0,,2.5,0.079,18,5,0,False,False,False,False,9.7,True,True,train,exercise day,1
2000-01-08 18:50:00,1,11.3,synthetic,False,0.0,0.0,0.0,1.0,0.0,0.0,0.0,0.0,0.0,0.0,0.0,58.6,3.0,False,26.0,0.0,,2.58,0.056,18,5,0,False,False,False,False,9.7,True,True,train,exercise day,1
2000-01-08 18:55:00,1,10.9,synthetic,False,0.0,0.0,0.0,1.0,0.0,0.0,0.0,0.0,0.0,0.0,0.0,53.9,5.0,False,31.0,0.0,,2.67,0.036,18,5,0,False,False,False,False,9.4,True,True,train,exercise day,1
2000-01-08 19:00:00,1,10.6,synthetic,False,0.0,0.0,0.0,1.0,0.0,0.0,0.0,0.0,0.0,0.0,0.0,68.5,5.0,False,30.0,0.0,,2.75,0.02,19,5,0,False,False,False,False,9.1,True,True,train,exercise day,1
2000-01-08 19:05:00,1,10.6,synthetic,False,0.0,0.0,0.0,1.0,0.0,0.0,0.0,0.0,0.0,0.0,0.0,75.0,1.0,False,25.0,0.0,,2.83,0.009,19,5,0,False,False,False,False,9.1,True,True,train,exercise day,1
2000-01-08 19:10:00,1,9.9,synthetic,False,0.0,0.0,0.0,1.0,0.0,0.0,0.0,0.0,0.0,0.0,0.0,66.0,1.0,False,15.0,0.0,,2.92,0.002,19,5,0,False,False,False,False,8.8,True,True,train,exercise day,1
2000-01-08 19:15:00,1,9.7,synthetic,False,0.0,0.0,0.0,1.0,0.0,0.0,0.0,0.0,0.0,0.0,0.0,,,True,21.0,0.0,,3.0,0.0,19,5,0,False,False,False,False,9.1,True,True,train,exercise day,1
2000-01-08 19:20:00,1,9.7,synthetic,False,0.0,0.0,0.0,1.0,0.0,0.0,0.0,0.0,0.0,0.0,0.0,61.8,3.0,False,22.0,0.0,,3.08,0.0,19,5,0,False,False,False,False,9.9,True,True,train,exercise day,1
2000-01-08 19:25:00,1,9.4,synthetic,False,0.0,0.0,0.0,1.0,0.0,0.0,0.0,0.0,0.0,0.0,0.0,73.1,4.0,False,22.0,0.0,,3.17,0.0,19,5,0,False,False,False,False,,True,False,train,exercise day,1
2000-01-08 19:30:00,1,9.1,synthetic,False,0.0,0.0,0.0,0.228,0.0,0.0,0.772,0.0,0.0,0.0,0.0,57.6,5.0,False,27.0,0.0,,3.25,0.0,19,5,0,False,False,True,False,9.6,True,False,train,exercise day,1
2000-01-08 19:35:00,1,9.1,synthetic,False,0.0,0.0,0.0,1.0,0.0,0.0,0.0,0.0,0.0,0.0,0.0,53.7,4.0,False,16.0,0.0,,3.33,0.0,19,5,0,False,False,False,False,10.4,True,True,train,exercise day,1
2000-01-08 19:40:00,1,8.8,synthetic,False,0.0,0.0,0.0,1.0,0.0,0.0,0.0,0.0,0.0,0.0,0.0,,,True,26.0,0.0,,3.42,0.0,19,5,0,False,False,False,False,10.5,True,True,train,exercise day,1
2000-01-08 19:45:00,1,9.1,synthetic,False,0.0,0.0,0.0,1.0,0.0,0.0,0.0,0.0,0.0,0.0,0.0,56.1,5.0,False,28.0,0.0,,3.5,0.0,19,5,0,False,False,False,False,10.3,True,True,train,exercise day,1
2000-01-08 19:50:00,1,9.9,synthetic,False,0.0,0.0,0.0,1.0,0.0,0.0,0.0,0.0,0.0,0.0,0.0,,,True,26.0,0.0,,3.58,0.0,19,5,0,False,False,False,False,10.2,True,True,train,exercise day,1
2000-01-08 19:55:00,1,,,False,0.0,0.0,0.0,1.0,0.0,0.0,0.0,0.0,0.0,0.0,0.0,67.4,5.0,False,30.0,0.0,,3.67,0.0,19,5,0,False,False,False,True,10.2,False,False,train,exercise day,1
2000-01-08 20:00:00,1,9.6,synthetic,False,0.98,48.5,0.984,1.0,0.0,0.0,0.0,0.0,0.0,0.0,0.0,61.3,2.0,False,14.0,0.0,,3.75,0.0,20,5,0,False,False,False,False,11.0,False,False,train,exercise day,1
2000-01-08 20:05:00,1,10.4,synthetic,False,0.0,0.0,0.943,1.0,0.0,0.0,0.0,0.0,0.0,0.0,0.0,,,True,16.0,0.0,,3.83,0.0,20,5,0,False,False,False,False,11.7,False,False,train,exercise day,1
2000-01-08 20:10:00,1,10.5,synthetic,False,0.0,0.0,0.902,1.0,0.0,0.0,0.0,0.0,0.0,0.0,0.0,,,True,27.0,0.0,,3.92,0.0,20,5,0,False,False,False,False,11.7,False,False,train,exercise day,1
2000-01-08 20:15:00,1,10.3,synthetic,False,0.0,0.0,0.861,1.0,0.0,0.0,0.0,0.0,0.0,0.0,0.0,83.8,4.0,False,34.0,0.0,,4.0,0.0,20,5,0,False,False,False,False,12.3,False,False,train,exercise day,1
2000-01-08 20:20:00,1,10.2,synthetic,False,0.0,0.0,0.82,1.0,0.0,0.0,0.0,0.0,0.0,0.0,0.0,62.7,4.0,False,21.0,0.0,,4.08,0.0,20,5,0,False,False,False,False,13.0,False,False,train,exercise day,1
2000-01-08 20:25:00,1,10.2,synthetic,False,0.0,0.0,0.779,1.0,0.0,0.0,0.0,0.0,0.0,0.0,0.0,,,True,34.0,0.0,,4.17,0.0,20,5,0,False,False,False,False,13.2,False,False,train,exercise day,1
2000-01-08 20:30:00,1,11.0,synthetic,False,0.0,0.0,0.738,1.0,0.0,0.0,0.0,0.0,0.0,0.0,0.0,63.6,3.0,False,28.0,0.0,,4.25,0.0,20,5,0,False,False,False,False,13.6,False,False,train,exercise day,1
2000-01-08 20:35:00,1,11.7,synthetic,False,0.0,0.0,0.697,1.0,0.0,0.0,0.0,0.0,0.0,0.0,0.0,55.1,5.0,False,26.0,0.0,,4.33,0.0,20,5,0,False,False,False,False,13.9,False,False,train,exercise day,1
2000-01-08 20:40:00,1,11.7,synthetic,False,0.0,0.0,0.656,1.0,0.0,0.0,0.0,0.0,0.0,0.0,0.0,70.3,1.0,False,20.0,0.0,,4.42,0.0,20,5,0,False,False,False,False,13.6,False,False,train,exercise day,1
2000-01-08 20:45:00,1,12.3,synthetic,False,0.0,0.0,0.615,1.0,0.0,0.0,0.0,0.0,0.0,0.0,0.0,61.0,5.0,False,25.0,0.0,,4.5,0.0,20,5,0,False,False,False,False,13.5,False,False,train,exercise day,1
2000-01-08 20:50:00,1,13.0,synthetic,False,0.0,0.0,0.574,1.0,0.0,0.0,0.0,0.0,0.0,0.0,0.0,,,True,29.0,0.0,,4.58,0.0,20,5,0,False,False,False,False,13.7,False,False,train,exercise day,1
2000-01-08 20:55:00,1,13.2,synthetic,False,0.0,0.0,0.533,1.0,0.0,0.0,0.0,0.0,0.0,0.0,0.0,56.0,3.0,False,22.0,0.0,,4.67,0.0,20,5,0,False,False,False,False,13.4,True,True,train,exercise day,1
2000-01-08 21:00:00,1,13.6,synthetic,False,0.0,0.0,0.492,1.0,0.0,0.0,0.0,0.0,0.0,0.0,0.0,,,True,23.0,0.0,,4.75,0.0,21,5,0,False,False,False,False,13.6,True,True,train,exercise day,1
2000-01-08 21:05:00,1,13.9,synthetic,False,0.0,0.0,0.451,1.0,0.0,0.0,0.0,0.0,0.0,0.0,0.0,64.7,5.0,False,28.0,0.0,,4.83,0.0,21,5,0,False,False,False,False,13.5,True,True,train,exercise day,1
2000-01-08 21:10:00,1,13.6,synthetic,False,0.0,0.0,0.41,1.0,0.0,0.0,0.0,0.0,0.0,0.0,0.0,54.7,1.0,False,23.0,0.0,,4.92,0.0,21,5,0,False,False,False,False,13.1,True,True,train,exercise day,1
2000-01-08 21:15:00,1,13.5,synthetic,False,0.0,0.0,0.369,1.0,0.0,0.0,0.0,0.0,0.0,0.0,0.0,55.6,4.0,False,22.0,0.0,,5.0,0.0,21,5,0,False,False,False,False,12.2,True,True,train,exercise day,1
2000-01-08 21:20:00,1,13.7,synthetic,False,0.0,0.0,0.328,1.0,0.0,0.0,0.0,0.0,0.0,0.0,0.0,69.1,2.0,False,20.0,0.0,,5.08,0.0,21,5,0,False,False,False,False,12.5,True,True,train,exercise day,1
2000-01-08 21:25:00,1,13.4,synthetic,False,0.0,0.0,0.287,1.0,0.0,0.0,0.0,0.0,0.0,0.0,0.0,63.0,3.0,False,21.0,0.0,,5.17,0.0,21,5,0,False,False,False,False,11.6,True,True,train,exercise day,1
2000-01-08 21:30:00,1,13.6,synthetic,False,0.0,0.0,0.246,1.0,0.0,0.0,0.0,0.0,0.0,0.0,0.0,,,True,20.0,0.0,,5.25,0.0,21,5,0,False,False,False,False,11.5,True,True,train,exercise day,1
2000-01-08 21:35:00,1,13.5,synthetic,False,0.0,0.0,0.205,1.0,0.0,0.0,0.0,0.0,0.0,0.0,0.0,47.1,1.0,False,30.0,0.0,,5.33,0.0,21,5,0,False,False,False,False,11.3,True,True,train,exercise day,1
2000-01-08 21:40:00,1,13.1,synthetic,False,0.0,0.0,0.164,1.0,0.0,0.0,0.0,0.0,0.0,0.0,0.0,70.9,4.0,False,27.0,0.0,,5.42,0.0,21,5,0,False,False,False,False,11.4,True,True,train,exercise day,1
2000-01-08 21:45:00,1,12.2,synthetic,False,0.0,0.0,0.123,1.0,0.0,0.0,0.0,0.0,0.0,0.0,0.0,67.6,2.0,False,24.0,0.0,,5.5,0.0,21,5,0,False,False,False,False,11.1,True,True,train,exercise day,1
2000-01-08 21:50:00,1,12.5,synthetic,False,0.0,0.0,0.082,1.0,0.0,0.0,0.0,0.0,0.0,0.0,0.0,84.9,1.0,False,8.0,0.0,,5.58,0.0,21,5,0,False,False,False,False,11.4,True,True,train,exercise day,1
2000-01-08 21:55:00,1,11.6,synthetic,False,0.0,0.0,0.041,0.0,1.0,0.0,0.0,0.1078,0.0,0.0,0.0,60.3,2.0,False,28.0,0.0,,5.67,0.0,21,5,0,False,False,False,False,11.3,True,True,train,exercise day,1
2000-01-08 22:00:00,1,11.5,synthetic,False,0.0,0.0,0.0,0.0,1.0,0.0,0.0,0.1078,0.0,0.0,0.0,70.9,4.0,False,12.0,0.0,,5.75,0.106,22,5,0,False,False,False,False,12.4,True,True,train,exercise day,1
2000-01-08 22:05:00,1,11.3,synthetic,False,5.77,55.2,5.772,0.0,1.0,0.0,0.0,0.1078,0.0,0.0,0.0,60.6,4.0,False,28.0,0.0,,5.83,0.207,22,5,0,False,False,False,False,13.3,True,True,train,exercise day,1
2000-01-08 22:10:00,1,11.4,synthetic,False,0.0,0.0,5.531,0.0,1.0,0.0,0.0,0.1078,0.0,0.0,0.0,66.4,1.0,False,16.0,0.0,,5.92,0.303,22,5,0,False,False,False,False,13.9,True,True,train,exercise day,1
2000-01-08 22:15:00,1,11.1,synthetic,False,0.0,0.0,5.291,0.0,1.0,0.0,0.0,0.1078,0.0,0.0,0.0,,,True,23.0,0.0,,6.0,0.395,22,5,0,False,False,False,False,14.4,True,True,train,exercise day,1
2000-01-08 22:20:00,1,11.4,synthetic,False,0.0,0.0,5.05,0.0,1.0,0.0,0.0,0.1078,0.0,0.0,0.0,,,True,32.0,0.0,,6.08,0.483,22,5,0,False,False,False,False,14.6,True,True,train,exercise day,1
2000-01-08 22:25:00,1,11.3,synthetic,False,0.0,0.0,4.81,0.0,1.0,0.0,0.0,0.1078,0.0,0.0,0.0,70.6,1.0,False,30.0,0.0,,6.17,0.566,22,5,0,False,False,False,False,15.2,True,True,train,exercise day,1
2000-01-08 22:30:00,1,12.4,synthetic,False,0.0,0.0,4.569,0.0,1.0,0.0,0.0,0.1078,0.0,0.0,0.0,58.4,1.0,False,26.0,0.0,,6.25,0.645,22,5,0,False,False,False,False,15.3,True,True,train,exercise day,1
2000-01-08 22:35:00,1,13.3,synthetic,False,0.0,0.0,4.329,0.0,1.0,0.0,0.0,0.1078,0.0,0.0,0.0,61.2,3.0,False,25.0,0.0,,6.33,0.719,22,5,0,False,False,False,False,16.1,True,True,train,exercise day,1
2000-01-08 22:40:00,1,13.9,synthetic,False,0.0,0.0,4.088,0.0,1.0,0.0,0.0,0.1078,0.0,0.0,0.0,59.5,2.0,False,26.0,0.0,,6.42,0.788,22,5,0,False,False,False,False,15.4,True,True,train,exercise day,1
2000-01-08 22:45:00,1,14.4,synthetic,False,0.0,0.0,3.848,0.0,1.0,0.0,0.0,0.1078,0.0,0.0,0.0,60.7,1.0,False,25.0,0.0,,6.5,0.853,22,5,0,False,False,False,False,15.0,True,True,train,exercise day,1
2000-01-08 22:50:00,1,14.6,synthetic,False,0.0,0.0,3.607,0.0,1.0,0.0,0.0,0.1078,0.0,0.0,0.0,,,True,18.0,0.0,,6.58,0.914,22,5,0,False,False,False,False,14.3,True,True,train,exercise day,1
2000-01-08 22:55:00,1,15.2,synthetic,False,0.0,0.0,3.367,0.0,1.0,0.0,0.0,0.1078,0.0,0.0,0.0,62.8,5.0,False,23.0,0.0,,6.67,0.97,22,5,0,False,False,False,False,14.0,True,True,train,exercise day,1
2000-01-08 23:00:00,1,15.3,synthetic,False,0.0,0.0,3.126,1.0,0.0,0.0,0.0,0.0,0.0,0.0,0.0,60.1,4.0,False,3.0,0.0,,6.75,1.022,23,5,0,False,False,False,False,13.9,True,True,train,exercise day,1
2000-01-08 23:05:00,1,16.1,synthetic,False,0.0,0.0,2.886,1.0,0.0,0.0,0.0,0.0,0.0,0.0,0.0,64.3,2.0,False,3.0,0.0,,6.83,0.963,23,5,0,False,False,False,False,14.3,True,True,train,exercise day,1
2000-01-08 23:10:00,1,15.4,synthetic,False,0.0,0.0,2.645,1.0,0.0,0.0,0.0,0.0,0.0,0.0,0.0,48.6,5.0,False,2.0,0.0,,6.92,0.905,23,5,0,False,False,False,False,14.3,True,True,train,exercise day,1
2000-01-08 23:15:00,1,15.0,synthetic,False,0.0,0.0,2.405,1.0,0.0,0.0,0.0,0.0,0.0,0.0,0.0,,,True,0.0,0.0,,7.0,0.847,23,5,0,False,False,False,False,13.9,True,True,train,exercise day,1
2000-01-08 23:20:00,1,14.3,synthetic,False,0.0,0.0,2.164,0.0,1.0,0.0,0.0,0.1078,0.0,0.0,0.0,,,True,2.0,0.0,,7.08,0.788,23,5,0,False,False,False,False,14.1,True,True,train,exercise day,1
2000-01-08 23:25:00,1,14.0,synthetic,False,0.0,0.0,1.924,0.0,1.0,0.0,0.0,0.1078,0.0,0.0,0.0,,,True,0.0,0.0,,7.17,0.835,23,5,0,False,False,False,False,14.4,True,True,train,exercise day,1
2000-01-08 23:30:00,1,13.9,synthetic,False,0.0,0.0,1.683,0.0,1.0,0.0,0.0,0.1078,0.0,0.0,0.0,57.6,1.0,False,1.0,0.0,,7.25,0.878,23,5,0,False,False,False,False,14.5,True,True,train,exercise day,1
2000-01-08 23:35:00,1,14.3,synthetic,False,0.0,0.0,1.443,0.0,1.0,0.0,0.0,0.1078,0.0,0.0,0.0,,,True,0.0,0.0,,7.33,0.916,23,5,0,False,False,False,False,15.3,True,True,train,exercise day,1
2000-01-08 23:40:00,1,14.3,synthetic,False,0.0,0.0,1.202,0.0,1.0,0.0,0.0,0.1078,0.0,0.0,0.0,,,True,2.0,0.0,,7.42,0.95,23,5,0,False,False,False,False,14.1,True,True,train,exercise day,1
2000-01-08 23:45:00,1,13.9,synthetic,False,0.0,0.0,0.962,0.0,1.0,0.0,0.0,0.1078,0.0,0.0,0.0,49.1,1.0,False,1.0,0.0,,7.5,0.979,23,5,0,False,False,False,False,14.0,True,True,train,exercise day,1
2000-01-08 23:50:00,1,14.1,synthetic,False,0.0,0.0,0.721,0.0,1.0,0.0,0.0,0.1078,0.0,0.0,0.0,,,True,2.0,0.0,,7.58,1.004,23,5,0,False,False,False,False,13.8,True,True,train,exercise day,1
2000-01-08 23:55:00,1,14.4,synthetic,False,0.0,0.0,0.481,0.0,1.0,0.0,0.0,0.1078,0.0,0.0,0.0,57.0,2.0,False,1.0,0.0,,7.67,1.024,23,5,0,False,False,False,False,13.3,True,True,train,exercise day,1
2000-01-09 00:00:00,1,14.5,synthetic,False,0.0,0.0,0.24,0.0,1.0,0.0,0.0,0.1078,0.0,0.0,0.0,53.7,3.0,False,1.0,0.0,,7.75,1.042,0,6,0,False,False,False,False,12.2,True,True,train,exercise day,1
2000-01-09 00:05:00,1,15.3,synthetic,False,0.0,0.0,0.0,0.0,1.0,0.0,0.0,0.1078,0.0,0.0,0.0,68.4,2.0,False,0.0,0.0,,7.83,1.06,0,6,0,False,False,False,False,12.1,True,True,train,exercise day,1
2000-01-09 00:10:00,1,14.1,synthetic,False,0.0,0.0,0.0,0.0,1.0,0.0,0.0,0.1078,0.0,0.0,0.0,57.7,1.0,False,2.0,0.0,,7.92,1.078,0,6,0,False,False,False,False,,True,False,train,exercise day,1
2000-01-09 00:15:00,1,14.0,synthetic,False,0.0,0.0,0.0,0.0,1.0,0.0,0.0,0.1078,0.0,0.0,0.0,66.1,1.0,False,0.0,0.0,,8.0,1.096,0,6,0,False,False,False,False,11.6,True,True,train,exercise day,1
2000-01-09 00:20:00,1,13.8,synthetic,False,0.0,0.0,0.0,0.0,1.0,0.0,0.0,0.1078,0.0,0.0,0.0,72.9,3.0,False,1.0,0.0,,8.08,1.114,0,6,0,False,False,False,False,11.3,True,True,train,exercise day,1
2000-01-09 00:25:00,1,13.3,synthetic,False,0.0,0.0,0.0,0.0,1.0,0.0,0.0,0.1078,0.0,0.0,0.0,,,True,3.0,0.0,,8.17,1.132,0,6,0,False,False,False,False,10.5,True,True,train,exercise day,1
2000-01-09 00:30:00,1,12.2,synthetic,False,0.0,0.0,0.0,0.0,1.0,0.0,0.0,0.1078,0.0,0.0,0.0,58.0,2.0,False,2.0,0.0,,8.25,1.15,0,6,0,False,False,False,False,9.9,True,True,train,exercise day,1
2000-01-09 00:35:00,1,12.1,synthetic,False,0.0,0.0,0.0,0.0,1.0,0.0,0.0,0.1078,0.0,0.0,0.0,,,True,0.0,0.0,,8.33,1.168,0,6,0,False,False,False,False,9.2,True,True,train,exercise day,1
2000-01-09 00:40:00,1,,,False,0.0,0.0,0.0,0.0,1.0,0.0,0.0,0.1078,0.0,0.0,0.0,55.9,3.0,False,0.0,0.0,,8.42,1.186,0,6,0,False,False,False,True,9.2,False,False,train,exercise day,1
2000-01-09 00:45:00,1,11.6,synthetic,False,0.0,0.0,0.0,0.0,1.0,0.0,0.0,0.1078,0.0,0.0,0.0,56.5,1.0,False,2.0,0.0,,8.5,1.204,0,6,0,False,False,False,False,8.4,False,False,train,exercise day,1
2000-01-09 00:50:00,1,11.3,synthetic,False,0.0,0.0,0.0,0.0,1.0,0.0,0.0,0.1078,0.0,0.0,0.0,,,True,1.0,0.0,,8.58,1.222,0,6,0,False,False,False,False,8.9,False,False,train,exercise day,1
2000-01-09 00:55:00,1,10.5,synthetic,False,0.0,0.0,0.0,0.0,1.0,0.0,0.0,0.1078,0.0,0.0,0.0,,,True,1.0,0.0,,8.67,1.24,0,6,0,False,False,False,False,9.6,False,False,train,exercise day,1
2000-01-09 01:00:00,1,9.9,synthetic,False,0.0,0.0,0.0,0.0,1.0,0.0,0.0,0.1078,0.0,0.0,0.0,61.7,1.0,False,4.0,0.0,,8.75,1.258,1,6,0,False,False,False,False,9.5,False,False,train,exercise day,1
2000-01-09 01:05:00,1,9.2,synthetic,False,0.0,0.0,0.0,0.0,1.0,0.0,0.0,0.1078,0.0,0.0,0.0,58.2,5.0,False,0.0,0.0,,8.83,1.273,1,6,0,False,False,False,False,10.2,False,False,train,exercise day,1
2000-01-09 01:10:00,1,9.2,synthetic,False,0.0,0.0,0.0,0.0,1.0,0.0,0.0,0.1078,0.0,0.0,0.0,52.5,5.0,False,3.0,0.0,,8.92,1.285,1,6,0,False,False,False,False,10.1,False,False,train,exercise day,1
2000-01-09 01:15:00,1,8.4,synthetic,False,0.0,0.0,0.0,0.0,1.0,0.0,0.0,0.1078,0.0,0.0,0.0,,,True,1.0,0.0,,9.0,1.291,1,6,0,False,False,False,False,9.9,False,False,train,exercise day,1
2000-01-09 01:20:00,1,8.9,synthetic,False,0.0,0.0,0.0,0.0,1.0,0.0,0.0,0.1078,0.0,0.0,0.0,70.3,2.0,False,1.0,0.0,,9.08,1.294,1,6,0,False,False,False,False,10.3,False,False,train,exercise day,1
2000-01-09 01:25:00,1,9.6,synthetic,False,0.0,0.0,0.0,0.0,1.0,0.0,0.0,0.1078,0.0,0.0,0.0,70.4,4.0,False,0.0,0.0,,9.17,1.294,1,6,0,False,False,False,False,9.7,False,False,train,exercise day,1
2000-01-09 01:30:00,1,9.5,synthetic,False,0.0,0.0,0.0,1.0,0.0,0.0,0.0,0.0,0.0,0.0,0.0,63.5,3.0,False,0.0,0.0,,9.25,1.294,1,6,0,False,False,False,False,9.2,False,False,train,exercise day,1
2000-01-09 01:35:00,1,10.2,synthetic,False,0.0,0.0,0.0,0.0,1.0,0.0,0.0,0.1078,0.0,0.0,0.0,63.4,2.0,False,1.0,0.0,,9.33,1.188,1,6,0,False,False,False,False,9.9,False,False,train,exercise day,1
2000-01-09 01:40:00,1,10.1,synthetic,False,0.0,0.0,0.0,0.0,1.0,0.0,0.0,0.1078,0.0,0.0,0.0,57.4,5.0,False,0.0,0.0,,9.42,1.193,1,6,0,False,False,False,False,9.9,True,True,train,exercise day,1
2000-01-09 01:45:00,1,9.9,synthetic,False,0.0,0.0,0.0,0.0,1.0,0.0,0.0,0.1078,0.0,0.0,0.0,46.7,4.0,False,2.0,0.0,,9.5,1.197,1,6,0,False,False,False,False,10.7,True,True,train,exercise day,1
2000-01-09 01:50:00,1,10.3,synthetic,False,0.0,0.0,0.0,0.0,1.0,0.0,0.0,0.1078,0.0,0.0,0.0,,,True,0.0,0.0,,9.58,1.202,1,6,0,False,False,False,False,10.7,True,True,train,exercise day,1
2000-01-09 01:55:00,1,9.7,synthetic,False,0.0,0.0,0.0,0.0,1.0,0.0,0.0,0.1078,0.0,0.0,0.0,52.7,1.0,False,1.0,0.0,,9.67,1.206,1,6,0,False,False,False,False,10.8,True,True,train,exercise day,1
2000-01-09 02:00:00,1,9.2,synthetic,False,0.0,0.0,0.0,0.0,1.0,0.0,0.0,0.1078,0.0,0.0,0.0,51.7,4.0,False,0.0,0.0,,9.75,1.211,2,6,0,False,False,False,False,10.2,True,True,train,exercise day,1
2000-01-09 02:05:00,1,9.9,synthetic,False,0.0,0.0,0.0,1.0,0.0,0.0,0.0,0.0,0.0,0.0,0.0,,,True,2.0,0.0,,9.83,1.215,2,6,0,False,False,False,False,10.0,True,True,train,exercise day,1
2000-01-09 02:10:00,1,9.9,synthetic,False,0.0,0.0,0.0,1.0,0.0,0.0,0.0,0.0,0.0,0.0,0.0,58.9,3.0,False,0.0,0.0,,9.92,1.114,2,6,0,False,False,False,False,9.9,True,True,train,exercise day,1
2000-01-09 02:15:00,1,10.7,synthetic,False,0.0,0.0,0.0,0.0,1.0,0.0,0.0,0.1078,0.0,0.0,0.0,65.8,1.0,False,2.0,0.0,,10.0,1.017,2,6,0,False,False,False,False,9.3,True,True,train,exercise day,1
2000-01-09 02:20:00,1,10.7,synthetic,False,0.0,0.0,0.0,0.0,1.0,0.0,0.0,0.1078,0.0,0.0,0.0,,,True,1.0,0.0,,10.08,1.031,2,6,0,False,False,False,False,9.2,True,True,train,exercise day,1
2000-01-09 02:25:00,1,10.8,synthetic,False,0.0,0.0,0.0,0.0,1.0,0.0,0.0,0.1078,0.0,0.0,0.0,62.8,1.0,False,2.0,0.0,,10.17,1.044,2,6,0,False,False,False,False,9.3,True,True,train,exercise day,1
2000-01-09 02:30:00,1,10.2,synthetic,False,0.0,0.0,0.0,0.0,1.0,0.0,0.0,0.1078,0.0,0.0,0.0,,,True,1.0,0.0,,10.25,1.058,2,6,0,False,False,False,False,9.2,True,True,train,exercise day,1
2000-01-09 02:35:00,1,10.0,synthetic,False,0.0,0.0,0.0,0.0,1.0,0.0,0.0,0.1078,0.0,0.0,0.0,,,True,0.0,0.0,,10.33,1.071,2,6,0,False,False,False,False,8.3,True,True,train,exercise day,1
2000-01-09 02:40:00,1,9.9,synthetic,False,0.0,0.0,0.0,0.0,1.0,0.0,0.0,0.1078,0.0,0.0,0.0,65.8,1.0,False,2.0,0.0,,10.42,1.085,2,6,0,False,False,False,False,8.0,True,True,train,exercise day,1
2000-01-09 02:45:00,1,9.3,synthetic,False,0.0,0.0,0.0,0.0,1.0,0.0,0.0,0.1078,0.0,0.0,0.0,51.4,2.0,False,2.0,0.0,,10.5,1.098,2,6,0,False,False,False,False,8.0,True,True,train,exercise day,1
2000-01-09 02:50:00,1,9.2,synthetic,False,0.0,0.0,0.0,0.0,1.0,0.0,0.0,0.1078,0.0,0.0,0.0,45.8,5.0,False,4.0,0.0,,10.58,1.112,2,6,0,False,False,False,False,7.9,True,True,train,exercise day,1
2000-01-09 02:55:00,1,9.3,synthetic,False,0.0,0.0,0.0,0.0,1.0,0.0,0.0,0.1078,0.0,0.0,0.0,,,True,0.0,0.0,,10.67,1.125,2,6,0,False,False,False,False,8.0,True,True,train,exercise day,1
2000-01-09 03:00:00,1,9.2,synthetic,False,0.0,0.0,0.0,0.0,1.0,0.0,0.0,0.1078,0.0,0.0,0.0,,,True,1.0,0.0,,10.75,1.139,3,6,0,False,False,False,False,8.5,True,True,train,exercise day,1
2000-01-09 03:05:00,1,8.3,synthetic,False,0.0,0.0,0.0,0.0,1.0,0.0,0.0,0.1078,0.0,0.0,0.0,49.0,2.0,False,2.0,0.0,,10.83,1.152,3,6,0,False,False,False,False,8.7,True,True,train,exercise day,1
2000-01-09 03:10:00,1,8.0,synthetic,False,0.0,0.0,0.0,0.0,1.0,0.0,0.0,0.1078,0.0,0.0,0.0,,,True,1.0,0.0,,10.92,1.166,3,6,0,False,False,False,False,8.9,True,True,train,exercise day,1
2000-01-09 03:15:00,1,8.0,synthetic,False,0.0,0.0,0.0,0.0,1.0,0.0,0.0,0.1078,0.0,0.0,0.0,50.5,4.0,False,1.0,0.0,,11.0,1.179,3,6,0,False,False,False,False,9.3,True,True,train,exercise day,1
2000-01-09 03:20:00,1,7.9,synthetic,False,0.0,0.0,0.0,0.0,1.0,0.0,0.0,0.1078,0.0,0.0,0.0,57.6,2.0,False,0.0,0.0,,11.08,1.193,3,6,0,False,False,False,False,8.9,True,True,train,exercise day,1
2000-01-09 03:25:00,1,8.0,synthetic,False,0.0,0.0,0.0,0.0,1.0,0.0,0.0,0.1078,0.0,0.0,0.0,48.8,1.0,False,1.0,0.0,,11.17,1.206,3,6,0,False,False,False,False,9.1,True,True,train,exercise day,1
2000-01-09 03:30:00,1,8.5,synthetic,False,0.0,0.0,0.0,0.0,1.0,0.0,0.0,0.1078,0.0,0.0,0.0,50.8,3.0,False,0.0,0.0,,11.25,1.219,3,6,0,False,False,False,False,8.3,True,True,train,exercise day,1
2000-01-09 03:35:00,1,8.7,synthetic,False,0.0,0.0,0.0,0.0,1.0,0.0,0.0,0.1078,0.0,0.0,0.0,,,True,0.0,0.0,,11.33,1.231,3,6,0,False,False,False,False,8.6,True,True,train,exercise day,1
2000-01-09 03:40:00,1,8.9,synthetic,False,0.0,0.0,0.0,0.0,1.0,0.0,0.0,0.1078,0.0,0.0,0.0,,,True,0.0,0.0,,11.42,1.24,3,6,0,False,False,False,False,8.3,True,True,train,exercise day,1
2000-01-09 03:45:00,1,9.3,synthetic,False,0.0,0.0,0.0,0.0,1.0,0.0,0.0,0.1078,0.0,0.0,0.0,56.0,1.0,False,1.0,0.0,,11.5,1.249,3,6,0,False,False,False,False,8.2,True,True,train,exercise day,1
2000-01-09 03:50:00,1,8.9,synthetic,False,0.0,0.0,0.0,0.0,1.0,0.0,0.0,0.1078,0.0,0.0,0.0,41.4,2.0,False,1.0,0.0,,11.58,1.258,3,6,0,False,False,False,False,8.3,True,True,train,exercise day,1
2000-01-09 03:55:00,1,9.1,synthetic,False,0.0,0.0,0.0,0.0,1.0,0.0,0.0,0.1078,0.0,0.0,0.0,,,True,0.0,0.0,,11.67,1.267,3,6,0,False,False,False,False,8.7,True,True,train,exercise day,1
2000-01-09 04:00:00,1,8.3,synthetic,False,0.0,0.0,0.0,0.0,1.0,0.0,0.0,0.1078,0.0,0.0,0.0,55.8,5.0,False,1.0,0.0,,11.75,1.276,4,6,0,False,False,False,False,8.5,True,True,train,exercise day,1
2000-01-09 04:05:00,1,8.6,synthetic,False,0.0,0.0,0.0,0.0,1.0,0.0,0.0,0.1078,0.0,0.0,0.0,,,True,0.0,0.0,,11.83,1.285,4,6,0,False,False,False,False,8.9,True,True,train,exercise day,1
2000-01-09 04:10:00,1,8.3,synthetic,False,0.0,0.0,0.0,0.0,1.0,0.0,0.0,0.1078,0.0,0.0,0.0,,,True,0.0,0.0,,11.92,1.291,4,6,0,False,False,False,False,8.4,True,True,train,exercise day,1
2000-01-09 04:15:00,1,8.2,synthetic,False,0.0,0.0,0.0,0.0,1.0,0.0,0.0,0.1078,0.0,0.0,0.0,50.7,2.0,False,2.0,0.0,,12.0,1.294,4,6,0,False,False,False,False,8.2,True,True,train,exercise day,1
2000-01-09 04:20:00,1,8.3,synthetic,False,0.0,0.0,0.0,0.0,1.0,0.0,0.0,0.1078,0.0,0.0,0.0,61.9,3.0,False,1.0,0.0,,12.08,1.294,4,6,0,False,False,False,False,8.0,True,True,train,exercise day,1
2000-01-09 04:25:00,1,8.7,synthetic,False,0.0,0.0,0.0,0.0,1.0,0.0,0.0,0.1078,0.0,0.0,0.0,,,True,2.0,0.0,,12.17,1.294,4,6,0,False,False,False,False,8.8,True,True,train,exercise day,1
2000-01-09 04:30:00,1,8.5,synthetic,False,0.0,0.0,0.0,0.0,1.0,0.0,0.0,0.1078,0.0,0.0,0.0,44.2,1.0,False,1.0,0.0,,12.25,1.294,4,6,0,False,False,False,False,8.7,True,True,train,exercise day,1
2000-01-09 04:35:00,1,8.9,synthetic,False,0.0,0.0,0.0,0.0,1.0,0.0,0.0,0.1078,0.0,0.0,0.0,,,True,1.0,0.0,,12.33,1.294,4,6,0,False,False,False,False,8.2,True,True,train,exercise day,1
2000-01-09 04:40:00,1,8.4,synthetic,False,0.0,0.0,0.0,0.0,1.0,0.0,0.0,0.1078,0.0,0.0,0.0,62.3,1.0,False,2.0,0.0,,12.42,1.294,4,6,0,False,False,False,False,7.9,True,True,train,exercise day,1
2000-01-09 04:45:00,1,8.2,synthetic,False,0.0,0.0,0.0,0.0,1.0,0.0,0.0,0.1078,0.0,0.0,0.0,60.8,4.0,False,5.0,0.0,,12.5,1.294,4,6,0,False,False,False,False,7.6,True,True,train,exercise day,1
2000-01-09 04:50:00,1,8.0,synthetic,False,0.0,0.0,0.0,0.0,1.0,0.0,0.0,0.1078,0.0,0.0,0.0,65.3,2.0,False,2.0,0.0,,12.58,1.294,4,6,0,False,False,False,False,7.5,True,True,train,exercise day,1
2000-01-09 04:55:00,1,8.8,synthetic,False,0.0,0.0,0.0,0.0,1.0,0.0,0.0,0.1078,0.0,0.0,0.0,43.2,1.0,False,1.0,0.0,,12.67,1.294,4,6,0,False,False,False,False,8.1,True,True,train,exercise day,1
2000-01-09 05:00:00,1,8.7,synthetic,False,0.0,0.0,0.0,0.0,1.0,0.0,0.0,0.1078,0.0,0.0,0.0,39.9,1.0,False,1.0,0.0,,12.75,1.294,5,6,0,False,False,False,False,8.2,True,True,train,exercise day,1
2000-01-09 05:05:00,1,8.2,synthetic,False,0.0,0.0,0.0,0.0,1.0,0.0,0.0,0.1078,0.0,0.0,0.0,44.9,3.0,False,0.0,0.0,,12.83,1.294,5,6,0,False,False,False,False,7.9,True,True,train,exercise day,1
2000-01-09 05:10:00,1,7.9,synthetic,False,0.0,0.0,0.0,0.0,1.0,0.0,0.0,0.1078,0.0,0.0,0.0,54.1,1.0,False,5.0,0.0,,12.92,1.294,5,6,0,False,False,False,False,7.8,True,True,train,exercise day,1
2000-01-09 05:15:00,1,7.6,synthetic,False,0.0,0.0,0.0,0.0,1.0,0.0,0.0,0.1078,0.0,0.0,0.0,41.9,3.0,False,1.0,0.0,,13.0,1.294,5,6,0,False,False,False,False,7.9,True,True,train,exercise day,1
2000-01-09 05:20:00,1,7.5,synthetic,False,0.0,0.0,0.0,0.0,1.0,0.0,0.0,0.1078,0.0,0.0,0.0,43.5,4.0,False,2.0,0.0,,13.08,1.294,5,6,0,False,False,False,False,8.8,True,True,train,exercise day,1
2000-01-09 05:25:00,1,8.1,synthetic,False,0.0,0.0,0.0,0.0,1.0,0.0,0.0,0.1078,0.0,0.0,0.0,,,True,0.0,0.0,,13.17,1.294,5,6,0,False,False,False,False,9.1,True,True,train,exercise day,1
2000-01-09 05:30:00,1,8.2,synthetic,False,0.0,0.0,0.0,0.0,1.0,0.0,0.0,0.1078,0.0,0.0,0.0,,,True,1.0,0.0,,13.25,1.294,5,6,0,False,False,False,False,9.1,True,True,train,exercise day,1
2000-01-09 05:35:00,1,7.9,synthetic,False,0.0,0.0,0.0,0.0,1.0,0.0,0.0,0.1078,0.0,0.0,0.0,51.5,5.0,False,1.0,0.0,,13.33,1.294,5,6,0,False,False,False,False,9.5,True,True,train,exercise day,1
2000-01-09 05:40:00,1,7.8,synthetic,False,0.0,0.0,0.0,0.0,1.0,0.0,0.0,0.1078,0.0,0.0,0.0,57.1,3.0,False,2.0,0.0,,13.42,1.294,5,6,0,False,False,False,False,9.6,True,True,train,exercise day,1
2000-01-09 05:45:00,1,7.9,synthetic,False,0.0,0.0,0.0,0.0,1.0,0.0,0.0,0.1078,0.0,0.0,0.0,53.2,5.0,False,1.0,0.0,,13.5,1.294,5,6,0,False,False,False,False,9.4,True,True,train,exercise day,1
2000-01-09 05:50:00,1,8.8,synthetic,False,0.0,0.0,0.0,0.0,1.0,0.0,0.0,0.1078,0.0,0.0,0.0,51.1,1.0,False,1.0,0.0,,13.58,1.294,5,6,0,False,False,False,False,9.6,True,True,train,exercise day,1
2000-01-09 05:55:00,1,9.1,synthetic,False,0.0,0.0,0.0,0.0,1.0,0.0,0.0,0.1078,0.0,0.0,0.0,,,True,0.0,0.0,,13.67,1.294,5,6,0,False,False,False,False,9.7,True,True,train,exercise day,1
2000-01-09 06:00:00,1,9.1,synthetic,False,0.0,0.0,0.0,1.0,0.0,0.0,0.0,0.0,0.0,0.0,0.0,,,True,0.0,0.0,,13.75,1.294,6,6,0,False,False,False,False,9.3,True,True,train,exercise day,1
2000-01-09 06:05:00,1,9.5,synthetic,False,0.0,0.0,0.0,1.0,0.0,0.0,0.0,0.0,0.0,0.0,0.0,53.0,3.0,False,1.0,0.0,,13.83,1.188,6,6,0,False,False,False,False,8.9,True,True,train,exercise day,1
2000-01-09 06:10:00,1,9.6,synthetic,False,0.0,0.0,0.0,1.0,0.0,0.0,0.0,0.0,0.0,0.0,0.0,56.8,5.0,False,1.0,0.0,,13.92,1.087,6,6,0,False,False,False,False,9.7,True,True,train,exercise day,1
2000-01-09 06:15:00,1,9.4,synthetic,False,0.0,0.0,0.0,0.0,1.0,0.0,0.0,0.1078,0.0,0.0,0.0,50.7,1.0,False,1.0,0.0,,14.0,0.99,6,6,0,False,False,False,False,10.1,True,True,train,exercise day,1
2000-01-09 06:20:00,1,9.6,synthetic,False,0.0,0.0,0.0,0.0,1.0,0.0,0.0,0.1078,0.0,0.0,0.0,,,True,3.0,0.0,,14.08,1.004,6,6,0,False,False,False,False,10.7,True,True,train,exercise day,1
2000-01-09 06:25:00,1,9.7,synthetic,False,5.93,32.2,5.933,0.0,1.0,0.0,0.0,0.1078,0.0,0.0,0.0,,,True,0.0,0.0,,14.17,1.017,6,6,0,False,False,False,False,10.5,True,True,train,exercise day,1
2000-01-09 06:30:00,1,9.3,synthetic,False,0.0,0.0,5.686,0.0,1.0,0.0,0.0,0.1078,0.0,0.0,0.0,52.2,3.0,False,1.0,0.0,,14.25,1.031,6,6,0,False,False,False,False,10.0,True,True,train,exercise day,1
2000-01-09 06:35:00,1,8.9,synthetic,False,0.0,0.0,5.438,0.0,1.0,0.0,0.0,0.1078,0.0,0.0,0.0,45.9,4.0,False,2.0,0.0,,14.33,1.044,6,6,0,False,False,False,False,10.1,True,True,train,exercise day,1
2000-01-09 06:40:00,1,9.7,synthetic,False,0.0,0.0,5.191,0.0,1.0,0.0,0.0,0.1078,0.0,0.0,0.0,41.1,3.0,False,1.0,0.0,,14.42,1.058,6,6,0,False,False,False,False,10.1,True,True,train,exercise day,1
2000-01-09 06:45:00,1,10.1,synthetic,False,0.0,0.0,4.944,0.0,1.0,0.0,0.0,0.1078,0.0,0.0,0.0,,,True,1.0,0.0,,14.5,1.071,6,6,0,False,False,False,False,9.5,True,True,train,exercise day,1
2000-01-09 06:50:00,1,10.7,synthetic,False,0.0,0.0,4.697,0.0,1.0,0.0,0.0,0.1078,0.0,0.0,0.0,,,True,2.0,0.0,,14.58,1.085,6,6,0,False,False,False,False,10.1,True,True,train,exercise day,1
2000-01-09 06:55:00,1,10.5,synthetic,False,0.0,0.0,4.45,0.0,1.0,0.0,0.0,0.1078,0.0,0.0,0.0,44.3,2.0,False,3.0,0.0,,14.67,1.098,6,6,0,False,False,False,False,11.1,True,True,train,exercise day,1
2000-01-09 07:00:00,1,10.0,synthetic,False,0.0,0.0,4.202,0.0,1.0,0.0,0.0,0.1078,0.0,0.0,0.0,45.1,3.0,False,24.0,0.0,,14.75,1.112,7,6,0,False,False,False,False,11.8,True,True,train,exercise day,1
2000-01-09 07:05:00,1,10.1,synthetic,False,0.0,0.0,3.955,0.0,1.0,0.0,0.0,0.1078,0.0,0.0,0.0,36.9,2.0,False,21.0,0.0,,14.83,1.125,7,6,0,False,False,False,False,10.8,True,True,train,exercise day,1
2000-01-09 07:10:00,1,10.1,synthetic,False,0.0,0.0,3.708,0.0,1.0,0.0,0.0,0.1078,0.0,0.0,0.0,63.9,5.0,False,37.0,0.0,,14.92,1.139,7,6,0,False,False,False,False,10.6,True,True,train,exercise day,1
2000-01-09 07:15:00,1,9.5,synthetic,False,0.0,0.0,3.461,0.0,1.0,0.0,0.0,0.1078,0.0,0.0,0.0,,,True,25.0,0.0,,15.0,1.152,7,6,0,False,False,False,False,10.6,True,True,train,exercise day,1
2000-01-09 07:20:00,1,10.1,synthetic,False,0.0,0.0,3.214,0.0,1.0,0.0,0.0,0.1078,0.0,0.0,0.0,39.6,1.0,False,25.0,0.0,,15.08,1.166,7,6,0,False,False,False,False,10.4,True,True,train,exercise day,1
2000-01-09 07:25:00,1,11.1,synthetic,False,0.0,0.0,2.966,0.0,1.0,0.0,0.0,0.1078,0.0,0.0,0.0,,,True,24.0,0.0,,15.17,1.179,7,6,0,False,False,False,False,10.5,True,True,train,exercise day,1
2000-01-09 07:30:00,1,11.8,synthetic,False,0.0,0.0,2.719,0.0,1.0,0.0,0.0,0.1078,0.0,0.0,0.0,51.5,1.0,False,30.0,0.0,,15.25,1.193,7,6,0,False,False,False,False,10.0,True,True,train,exercise day,1
2000-01-09 07:35:00,1,10.8,synthetic,False,0.0,0.0,2.472,0.0,0.0,1.0,0.0,0.0833,0.0,0.0,0.0,,,True,19.0,0.0,,15.33,1.206,7,6,0,False,False,False,False,9.9,True,True,train,exercise day,1
2000-01-09 07:40:00,1,10.6,synthetic,False,0.0,0.0,2.225,0.0,1.0,0.0,0.0,0.1078,0.0,0.0,0.0,,,True,25.0,0.0,,15.42,1.195,7,6,0,False,False,False,False,10.2,True,True,train,exercise day,1
2000-01-09 07:45:00,1,10.6,synthetic,False,0.0,0.0,1.978,0.0,1.0,0.0,0.0,0.1078,0.0,0.0,0.0,,,True,26.0,0.0,,15.5,1.21,7,6,0,False,False,False,False,10.0,True,True,train,exercise day,1
2000-01-09 07:50:00,1,10.4,synthetic,False,0.0,0.0,1.73,0.0,1.0,0.0,0.0,0.1078,0.0,0.0,0.0,,,True,25.0,0.0,,15.58,1.224,7,6,0,False,False,False,False,9.7,True,True,train,exercise day,1
2000-01-09 07:55:00,1,10.5,synthetic,False,0.0,0.0,1.483,0.0,1.0,0.0,0.0,0.1078,0.0,0.0,0.0,,,True,20.0,0.0,,15.67,1.239,7,6,0,False,False,False,False,9.1,True,True,train,exercise day,1
2000-01-09 08:00:00,1,10.0,synthetic,False,0.0,0.0,1.236,0.0,1.0,0.0,0.0,0.1078,0.0,0.0,0.0,33.9,3.0,False,27.0,0.0,,15.75,1.253,8,6,0,False,False,False,False,9.1,True,True,train,exercise day,1
2000-01-09 08:05:00,1,9.9,synthetic,False,0.0,0.0,0.989,0.0,1.0,0.0,0.0,0.1078,0.0,0.0,0.0,50.9,5.0,False,24.0,0.0,,15.83,1.266,8,6,0,False,False,False,False,9.1,True,True,train,exercise day,1
2000-01-09 08:10:00,1,10.2,synthetic,False,0.0,0.0,0.742,0.0,1.0,0.0,0.0,0.1078,0.0,0.0,0.0,38.2,1.0,False,24.0,0.0,,15.92,1.273,8,6,0,False,False,False,False,9.0,True,True,train,exercise day,1
2000-01-09 08:15:00,1,10.0,synthetic,False,0.0,0.0,0.494,0.0,1.0,0.0,0.0,0.1078,0.0,0.0,0.0,,,True,29.0,0.0,,16.0,1.277,8,6,0,False,False,False,False,8.9,True,True,train,exercise day,1
2000-01-09 08:20:00,1,9.7,synthetic,False,0.0,0.0,0.247,0.0,1.0,0.0,0.0,0.1078,0.0,0.0,0.0,55.9,4.0,False,24.0,0.0,,16.08,1.278,8,6,0,False,False,False,False,9.3,True,True,train,exercise day,1
2000-01-09 08:25:00,1,9.1,synthetic,False,0.0,0.0,0.0,0.0,1.0,0.0,0.0,0.1078,0.0,0.0,0.0,,,True,14.0,0.0,,16.17,1.279,8,6,0,False,False,False,False,9.0,True,True,train,exercise day,1
2000-01-09 08:30:00,1,9.1,synthetic,False,0.0,0.0,0.0,0.0,1.0,0.0,0.0,0.1078,0.0,0.0,0.0,61.5,2.0,False,26.0,0.0,,16.25,1.28,8,6,0,False,False,False,False,9.0,True,True,train,exercise day,1
2000-01-09 08:35:00,1,9.1,synthetic,False,0.0,0.0,0.0,0.0,1.0,0.0,0.0,0.1078,0.0,0.0,0.0,43.7,5.0,False,22.0,0.0,,16.33,1.281,8,6,0,False,False,False,False,8.4,True,True,train,exercise day,1
2000-01-09 08:40:00,1,9.0,synthetic,False,0.0,0.0,0.0,0.0,1.0,0.0,0.0,0.1078,0.0,0.0,0.0,,,True,23.0,0.0,,16.42,1.282,8,6,0,False,False,False,False,8.2,True,True,train,exercise day,1
2000-01-09 08:45:00,1,8.9,synthetic,False,0.0,0.0,0.0,0.0,1.0,0.0,0.0,0.1078,0.0,0.0,0.0,,,True,20.0,0.0,,16.5,1.283,8,6,0,False,False,False,False,8.3,True,True,train,exercise day,1
2000-01-09 08:50:00,1,9.3,synthetic,False,0.0,0.0,0.0,0.0,1.0,0.0,0.0,0.1078,0.0,0.0,0.0,48.7,1.0,False,27.0,0.0,,16.58,1.284,8,6,0,False,False,False,False,8.1,True,True,train,exercise day,1
2000-01-09 08:55:00,1,9.0,synthetic,False,0.0,0.0,0.0,0.0,1.0,0.0,0.0,0.1078,0.0,0.0,0.0,65.0,4.0,False,23.0,0.0,,16.67,1.285,8,6,0,False,False,False,False,8.4,True,True,train,exercise day,1
2000-01-09 09:00:00,1,9.0,synthetic,False,0.0,0.0,0.0,0.0,1.0,0.0,0.0,0.1078,0.0,0.0,0.0,,,True,25.0,0.0,,16.75,1.286,9,6,0,False,False,False,False,7.6,True,True,train,exercise day,1
2000-01-09 09:05:00,1,8.4,synthetic,False,0.0,0.0,0.0,0.0,1.0,0.0,0.0,0.1078,0.0,0.0,0.0,48.1,4.0,False,19.0,0.0,,16.83,1.287,9,6,0,False,False,False,False,8.7,True,True,train,exercise day,1
2000-01-09 09:10:00,1,8.2,synthetic,False,0.0,0.0,0.0,0.0,1.0,0.0,0.0,0.1078,0.0,0.0,0.0,58.7,5.0,False,30.0,0.0,,16.92,1.288,9,6,0,False,False,False,False,9.2,True,True,train,exercise day,1
2000-01-09 09:15:00,1,8.3,synthetic,False,4.93,30.2,4.925,0.0,1.0,0.0,0.0,0.1078,0.0,0.0,0.0,45.1,1.0,False,26.0,0.0,,17.0,1.289,9,6,0,False,False,False,False,9.2,True,True,train,exercise day,1
2000-01-09 09:20:00,1,8.1,synthetic,False,0.0,0.0,4.72,0.0,1.0,0.0,0.0,0.1078,0.0,0.0,0.0,,,True,22.0,0.0,,17.08,1.29,9,6,0,False,False,False,False,9.4,True,True,train,exercise day,1
2000-01-09 09:25:00,1,8.4,synthetic,False,0.0,0.0,4.515,0.0,1.0,0.0,0.0,0.1078,0.0,0.0,0.0,56.3,2.0,False,22.0,0.0,,17.17,1.291,9,6,0,False,False,False,False,9.2,True,True,train,exercise day,1
2000-01-09 09:30:00,1,7.6,synthetic,False,0.0,0.0,4.309,0.0,1.0,0.0,0.0,0.1078,0.0,0.0,0.0,50.8,1.0,False,27.0,0.0,,17.25,1.292,9,6,0,False,False,False,False,,True,False,train,exercise day,1
2000-01-09 09:35:00,1,8.7,synthetic,False,0.0,0.0,4.104,0.0,1.0,0.0,0.0,0.1078,0.0,0.0,0.0,,,True,26.0,0.0,,17.33,1.293,9,6,0,False,False,False,False,10.2,True,True,train,exercise day,1
2000-01-09 09:40:00,1,9.2,synthetic,False,0.0,0.0,3.899,0.0,1.0,0.0,0.0,0.1078,0.0,0.0,0.0,,,True,17.0,0.0,,17.42,1.294,9,6,0,False,False,False,False,10.0,True,True,train,exercise day,1
2000-01-09 09:45:00,1,9.2,synthetic,False,0.0,0.0,3.694,0.0,1.0,0.0,0.0,0.1078,0.0,0.0,0.0,55.9,5.0,False,23.0,0.0,,17.5,1.294,9,6,0,False,False,False,False,10.4,True,True,train,exercise day,1
2000-01-09 09:50:00,1,9.4,synthetic,False,0.0,0.0,3.489,0.0,1.0,0.0,0.0,0.1078,0.0,0.0,0.0,54.4,5.0,False,21.0,0.0,,17.58,1.294,9,6,0,False,False,False,False,10.1,True,True,train,exercise day,1
2000-01-09 09:55:00,1,9.2,synthetic,False,0.0,0.0,3.283,0.0,1.0,0.0,0.0,0.1078,0.0,0.0,0.0,36.6,1.0,False,26.0,0.0,,17.67,1.294,9,6,0,False,False,False,False,9.6,True,True,train,exercise day,1
2000-01-09 10:00:00,1,,,False,0.0,0.0,3.078,0.0,1.0,0.0,0.0,0.1078,0.0,0.0,0.0,58.5,3.0,False,25.0,0.0,,17.75,1.294,10,6,0,False,False,False,True,10.0,False,False,train,exercise day,1
2000-01-09 10:05:00,1,10.2,synthetic,False,0.0,0.0,2.873,0.0,1.0,0.0,0.0,0.1078,0.0,0.0,0.0,47.7,2.0,False,15.0,0.0,,17.83,1.294,10,6,0,False,False,False,False,9.6,False,False,train,exercise day,1
2000-01-09 10:10:00,1,10.0,synthetic,False,0.0,0.0,2.668,0.0,1.0,0.0,0.0,0.1078,0.0,0.0,0.0,,,True,11.0,0.0,,17.92,1.294,10,6,0,False,False,False,False,9.2,False,False,train,exercise day,1
2000-01-09 10:15:00,1,10.4,synthetic,False,0.0,0.0,2.463,0.0,1.0,0.0,0.0,0.1078,0.0,0.0,0.0,48.3,5.0,False,27.0,0.0,,18.0,1.294,10,6,0,False,False,False,False,9.0,False,False,train,exercise day,1
2000-01-09 10:20:00,1,10.1,synthetic,False,0.0,0.0,2.257,0.0,1.0,0.0,0.0,0.1078,0.0,0.0,0.0,55.2,4.0,False,22.0,0.0,,18.08,1.294,10,6,0,False,False,False,False,9.1,False,False,train,exercise day,1
2000-01-09 10:25:00,1,9.6,synthetic,False,0.0,0.0,2.052,0.0,1.0,0.0,0.0,0.1078,0.0,0.0,0.0,47.3,2.0,False,22.0,0.0,,18.17,1.294,10,6,0,False,False,False,False,9.1,False,False,train,exercise day,1
2000-01-09 10:30:00,1,10.0,synthetic,False,0.0,0.0,1.847,0.0,1.0,0.0,0.0,0.1078,0.0,0.0,0.0,51.5,2.0,False,25.0,0.0,,18.25,1.294,10,6,0,False,False,False,False,9.1,False,False,train,exercise day,1
2000-01-09 10:35:00,1,9.6,synthetic,False,0.0,0.0,1.642,0.0,0.0,1.0,0.0,0.0833,0.0,0.0,0.0,,,True,17.0,0.0,,18.33,1.294,10,6,0,False,False,False,False,9.1,False,False,train,exercise day,1
2000-01-09 10:40:00,1,9.2,synthetic,False,0.0,0.0,1.436,0.0,1.0,0.0,0.0,0.1078,0.0,0.0,0.0,,,True,22.0,0.0,,18.42,1.27,10,6,0,False,False,False,False,9.4,False,False,train,exercise day,1
2000-01-09 10:45:00,1,9.0,synthetic,False,0.0,0.0,1.231,0.0,1.0,0.0,0.0,0.1078,0.0,0.0,0.0,38.2,3.0,False,21.0,0.0,,18.5,1.271,10,6,0,False,False,False,False,9.9,False,False,train,exercise day,1
2000-01-09 10:50:00,1,9.1,synthetic,False,0.0,0.0,1.026,0.0,1.0,0.0,0.0,0.1078,0.0,0.0,0.0,,,True,25.0,0.0,,18.58,1.272,10,6,0,False,False,False,False,9.9,False,False,train,exercise day,1
2000-01-09 10:55:00,1,9.1,synthetic,False,0.0,0.0,0.821,0.0,1.0,0.0,0.0,0.1078,0.0,0.0,0.0,,,True,13.0,0.0,,18.67,1.273,10,6,0,False,False,False,False,10.2,False,False,train,exercise day,1
2000-01-09 11:00:00,1,9.1,synthetic,False,0.0,0.0,0.616,0.0,1.0,0.0,0.0,0.1078,0.0,0.0,0.0,57.0,5.0,False,33.0,0.0,,18.75,1.274,11,6,0,False,False,False,False,,True,False,train,exercise day,1
2000-01-09 11:05:00,1,9.1,synthetic,False,0.0,0.0,0.41,0.0,1.0,0.0,0.0,0.1078,0.0,0.0,0.0,36.9,4.0,False,27.0,0.0,,18.83,1.275,11,6,0,False,False,False,False,10.0,True,True,train,exercise day,1
2000-01-09 11:10:00,1,9.4,synthetic,False,0.0,0.0,0.205,0.0,1.0,0.0,0.0,0.1078,0.0,0.0,0.0,,,True,21.0,0.0,,18.92,1.276,11,6,0,False,False,False,False,9.7,True,True,train,exercise day,1
2000-01-09 11:15:00,1,9.9,synthetic,False,0.0,0.0,0.0,0.0,1.0,0.0,0.0,0.1078,0.0,0.0,0.0,50.6,3.0,False,27.0,0.0,,19.0,1.277,11,6,0,False,False,False,False,9.0,True,True,train,exercise day,1
2000-01-09 11:20:00,1,9.9,synthetic,False,0.0,0.0,0.0,0.0,1.0,0.0,0.0,0.1078,0.0,0.0,0.0,50.6,4.0,False,18.0,0.0,,19.08,1.278,11,6,0,False,False,False,False,8.6,True,True,train,exercise day,1
2000-01-09 11:25:00,1,10.2,synthetic,False,0.0,0.0,0.0,0.0,1.0,0.0,0.0,0.1078,0.0,0.0,0.0,45.7,3.0,False,19.0,0.0,,19.17,1.279,11,6,0,False,False,False,False,7.7,True,True,train,exercise day,1
2000-01-09 11:30:00,1,,,False,0.0,0.0,0.0,0.0,1.0,0.0,0.0,0.1078,0.0,0.0,0.0,,,True,25.0,0.0,,19.25,1.28,11,6,0,False,False,False,True,7.1,False,False,train,exercise day,1
2000-01-09 11:35:00,1,10.0,synthetic,False,0.0,0.0,0.0,0.0,1.0,0.0,0.0,0.1078,0.0,0.0,0.0,50.4,2.0,False,28.0,0.0,,19.33,1.281,11,6,0,False,False,False,False,6.7,False,False,train,exercise day,1
2000-01-09 11:40:00,1,9.7,synthetic,False,0.0,0.0,0.0,0.0,1.0,0.0,0.0,0.1078,0.0,0.0,0.0,,,True,22.0,0.0,,19.42,1.282,11,6,0,False,False,False,False,6.9,False,False,train,exercise day,1
2000-01-09 11:45:00,1,9.0,synthetic,False,0.0,0.0,0.0,0.0,1.0,0.0,0.0,0.1078,0.0,0.0,0.0,51.2,2.0,False,19.0,0.0,,19.5,1.283,11,6,0,False,False,False,False,6.5,False,False,train,exercise day,1
2000-01-09 11:50:00,1,8.6,synthetic,False,0.0,0.0,0.0,0.0,1.0,0.0,0.0,0.1078,0.0,0.0,0.0,,,True,29.0,0.0,,19.58,1.284,11,6,0,False,False,False,False,6.4,False,False,train,exercise day,1
2000-01-09 11:55:00,1,7.7,synthetic,False,0.0,0.0,0.0,0.0,1.0,0.0,0.0,0.1078,0.0,0.0,0.0,,,True,23.0,0.0,,19.67,1.285,11,6,0,False,False,False,False,6.1,False,False,train,exercise day,1
2000-01-09 12:00:00,1,7.1,synthetic,False,0.0,0.0,0.0,0.0,1.0,0.0,0.0,0.1078,0.0,0.0,0.0,,,True,28.0,0.0,,19.75,1.286,12,6,0,False,False,False,False,6.2,False,False,train,exercise day,1
2000-01-09 12:05:00,1,6.7,synthetic,False,0.0,0.0,0.0,0.0,1.0,0.0,0.0,0.1078,0.0,0.0,0.0,,,True,28.0,0.0,,19.83,1.287,12,6,0,False,False,False,False,6.5,False,False,train,exercise day,1
2000-01-09 12:10:00,1,6.9,synthetic,False,0.0,0.0,0.0,0.0,1.0,0.0,0.0,0.1078,0.0,0.0,0.0,,,True,23.0,0.0,,19.92,1.288,12,6,0,False,False,False,False,,False,False,train,exercise day,1
2000-01-09 12:15:00,1,6.5,synthetic,False,0.0,0.0,0.0,0.0,1.0,0.0,0.0,0.1078,0.0,0.0,0.0,,,True,24.0,0.0,,20.0,1.289,12,6,0,False,False,False,False,6.8,False,False,train,exercise day,1
2000-01-09 12:20:00,1,6.4,synthetic,False,0.0,0.0,0.0,0.0,1.0,0.0,0.0,0.1078,0.0,0.0,0.0,43.8,4.0,False,23.0,0.0,,20.08,1.29,12,6,0,False,False,False,False,6.9,False,False,train,exercise day,1
2000-01-09 12:25:00,1,6.1,synthetic,False,0.0,0.0,0.0,0.0,1.0,0.0,0.0,0.1078,0.0,0.0,0.0,,,True,23.0,0.0,,20.17,1.291,12,6,0,False,False,False,False,6.9,False,False,train,exercise day,1
2000-01-09 12:30:00,1,6.2,synthetic,False,0.0,0.0,0.0,0.0,1.0,0.0,0.0,0.1078,0.0,0.0,0.0,,,True,19.0,0.0,,20.25,1.292,12,6,0,False,False,False,False,6.9,True,True,train,exercise day,1
2000-01-09 12:35:00,1,6.5,synthetic,False,0.0,0.0,0.0,0.0,1.0,0.0,0.0,0.1078,0.0,0.0,0.0,49.6,5.0,False,24.0,0.0,,20.33,1.293,12,6,0,False,False,False,False,7.7,True,True,train,exercise day,1
2000-01-09 12:40:00,1,,,False,0.0,0.0,0.0,0.0,1.0,0.0,0.0,0.1078,0.0,0.0,0.0,,,True,21.0,0.0,,20.42,1.294,12,6,0,False,False,False,True,7.3,False,False,train,exercise day,1
2000-01-09 12:45:00,1,6.8,synthetic,False,0.0,0.0,0.0,0.0,1.0,0.0,0.0,0.1078,0.0,0.0,0.0,,,True,23.0,0.0,,20.5,1.294,12,6,0,False,False,False,False,7.3,False,False,train,exercise day,1
2000-01-09 12:50:00,1,6.9,synthetic,False,0.0,0.0,0.0,0.0,1.0,0.0,0.0,0.1078,0.0,0.0,0.0,54.8,2.0,False,25.0,0.0,,20.58,1.294,12,6,0,False,False,False,False,6.8,False,False,train,exercise day,1
2000-01-09 12:55:00,1,6.9,synthetic,False,0.0,0.0,0.0,0.0,1.0,0.0,0.0,0.1078,0.0,0.0,0.0,60.9,3.0,False,20.0,0.0,,20.67,1.294,12,6,0,False,False,False,False,6.5,False,False,train,exercise day,1
2000-01-09 13:00:00,1,6.9,synthetic,False,0.0,0.0,0.0,0.0,1.0,0.0,0.0,0.1078,0.0,0.0,0.0,44.9,5.0,False,20.0,0.0,,20.75,1.294,13,6,0,False,False,False,False,6.6,False,False,train,exercise day,1
2000-01-09 13:05:00,1,7.7,synthetic,False,0.0,0.0,0.0,0.0,1.0,0.0,0.0,0.1078,0.0,0.0,0.0,55.3,3.0,False,25.0,0.0,,20.83,1.294,13,6,0,False,False,False,False,6.5,False,False,train,exercise day,1
2000-01-09 13:10:00,1,7.3,synthetic,False,0.0,0.0,0.0,0.0,1.0,0.0,0.0,0.1078,0.0,0.0,0.0,37.9,2.0,False,35.0,0.0,,20.92,1.294,13,6,0,False,False,False,False,6.7,False,False,train,exercise day,1
2000-01-09 13:15:00,1,7.3,synthetic,False,0.0,0.0,0.0,0.0,1.0,0.0,0.0,0.1078,0.0,0.0,0.0,54.0,5.0,False,18.0,0.0,,21.0,1.294,13,6,0,False,False,False,False,6.0,False,False,train,exercise day,1
2000-01-09 13:20:00,1,6.8,synthetic,False,0.0,0.0,0.0,0.0,1.0,0.0,0.0,0.1078,0.0,0.0,0.0,42.8,1.0,False,20.0,0.0,,21.08,1.294,13,6,0,False,False,False,False,6.1,False,False,train,exercise day,1
2000-01-09 13:25:00,1,6.5,synthetic,False,0.0,0.0,0.0,0.0,1.0,0.0,0.0,0.1078,0.0,0.0,0.0,46.8,1.0,False,27.0,0.0,,21.17,1.294,13,6,0,False,False,False,False,5.4,False,False,train,exercise day,1
2000-01-09 13:30:00,1,6.6,synthetic,False,0.0,0.0,0.0,0.0,1.0,0.0,0.0,0.1078,0.0,0.0,0.0,,,True,27.0,0.0,,21.25,1.294,13,6,0,False,False,False,False,5.4,False,False,train,exercise day,1
2000-01-09 13:35:00,1,6.5,synthetic,False,0.0,0.0,0.0,0.0,1.0,0.0,0.0,0.1078,0.0,0.0,0.0,,,True,26.0,0.0,,21.33,1.294,13,6,0,False,False,False,False,5.2,False,False,train,exercise day,1
2000-01-09 13:40:00,1,6.7,synthetic,False,0.0,0.0,0.0,0.0,1.0,0.0,0.0,0.1078,0.0,0.0,0.0,,,True,30.0,0.0,,21.42,1.294,13,6,0,False,False,False,False,5.4,True,True,train,exercise day,1
2000-01-09 13:45:00,1,6.0,synthetic,False,0.0,0.0,0.0,0.0,1.0,0.0,0.0,0.1078,0.0,0.0,0.0,62.5,5.0,False,29.0,0.0,,21.5,1.294,13,6,0,False,False,False,False,5.3,True,True,train,exercise day,1
2000-01-09 13:50:00,1,6.1,synthetic,False,0.0,0.0,0.0,0.0,1.0,0.0,0.0,0.1078,0.0,0.0,0.0,61.6,5.0,False,24.0,0.0,,21.58,1.294,13,6,0,False,False,False,False,5.4,True,True,train,exercise day,1
2000-01-09 13:55:00,1,5.4,synthetic,False,0.0,0.0,0.0,0.0,1.0,0.0,0.0,0.1078,0.0,0.0,0.0,62.5,5.0,False,18.0,0.0,,21.67,1.294,13,6,0,False,False,False,False,5.8,True,True,train,exercise day,1
2000-01-09 14:00:00,1,5.4,synthetic,False,0.0,0.0,0.0,0.0,1.0,0.0,0.0,0.1078,0.0,0.0,0.0,54.0,4.0,False,18.0,0.0,,21.75,1.294,14,6,0,False,False,False,False,5.6,True,True,train,exercise day,1
2000-01-09 14:05:00,1,5.2,synthetic,False,0.0,0.0,0.0,0.0,1.0,0.0,0.0,0.1078,0.0,0.0,0.0,45.2,5.0,False,27.0,0.0,,21.83,1.294,14,6,0,False,False,False,False,5.5,True,True,train,exercise day,1
2000-01-09 14:10:00,1,5.4,synthetic,False,0.0,0.0,0.0,0.0,1.0,0.0,0.0,0.1078,0.0,0.0,0.0,54.2,1.0,False,27.0,0.0,,21.92,1.294,14,6,0,False,False,False,False,4.9,True,True,train,exercise day,1
2000-01-09 14:15:00,1,5.3,synthetic,False,0.0,0.0,0.0,0.0,1.0,0.0,0.0,0.1078,0.0,0.0,0.0,,,True,24.0,0.0,,22.0,1.294,14,6,0,False,False,False,False,5.1,True,True,train,exercise day,1
2000-01-09 14:20:00,1,5.4,synthetic,False,0.0,0.0,0.0,0.0,1.0,0.0,0.0,0.1078,0.0,0.0,0.0,,,True,18.0,0.0,,22.08,1.294,14,6,0,False,False,False,False,4.8,True,True,train,exercise day,1
2000-01-09 14:25:00,1,5.8,synthetic,False,0.0,0.0,0.0,0.0,1.0,0.0,0.0,0.1078,0.0,0.0,0.0,,,True,15.0,0.0,,22.17,1.294,14,6,0,False,False,False,False,4.8,True,True,train,exercise day,1
2000-01-09 14:30:00,1,5.6,synthetic,False,0.0,0.0,0.0,0.0,1.0,0.0,0.0,0.1078,0.0,0.0,0.0,57.9,2.0,False,19.0,0.0,,22.25,1.294,14,6,0,False,False,False,False,5.0,True,True,train,exercise day,1
2000-01-09 14:35:00,1,5.5,synthetic,False,0.0,0.0,0.0,0.0,1.0,0.0,0.0,0.1078,0.0,0.0,0.0,61.6,2.0,False,20.0,0.0,,22.33,1.294,14,6,0,False,False,False,False,5.6,True,True,train,exercise day,1
2000-01-09 14:40:00,1,4.9,synthetic,False,0.0,0.0,0.0,0.0,1.0,0.0,0.0,0.1078,0.0,0.0,0.0,51.3,2.0,False,31.0,0.0,,22.42,1.294,14,6,0,False,False,False,False,5.4,True,True,train,exercise day,1
2000-01-09 14:45:00,1,5.1,synthetic,False,0.0,0.0,0.0,1.0,0.0,0.0,0.0,0.0,0.0,0.0,0.0,47.7,2.0,False,23.0,0.0,,22.5,1.294,14,6,0,False,False,False,False,4.9,True,True,train,exercise day,1
2000-01-09 14:50:00,1,4.8,synthetic,False,0.0,0.0,0.0,1.0,0.0,0.0,0.0,0.0,0.0,0.0,0.0,,,True,27.0,0.0,,22.58,1.188,14,6,0,False,False,False,False,5.3,True,True,train,exercise day,1
2000-01-09 14:55:00,1,4.8,synthetic,False,0.0,0.0,0.0,1.0,0.0,0.0,0.0,0.0,0.0,0.0,0.0,48.9,1.0,False,16.0,0.0,,22.67,1.087,14,6,0,False,False,False,False,5.0,True,True,train,exercise day,1
2000-01-09 15:00:00,1,5.0,synthetic,False,0.0,0.0,0.0,1.0,0.0,0.0,0.0,0.0,0.0,0.0,0.0,62.0,1.0,False,19.0,0.0,,22.75,0.99,15,6,0,False,False,False,False,5.1,True,True,train,exercise day,1
2000-01-09 15:05:00,1,5.6,synthetic,False,0.0,0.0,0.0,1.0,0.0,0.0,0.0,0.0,0.0,0.0,0.0,60.8,5.0,False,25.0,0.0,,22.83,0.898,15,6,0,False,False,False,False,4.8,True,True,train,exercise day,1
2000-01-09 15:10:00,1,5.4,synthetic,False,0.0,0.0,0.0,1.0,0.0,0.0,0.0,0.0,0.0,0.0,0.0,40.6,3.0,False,14.0,0.0,,22.92,0.811,15,6,0,False,False,False,False,4.2,True,True,train,exercise day,1
2000-01-09 15:15:00,1,4.9,synthetic,False,0.0,0.0,0.0,1.0,0.0,0.0,0.0,0.0,0.0,0.0,0.0,,,True,21.0,0.0,,23.0,0.728,15,6,0,False,False,False,False,4.8,True,True,train,exercise day,1
2000-01-09 15:20:00,1,5.3,synthetic,False,0.0,0.0,0.0,1.0,0.0,0.0,0.0,0.0,0.0,0.0,0.0,,,True,19.0,0.0,,23.08,0.649,15,6,0,False,False,False,False,4.2,True,True,train,exercise day,1
2000-01-09 15:25:00,1,5.0,synthetic,False,0.0,0.0,0.0,1.0,0.0,0.0,0.0,0.0,0.0,0.0,0.0,,,True,24.0,0.0,,23.17,0.575,15,6,0,False,False,False,False,4.3,True,True,train,exercise day,1
2000-01-09 15:30:00,1,5.1,synthetic,False,0.0,0.0,0.0,1.0,0.0,0.0,0.0,0.0,0.0,0.0,0.0,58.4,2.0,False,24.0,0.0,,23.25,0.505,15,6,0,False,False,False,False,3.9,True,True,train,exercise day,1
2000-01-09 15:35:00,1,4.8,synthetic,False,0.0,0.0,0.0,1.0,0.0,0.0,0.0,0.0,0.0,0.0,0.0,50.3,2.0,False,27.0,0.0,,23.33,0.44,15,6,0,False,False,False,False,3.9,True,True,train,exercise day,1
2000-01-09 15:40:00,1,4.2,synthetic,False,0.0,0.0,0.0,1.0,0.0,0.0,0.0,0.0,0.0,0.0,0.0,,,True,22.0,0.0,,23.42,0.38,15,6,0,False,False,False,False,4.4,True,True,train,exercise day,1
2000-01-09 15:45:00,1,4.8,synthetic,False,0.0,0.0,0.0,1.0,0.0,0.0,0.0,0.0,0.0,0.0,0.0,,,True,23.0,0.0,,23.5,0.323,15,6,0,False,False,False,False,4.1,True,True,train,exercise day,1
2000-01-09 15:50:00,1,4.2,synthetic,False,0.0,0.0,0.0,1.0,0.0,0.0,0.0,0.0,0.0,0.0,0.0,58.5,2.0,False,23.0,0.0,,23.58,0.272,15,6,0,False,False,False,False,4.7,True,True,train,exercise day,1
2000-01-09 15:55:00,1,4.3,synthetic,False,0.0,0.0,0.0,1.0,0.0,0.0,0.0,0.0,0.0,0.0,0.0,,,True,21.0,0.0,,23.67,0.225,15,6,0,False,False,False,False,4.4,True,True,train,exercise day,1
2000-01-09 16:00:00,1,3.9,synthetic,False,0.0,0.0,0.0,1.0,0.0,0.0,0.0,0.0,0.0,0.0,0.0,,,True,23.0,0.0,,23.75,0.182,16,6,0,False,False,False,False,4.5,True,True,train,exercise day,1
2000-01-09 16:05:00,1,3.9,synthetic,False,0.0,0.0,0.0,1.0,0.0,0.0,0.0,0.0,0.0,0.0,0.0,56.5,5.0,False,23.0,0.0,,23.83,0.144,16,6,0,False,False,False,False,4.4,True,True,train,exercise day,1
2000-01-09 16:10:00,1,4.4,synthetic,False,0.0,0.0,0.0,1.0,0.0,0.0,0.0,0.0,0.0,0.0,0.0,44.4,3.0,False,21.0,0.0,,23.92,0.11,16,6,0,False,False,False,False,5.2,True,True,train,exercise day,1
2000-01-09 16:15:00,1,4.1,synthetic,False,0.0,0.0,0.0,1.0,0.0,0.0,0.0,0.0,0.0,0.0,0.0,,,True,24.0,0.0,,24.0,0.081,16,6,0,False,False,False,False,5.9,True,True,train,exercise day,1
2000-01-09 16:20:00,1,4.7,synthetic,False,0.0,0.0,0.0,0.0,1.0,0.0,0.0,0.1078,0.0,0.0,0.0,57.6,5.0,False,20.0,0.0,,24.08,0.056,16,6,0,False,False,False,False,5.2,True,True,train,exercise day,1
2000-01-09 16:25:00,1,4.4,synthetic,False,0.0,0.0,0.0,0.0,1.0,0.0,0.0,0.1078,0.0,0.0,0.0,71.0,5.0,False,30.0,0.0,,24.17,0.141,16,6,0,False,False,False,False,5.4,True,True,train,exercise day,1
2000-01-09 16:30:00,1,4.5,synthetic,False,0.0,0.0,0.0,0.0,1.0,0.0,0.0,0.1078,0.0,0.0,0.0,70.8,4.0,False,20.0,0.0,,24.25,0.227,16,6,0,False,False,False,False,3.7,True,True,train,exercise day,1
2000-01-09 16:35:00,1,4.4,synthetic,False,4.44,41.4,4.441,0.0,1.0,0.0,0.0,0.1078,0.0,0.0,0.0,52.6,4.0,False,13.0,0.0,,24.33,0.312,16,6,0,False,False,False,False,3.6,True,True,train,exercise day,1
2000-01-09 16:40:00,1,5.2,synthetic,False,0.0,0.0,4.256,0.0,1.0,0.0,0.0,0.1078,0.0,0.0,0.0,,,True,246.0,0.0,,24.42,0.398,16,6,0,False,False,False,False,3.3,True,True,train,exercise day,1
2000-01-09 16:45:00,1,5.9,synthetic,False,0.0,0.0,4.071,0.0,1.0,0.0,0.0,0.1078,0.0,0.0,0.0,66.6,5.0,False,225.0,0.0,,24.5,0.483,16,6,0,False,False,False,False,4.0,True,True,train,exercise day,1
2000-01-09 16:50:00,1,5.2,synthetic,False,0.0,0.0,3.886,0.0,1.0,0.0,0.0,0.1078,0.0,0.0,0.0,45.5,3.0,False,243.0,0.0,,24.58,0.566,16,6,0,False,False,False,False,4.4,True,True,train,exercise day,1
2000-01-09 16:55:00,1,5.4,synthetic,False,0.0,0.0,3.701,0.0,1.0,0.0,0.0,0.1078,0.0,0.0,0.0,43.3,5.0,False,210.0,0.0,,24.67,0.645,16,6,0,False,False,False,False,4.4,True,True,train,exercise day,1
2000-01-09 17:00:00,1,3.7,synthetic,False,0.0,0.0,3.516,0.0,1.0,0.0,0.0,0.1078,0.0,0.0,0.0,108.4,5.0,False,253.0,5.0,gym,24.75,0.719,17,6,0,False,False,False,False,5.2,True,True,train,exercise day,1
2000-01-09 17:05:00,1,3.6,synthetic,False,0.0,0.0,3.331,0.0,1.0,0.0,0.0,0.1078,0.0,0.0,0.0,109.3,2.0,False,270.0,5.0,gym,24.83,0.788,17,6,0,False,False,False,False,5.7,True,True,train,exercise day,1
2000-01-09 17:10:00,1,3.3,synthetic,False,0.0,0.0,3.146,1.0,0.0,0.0,0.0,0.0,0.0,0.0,0.0,111.9,3.0,False,236.0,5.0,gym,24.92,0.853,17,6,0,False,False,False,False,5.3,True,True,train,exercise day,1
2000-01-09 17:15:00,1,4.0,synthetic,False,0.0,0.0,2.961,1.0,0.0,0.0,0.0,0.0,0.0,0.0,0.0,88.3,2.0,False,250.0,5.0,gym,25.0,0.809,17,6,0,False,False,False,False,5.9,True,True,train,exercise day,1
2000-01-09 17:20:00,1,4.4,synthetic,False,0.0,0.0,2.776,1.0,0.0,0.0,0.0,0.0,0.0,0.0,0.0,117.0,4.0,False,261.0,5.0,gym,25.08,0.764,17,6,0,False,False,False,False,6.1,True,True,train,exercise day,1
2000-01-09 17:25:00,1,4.4,synthetic,False,0.0,0.0,2.591,1.0,0.0,0.0,0.0,0.0,0.0,0.0,0.0,116.7,4.0,False,259.0,5.0,gym,25.17,0.719,17,6,0,False,False,False,False,5.7,True,True,train,exercise day,1
2000-01-09 17:30:00,1,5.2,synthetic,False,0.0,0.0,2.406,1.0,0.0,0.0,0.0,0.0,0.0,0.0,0.0,121.2,5.0,False,267.0,5.0,gym,25.25,0.674,17,6,0,False,False,False,False,5.4,True,True,train,exercise day,1
2000-01-09 17:35:00,1,5.7,synthetic,False,0.0,0.0,2.221,1.0,0.0,0.0,0.0,0.0,0.0,0.0,0.0,117.3,3.0,False,234.0,5.0,gym,25.33,0.629,17,6,0,False,False,False,False,5.1,True,True,train,exercise day,1
2000-01-09 17:40:00,1,5.3,synthetic,False,0.0,0.0,2.036,1.0,0.0,0.0,0.0,0.0,0.0,0.0,0.0,96.4,5.0,False,288.0,5.0,gym,25.42,0.584,17,6,0,False,False,False,False,5.3,True,True,train,exercise day,1
2000-01-09 17:45:00,1,5.9,synthetic,False,0.0,0.0,1.851,1.0,0.0,0.0,0.0,0.0,0.0,0.0,0.0,108.2,5.0,False,255.0,5.0,gym,25.5,0.539,17,6,0,False,False,False,False,5.8,True,True,train,exercise day,1
2000-01-09 17:50:00,1,6.1,synthetic,False,0.0,0.0,1.666,1.0,0.0,0.0,0.0,0.0,0.0,0.0,0.0,108.0,5.0,False,248.0,5.0,gym,25.58,0.494,17,6,0,False,False,False,False,5.4,True,True,train,exercise day,1
2000-01-09 17:55:00,1,5.7,synthetic,False,0.0,0.0,1.48,1.0,0.0,0.0,0.0,0.0,0.0,0.0,0.0,95.9,1.0,False,234.0,5.0,gym,25.67,0.449,17,6,0,False,False,False,False,5.6,True,True,train,exercise day,1
2000-01-09 18:00:00,1,5.4,synthetic,False,0.0,0.0,1.295,1.0,0.0,0.0,0.0,0.0,0.0,0.0,0.0,113.5,1.0,False,224.0,5.0,gym,25.75,0.404,18,6,0,False,False,False,False,5.3,True,True,train,exercise day,1
2000-01-09 18:05:00,1,5.1,synthetic,False,0.0,0.0,1.11,1.0,0.0,0.0,0.0,0.0,0.0,0.0,0.0,85.0,5.0,False,252.0,5.0,gym,25.83,0.359,18,6,0,False,False,False,False,5.5,True,True,train,exercise day,1
2000-01-09 18:10:00,1,5.3,synthetic,False,4.28,25.7,5.21,1.0,0.0,0.0,0.0,0.0,0.0,0.0,0.0,103.4,4.0,False,264.0,5.0,gym,25.92,0.314,18,6,0,False,False,False,False,5.7,True,True,train,exercise day,1
2000-01-09 18:15:00,1,5.8,synthetic,False,0.0,0.0,4.846,1.0,0.0,0.0,0.0,0.0,0.0,0.0,0.0,111.5,3.0,False,265.0,5.0,gym,26.0,0.27,18,6,0,False,False,False,False,5.9,True,True,train,exercise day,1
2000-01-09 18:20:00,1,5.4,synthetic,False,0.0,0.0,4.483,1.0,0.0,0.0,0.0,0.0,0.0,0.0,0.0,101.6,4.0,False,260.0,5.0,gym,26.08,0.225,18,6,0,False,False,False,False,6.1,True,True,train,exercise day,1
2000-01-09 18:25:00,1,5.6,synthetic,False,0.0,0.0,4.119,1.0,0.0,0.0,0.0,0.0,0.0,0.0,0.0,92.8,4.0,False,255.0,5.0,gym,26.17,0.182,18,6,0,False,False,False,False,5.7,True,True,train,exercise day,1
2000-01-09 18:30:00,1,5.3,synthetic,False,0.0,0.0,3.756,1.0,0.0,0.0,0.0,0.0,0.0,0.0,0.0,,,True,20.0,0.0,,0.0,0.144,18,6,0,False,False,False,False,6.5,True,True,train,exercise day,1
2000-01-09 18:35:00,1,5.5,synthetic,False,0.0,0.0,3.392,1.0,0.0,0.0,0.0,0.0,0.0,0.0,0.0,66.5,3.0,False,25.0,0.0,,0.08,0.11,18,6,0,False,False,False,False,6.3,True,True,train,exercise day,1
2000-01-09 18:40:00,1,5.7,synthetic,False,0.0,0.0,3.214,1.0,0.0,0.0,0.0,0.0,0.0,0.0,0.0,70.8,5.0,False,23.0,0.0,,0.17,0.081,18,6,0,False,False,False,False,6.5,True,True,train,exercise day,1
2000-01-09 18:45:00,1,5.9,synthetic,False,0.0,0.0,3.035,1.0,0.0,0.0,0.0,0.0,0.0,0.0,0.0,,,True,18.0,0.0,,0.25,0.056,18,6,0,False,False,False,False,5.9,True,True,train,exercise day,1
2000-01-09 18:50:00,1,6.1,synthetic,False,0.0,0.0,2.856,0.0,1.0,0.0,0.0,0.1078,0.0,0.0,0.0,64.9,2.0,False,19.0,0.0,,0.33,0.036,18,6,0,False,False,False,False,6.1,True,True,train,exercise day,1
2000-01-09 18:55:00,1,5.7,synthetic,False,0.0,0.0,2.678,0.0,1.0,0.0,0.0,0.1078,0.0,0.0,0.0,,,True,17.0,0.0,,0.42,0.126,18,6,0,False,False,False,False,5.9,True,True,train,exercise day,1
2000-01-09 19:00:00,1,6.5,synthetic,False,0.0,0.0,2.499,0.0,1.0,0.0,0.0,0.1078,0.0,0.0,0.0,60.0,3.0,False,19.0,0.0,,0.5,0.216,19,6,0,False,False,False,False,5.6,True,True,train,exercise day,1
2000-01-09 19:05:00,1,6.3,synthetic,False,0.0,0.0,2.321,0.0,1.0,0.0,0.0,0.1078,0.0,0.0,0.0,69.4,1.0,False,23.0,0.0,,0.58,0.305,19,6,0,False,False,False,False,5.8,True,True,train,exercise day,1
2000-01-09 19:10:00,1,6.5,synthetic,False,0.0,0.0,2.142,0.0,1.0,0.0,0.0,0.1078,0.0,0.0,0.0,55.7,1.0,False,23.0,0.0,,0.67,0.395,19,6,0,False,False,False,False,6.2,True,True,train,exercise day,1
2000-01-09 19:15:00,1,5.9,synthetic,False,0.0,0.0,1.964,0.0,1.0,0.0,0.0,0.1078,0.0,0.0,0.0,58.2,5.0,False,27.0,0.0,,0.75,0.483,19,6,0,False,False,False,False,6.9,True,True,train,exercise day,1
2000-01-09 19:20:00,1,6.1,synthetic,False,0.0,0.0,1.785,0.0,0.565,0.0,0.435,0.0609,0.0,0.0,0.0,65.5,4.0,False,18.0,0.0,,0.83,0.566,19,6,0,False,False,True,False,6.3,True,False,train,exercise day,1
2000-01-09 19:25:00,1,5.9,synthetic,False,0.0,0.0,1.607,0.0,1.0,0.0,0.0,0.1078,0.0,0.0,0.0,,,True,24.0,0.0,,0.92,0.599,19,6,0,False,False,False,False,7.0,True,True,train,exercise day,1
2000-01-09 19:30:00,1,5.6,synthetic,False,0.0,0.0,1.428,0.0,1.0,0.0,0.0,0.1078,0.0,0.0,0.0,68.8,5.0,False,25.0,0.0,,1.0,0.675,19,6,0,False,False,False,False,6.7,True,True,train,exercise day,1
2000-01-09 19:35:00,1,5.8,synthetic,False,0.0,0.0,1.25,0.0,1.0,0.0,0.0,0.1078,0.0,0.0,0.0,60.1,1.0,False,20.0,0.0,,1.08,0.746,19,6,0,False,False,False,False,6.2,True,True,train,exercise day,1
2000-01-09 19:40:00,1,6.2,synthetic,False,0.0,0.0,1.071,0.0,1.0,0.0,0.0,0.1078,0.0,0.0,0.0,51.1,4.0,False,25.0,0.0,,1.17,0.813,19,6,0,False,False,False,False,5.8,True,True,train,exercise day,1
2000-01-09 19:45:00,1,6.9,synthetic,False,0.0,0.0,0.893,0.0,1.0,0.0,0.0,0.1078,0.0,0.0,0.0,,,True,34.0,0.0,,1.25,0.876,19,6,0,False,False,False,False,5.6,True,True,train,exercise day,1
2000-01-09 19:50:00,1,6.3,synthetic,False,0.0,0.0,0.714,0.0,1.0,0.0,0.0,0.1078,0.0,0.0,0.0,60.7,2.0,False,20.0,0.0,,1.33,0.934,19,6,0,False,False,False,False,4.9,True,True,train,exercise day,1
2000-01-09 19:55:00,1,7.0,synthetic,False,0.0,0.0,0.536,0.0,1.0,0.0,0.0,0.1078,0.0,0.0,0.0,62.4,2.0,False,18.0,0.0,,1.42,0.988,19,6,0,False,False,False,False,4.3,True,True,train,exercise day,1
2000-01-09 20:00:00,1,6.7,synthetic,False,0.0,0.0,0.357,0.0,1.0,0.0,0.0,0.1078,0.0,0.0,0.0,,,True,27.0,0.0,,1.5,1.037,20,6,0,False,False,False,False,6.3,True,True,train,exercise day,1
2000-01-09 20:05:00,1,6.2,synthetic,False,0.0,0.0,0.179,0.0,1.0,0.0,0.0,0.1078,0.0,0.0,0.0,80.8,4.0,False,25.0,0.0,,1.58,1.081,20,6,0,False,False,False,False,6.5,True,True,train,exercise day,1
2000-01-09 20:10:00,1,5.8,synthetic,False,0.0,0.0,0.0,0.0,1.0,0.0,0.0,0.1078,0.0,0.0,0.0,66.0,5.0,False,24.0,0.0,,1.67,1.122,20,6,0,False,False,False,False,6.9,True,True,train,exercise day,1
2000-01-09 20:15:00,1,5.6,synthetic,False,0.0,0.0,0.0,0.0,1.0,0.0,0.0,0.1078,0.0,0.0,0.0,,,True,27.0,0.0,,1.75,1.157,20,6,0,False,False,False,False,7.7,True,True,train,exercise day,1
2000-01-09 20:20:00,1,4.9,synthetic,False,0.0,0.0,0.0,0.0,1.0,0.0,0.0,0.1078,0.0,0.0,0.0,59.7,2.0,False,28.0,0.0,,1.83,1.188,20,6,0,False,False,False,False,8.5,True,True,train,exercise day,1
2000-01-09 20:25:00,1,4.3,synthetic,False,3.49,43.0,3.485,0.0,1.0,0.0,0.0,0.1078,0.0,0.0,0.0,,,True,24.0,0.0,,1.92,1.215,20,6,0,False,False,False,False,9.5,True,True,train,exercise day,1
2000-01-09 20:30:00,1,6.3,synthetic,False,0.0,0.0,3.34,0.0,1.0,0.0,0.0,0.1078,0.0,0.0,0.0,65.6,3.0,False,24.0,0.0,,2.0,1.237,20,6,0,False,False,False,False,10.9,True,True,train,exercise day,1
2000-01-09 20:35:00,1,6.5,synthetic,False,0.0,0.0,3.195,0.0,1.0,0.0,0.0,0.1078,0.0,0.0,0.0,,,True,21.0,0.0,,2.08,1.255,20,6,0,False,False,False,False,11.8,True,True,train,exercise day,1
2000-01-09 20:40:00,1,6.9,synthetic,False,1.77,39.8,4.817,0.0,1.0,0.0,0.0,0.1078,0.0,0.0,0.0,64.3,3.0,False,20.0,0.0,,2.17,1.268,20,6,0,False,False,False,False,12.9,True,True,train,exercise day,1
2000-01-09 20:45:00,1,7.7,synthetic,False,0.0,0.0,4.598,0.0,1.0,0.0,0.0,0.1078,0.0,0.0,0.0,,,True,19.0,0.0,,2.25,1.277,20,6,0,False,False,False,False,,True,False,train,exercise day,1
2000-01-09 20:50:00,1,8.5,synthetic,False,0.0,0.0,4.379,0.0,1.0,0.0,0.0,0.1078,0.0,0.0,0.0,85.5,3.0,False,22.0,0.0,,2.33,1.281,20,6,0,False,False,False,False,14.5,True,True,train,exercise day,1
2000-01-09 20:55:00,1,9.5,synthetic,False,0.0,0.0,4.16,0.0,1.0,0.0,0.0,0.1078,0.0,0.0,0.0,63.2,2.0,False,31.0,0.0,,2.42,1.283,20,6,0,False,False,False,False,15.3,True,True,train,exercise day,1
2000-01-09 21:00:00,1,10.9,synthetic,False,0.0,0.0,3.942,0.0,1.0,0.0,0.0,0.1078,0.0,0.0,0.0,59.4,2.0,False,30.0,0.0,,2.5,1.285,21,6,0,False,False,False,False,15.4,True,True,train,exercise day,1
2000-01-09 21:05:00,1,11.8,synthetic,False,0.0,0.0,3.723,0.0,1.0,0.0,0.0,0.1078,0.0,0.0,0.0,,,True,22.0,0.0,,2.58,1.287,21,6,0,False,False,False,False,15.9,True,True,train,exercise day,1
2000-01-09 21:10:00,1,12.9,synthetic,False,0.0,0.0,3.504,0.0,1.0,0.0,0.0,0.1078,0.0,0.0,0.0,,,True,28.0,0.0,,2.67,1.289,21,6,0,False,False,False,False,16.1,True,True,train,exercise day,1
2000-01-09 21:15:00,1,,,False,0.0,0.0,3.285,0.0,1.0,0.0,0.0,0.1078,0.0,0.0,0.0,,,True,21.0,0.0,,2.75,1.291,21,6,0,False,False,False,True,15.9,False,False,train,exercise day,1
2000-01-09 21:20:00,1,14.5,synthetic,False,0.0,0.0,3.066,0.0,1.0,0.0,0.0,0.1078,0.0,0.0,0.0,52.5,5.0,False,24.0,0.0,,2.83,1.293,21,6,0,False,False,False,False,15.9,False,False,train,exercise day,1
2000-01-09 21:25:00,1,15.3,synthetic,False,0.0,0.0,2.847,0.0,1.0,0.0,0.0,0.1078,0.0,0.0,0.0,,,True,18.0,0.0,,2.92,1.294,21,6,0,False,False,False,False,15.9,False,False,train,exercise day,1
2000-01-09 21:30:00,1,15.4,synthetic,False,0.0,0.0,2.628,0.0,1.0,0.0,0.0,0.1078,0.0,0.0,0.0,,,True,31.0,0.0,,3.0,1.294,21,6,0,False,False,False,False,15.7,False,False,train,exercise day,1
2000-01-09 21:35:00,1,15.9,synthetic,False,0.0,0.0,2.41,0.0,1.0,0.0,0.0,0.1078,0.0,0.0,0.0,,,True,27.0,0.0,,3.08,1.294,21,6,0,False,False,False,False,,False,False,train,exercise day,1
2000-01-09 21:40:00,1,16.1,synthetic,False,0.0,0.0,2.191,0.0,1.0,0.0,0.0,0.1078,0.0,0.0,0.0,58.3,2.0,False,26.0,0.0,,3.17,1.294,21,6,0,False,False,False,False,15.0,False,False,train,exercise day,1
2000-01-09 21:45:00,1,15.9,synthetic,False,0.0,0.0,1.972,0.0,1.0,0.0,0.0,0.1078,0.0,0.0,0.0,57.0,4.0,False,25.0,0.0,,3.25,1.294,21,6,0,False,False,False,False,14.8,False,False,train,exercise day,1
2000-01-09 21:50:00,1,15.9,synthetic,False,0.0,0.0,1.753,0.0,1.0,0.0,0.0,0.1078,0.0,0.0,0.0,49.2,4.0,False,23.0,0.0,,3.33,1.294,21,6,0,False,False,False,False,13.9,False,False,train,exercise day,1
2000-01-09 21:55:00,1,15.9,synthetic,False,0.0,0.0,1.534,0.0,1.0,0.0,0.0,0.1078,0.0,0.0,0.0,74.8,2.0,False,29.0,0.0,,3.42,1.294,21,6,0,False,False,False,False,12.5,False,False,train,exercise day,1
2000-01-09 22:00:00,1,15.7,synthetic,False,0.0,0.0,1.315,0.0,1.0,0.0,0.0,0.1078,0.0,0.0,0.0,,,True,24.0,0.0,,3.5,1.294,22,6,0,False,False,False,False,12.7,False,False,train,exercise day,1
2000-01-09 22:05:00,1,,,False,0.0,0.0,1.096,0.0,1.0,0.0,0.0,0.1078,0.0,0.0,0.0,61.9,4.0,False,25.0,0.0,,3.58,1.294,22,6,0,False,False,False,True,12.1,False,False,train,exercise day,1
2000-01-09 22:10:00,1,15.0,synthetic,False,0.0,0.0,0.878,0.0,1.0,0.0,0.0,0.1078,0.0,0.0,0.0,,,True,35.0,0.0,,3.67,1.294,22,6,0,False,False,False,False,12.1,False,False,train,exercise day,1
2000-01-09 22:15:00,1,14.8,synthetic,False,0.0,0.0,0.659,0.0,1.0,0.0,0.0,0.1078,0.0,0.0,0.0,,,True,31.0,0.0,,3.75,1.294,22,6,0,False,False,False,False,12.2,False,False,train,exercise day,1
2000-01-09 22:20:00,1,13.9,synthetic,False,0.0,0.0,0.44,0.0,1.0,0.0,0.0,0.1078,0.0,0.0,0.0,61.2,5.0,False,23.0,0.0,,3.83,1.294,22,6,0,False,False,False,False,12.2,False,False,train,exercise day,1
2000-01-09 22:25:00,1,12.5,synthetic,False,0.0,0.0,0.221,0.0,1.0,0.0,0.0,0.1078,0.0,0.0,0.0,73.9,2.0,False,33.0,0.0,,3.92,1.294,22,6,0,False,False,False,False,11.9,False,False,train,exercise day,1
2000-01-09 22:30:00,1,12.7,synthetic,False,3.38,16.1,3.532,0.0,1.0,0.0,0.0,0.1078,0.0,0.0,0.0,64.9,1.0,False,23.0,0.0,,4.0,1.294,22,6,0,False,False,False,False,11.4,False,False,train,exercise day,1
2000-01-09 22:35:00,1,12.1,synthetic,False,0.0,0.0,3.317,0.0,1.0,0.0,0.0,0.1078,0.0,0.0,0.0,65.5,1.0,False,15.0,0.0,,4.08,1.294,22,6,0,False,False,False,False,11.0,False,False,train,exercise day,1
2000-01-09 22:40:00,1,12.1,synthetic,False,0.0,0.0,3.102,0.0,1.0,0.0,0.0,0.1078,0.0,0.0,0.0,64.0,3.0,False,24.0,0.0,,4.17,1.294,22,6,0,False,False,False,False,10.8,False,False,train,exercise day,1
2000-01-09 22:45:00,1,12.2,synthetic,False,0.0,0.0,2.961,0.0,1.0,0.0,0.0,0.1078,0.0,0.0,0.0,,,True,26.0,0.0,,4.25,1.294,22,6,0,False,False,False,False,10.3,False,False,train,exercise day,1
2000-01-09 22:50:00,1,12.2,synthetic,False,0.0,0.0,2.82,0.0,1.0,0.0,0.0,0.1078,0.0,0.0,0.0,60.5,4.0,False,20.0,0.0,,4.33,1.294,22,6,0,False,False,False,False,9.3,False,False,train,exercise day,1
2000-01-09 22:55:00,1,11.9,synthetic,False,0.0,0.0,2.679,0.0,1.0,0.0,0.0,0.1078,0.0,0.0,0.0,,,True,26.0,0.0,,4.42,1.294,22,6,0,False,False,False,False,9.2,False,False,train,exercise day,1
2000-01-09 23:00:00,1,11.4,synthetic,False,0.0,0.0,2.538,0.0,1.0,0.0,0.0,0.1078,0.0,0.0,0.0,59.2,5.0,False,0.0,0.0,,4.5,1.294,23,6,0,False,False,False,False,9.3,False,False,train,exercise day,1
2000-01-09 23:05:00,1,11.0,synthetic,False,0.0,0.0,2.397,0.0,1.0,0.0,0.0,0.1078,0.0,0.0,0.0,,,True,1.0,0.0,,4.58,1.294,23,6,0,False,False,False,False,9.3,True,True,train,exercise day,1
2000-01-09 23:10:00,1,10.8,synthetic,False,0.0,0.0,2.256,0.0,1.0,0.0,0.0,0.1078,0.0,0.0,0.0,65.0,3.0,False,0.0,0.0,,4.67,1.294,23,6,0,False,False,False,False,8.9,True,True,train,exercise day,1
2000-01-09 23:15:00,1,10.3,synthetic,False,0.0,0.0,2.115,0.0,1.0,0.0,0.0,0.1078,0.0,0.0,0.0,,,True,3.0,0.0,,4.75,1.294,23,6,0,False,False,False,False,8.1,True,True,train,exercise day,1
2000-01-09 23:20:00,1,9.3,synthetic,False,0.0,0.0,1.974,0.0,1.0,0.0,0.0,0.1078,0.0,0.0,0.0,67.6,1.0,False,2.0,0.0,,4.83,1.294,23,6,0,False,False,False,False,8.2,True,True,train,exercise day,1
2000-01-09 23:25:00,1,9.2,synthetic,False,0.0,0.0,1.833,0.0,1.0,0.0,0.0,0.1078,0.0,0.0,0.0,51.6,1.0,False,0.0,0.0,,4.92,1.294,23,6,0,False,False,False,False,8.8,True,True,train,exercise day,1
2000-01-09 23:30:00,1,9.3,synthetic,False,0.0,0.0,1.692,0.0,1.0,0.0,0.0,0.1078,0.0,0.0,0.0,,,True,2.0,0.0,,5.0,1.294,23,6,0,False,False,False,False,8.7,True,True,train,exercise day,1
2000-01-09 23:35:00,1,9.3,synthetic,False,0.0,0.0,1.551,0.0,1.0,0.0,0.0,0.1078,0.0,0.0,0.0,,,True,0.0,0.0,,5.08,1.294,23,6,0,False,False,False,False,8.2,True,True,train,exercise day,1
2000-01-09 23:40:00,1,8.9,synthetic,False,0.0,0.0,1.41,0.0,1.0,0.0,0.0,0.1078,0.0,0.0,0.0,,,True,1.0,0.0,,5.17,1.294,23,6,0,False,False,False,False,7.4,True,True,train,exercise day,1
2000-01-09 23:45:00,1,8.1,synthetic,False,0.0,0.0,1.269,0.0,1.0,0.0,0.0,0.1078,0.0,0.0,0.0,,,True,2.0,0.0,,5.25,1.294,23,6,0,False,False,False,False,6.9,True,True,train,exercise day,1
2000-01-09 23:50:00,1,8.2,synthetic,False,0.0,0.0,1.128,0.0,1.0,0.0,0.0,0.1078,0.0,0.0,0.0,,,True,0.0,0.0,,5.33,1.294,23,6,0,False,False,False,False,6.8,True,True,train,exercise day,1
2000-01-09 23:55:00,1,8.8,synthetic,False,0.0,0.0,0.987,0.0,1.0,0.0,0.0,0.1078,0.0,0.0,0.0,,,True,1.0,0.0,,5.42,1.294,23,6,0,False,False,False,False,6.3,True,True,train,exercise day,1
2000-01-10 00:00:00,1,8.7,synthetic,False,0.0,0.0,0.846,0.0,1.0,0.0,0.0,0.1078,0.0,0.0,0.0,74.2,3.0,False,0.0,0.0,,5.5,1.294,0,0,0,False,False,False,False,6.8,True,True,train,day after,1
2000-01-10 00:05:00,1,8.2,synthetic,False,0.0,0.0,0.705,0.0,1.0,0.0,0.0,0.1078,0.0,0.0,0.0,56.8,1.0,False,2.0,0.0,,5.58,1.294,0,0,0,False,False,False,False,6.7,True,True,train,day after,1
2000-01-10 00:10:00,1,7.4,synthetic,False,0.0,0.0,0.564,0.0,1.0,0.0,0.0,0.1078,0.0,0.0,0.0,61.8,4.0,False,0.0,0.0,,5.67,1.294,0,0,0,False,False,False,False,6.4,True,True,train,day after,1
2000-01-10 00:15:00,1,6.9,synthetic,False,0.0,0.0,0.423,0.0,1.0,0.0,0.0,0.1078,0.0,0.0,0.0,70.7,3.0,False,0.0,0.0,,5.75,1.294,0,0,0,False,False,False,False,6.4,True,True,train,day after,1
2000-01-10 00:20:00,1,6.8,synthetic,False,0.0,0.0,0.282,0.0,1.0,0.0,0.0,0.1078,0.0,0.0,0.0,,,True,0.0,0.0,,5.83,1.294,0,0,0,False,False,False,False,6.6,True,True,train,day after,1
2000-01-10 00:25:00,1,6.3,synthetic,False,0.0,0.0,0.141,0.0,1.0,0.0,0.0,0.1078,0.0,0.0,0.0,62.5,3.0,False,1.0,0.0,,5.92,1.294,0,0,0,False,False,False,False,6.8,True,True,train,day after,1
2000-01-10 00:30:00,1,6.8,synthetic,False,0.0,0.0,0.0,0.0,0.0,1.0,0.0,0.0833,0.0,0.0,0.0,65.5,5.0,False,1.0,0.0,,6.0,1.294,0,0,0,False,False,False,False,6.8,True,True,train,day after,1
2000-01-10 00:35:00,1,6.7,synthetic,False,0.0,0.0,0.0,0.0,1.0,0.0,0.0,0.1078,0.0,0.0,0.0,,,True,1.0,0.0,,6.08,1.27,0,0,0,False,False,False,False,7.4,True,True,train,day after,1
2000-01-10 00:40:00,1,6.4,synthetic,False,0.0,0.0,0.0,0.0,1.0,0.0,0.0,0.1078,0.0,0.0,0.0,42.4,4.0,False,3.0,0.0,,6.17,1.271,0,0,0,False,False,False,False,7.7,True,True,train,day after,1
2000-01-10 00:45:00,1,6.4,synthetic,False,0.0,0.0,0.0,0.0,1.0,0.0,0.0,0.1078,0.0,0.0,0.0,50.1,4.0,False,0.0,0.0,,6.25,1.272,0,0,0,False,False,False,False,7.6,True,True,train,day after,1
2000-01-10 00:50:00,1,6.6,synthetic,False,0.0,0.0,0.0,0.0,1.0,0.0,0.0,0.1078,0.0,0.0,0.0,,,True,0.0,0.0,,6.33,1.273,0,0,0,False,False,False,False,7.6,True,True,train,day after,1
2000-01-10 00:55:00,1,6.8,synthetic,False,0.0,0.0,0.0,0.0,1.0,0.0,0.0,0.1078,0.0,0.0,0.0,,,True,0.0,0.0,,6.42,1.274,0,0,0,False,False,False,False,7.0,True,True,train,day after,1
2000-01-10 01:00:00,1,6.8,synthetic,False,0.0,0.0,0.0,0.0,1.0,0.0,0.0,0.1078,0.0,0.0,0.0,58.8,3.0,False,5.0,0.0,,6.5,1.275,1,0,0,False,False,False,False,6.7,True,True,train,day after,1
2000-01-10 01:05:00,1,7.4,synthetic,False,0.0,0.0,0.0,0.0,1.0,0.0,0.0,0.1078,0.0,0.0,0.0,,,True,3.0,0.0,,6.58,1.276,1,0,0,False,False,False,False,7.1,True,True,train,day after,1
2000-01-10 01:10:00,1,7.7,synthetic,False,0.0,0.0,0.0,0.0,1.0,0.0,0.0,0.1078,0.0,0.0,0.0,,,True,2.0,0.0,,6.67,1.277,1,0,0,False,False,False,False,6.9,True,True,train,day after,1
2000-01-10 01:15:00,1,7.6,synthetic,False,0.0,0.0,0.0,0.0,1.0,0.0,0.0,0.1078,0.0,0.0,0.0,51.4,5.0,False,2.0,0.0,,6.75,1.278,1,0,0,False,False,False,False,7.1,True,True,train,day after,1
2000-01-10 01:20:00,1,7.6,synthetic,False,0.0,0.0,0.0,0.0,1.0,0.0,0.0,0.1078,0.0,0.0,0.0,62.0,3.0,False,1.0,0.0,,6.83,1.279,1,0,0,False,False,False,False,7.1,True,True,train,day after,1
2000-01-10 01:25:00,1,7.0,synthetic,False,0.0,0.0,0.0,0.0,1.0,0.0,0.0,0.1078,0.0,0.0,0.0,59.8,2.0,False,2.0,0.0,,6.92,1.28,1,0,0,False,False,False,False,7.3,True,True,train,day after,1
2000-01-10 01:30:00,1,6.7,synthetic,False,0.0,0.0,0.0,0.0,0.0,1.0,0.0,0.0833,0.0,0.0,0.0,61.9,3.0,False,1.0,0.0,,7.0,1.281,1,0,0,False,False,False,False,8.5,True,True,train,day after,1
2000-01-10 01:35:00,1,7.1,synthetic,False,0.0,0.0,0.0,0.0,1.0,0.0,0.0,0.1078,0.0,0.0,0.0,65.5,5.0,False,1.0,0.0,,7.08,1.258,1,0,0,False,False,False,False,9.0,True,True,train,day after,1
2000-01-10 01:40:00,1,6.9,synthetic,False,0.0,0.0,0.0,0.0,1.0,0.0,0.0,0.1078,0.0,0.0,0.0,72.4,2.0,False,4.0,0.0,,7.17,1.26,1,0,0,False,False,False,False,9.4,True,True,train,day after,1
2000-01-10 01:45:00,1,7.1,synthetic,False,0.0,0.0,0.0,0.0,1.0,0.0,0.0,0.1078,0.0,0.0,0.0,,,True,0.0,0.0,,7.25,1.262,1,0,0,False,False,False,False,9.4,True,True,train,day after,1
2000-01-10 01:50:00,1,7.1,synthetic,False,0.0,0.0,0.0,0.0,1.0,0.0,0.0,0.1078,0.0,0.0,0.0,71.5,3.0,False,0.0,0.0,,7.33,1.264,1,0,0,False,False,False,False,9.3,True,True,train,day after,1
2000-01-10 01:55:00,1,7.3,synthetic,False,0.0,0.0,0.0,0.0,1.0,0.0,0.0,0.1078,0.0,0.0,0.0,52.9,3.0,False,3.0,0.0,,7.42,1.266,1,0,0,False,False,False,False,9.8,True,True,train,day after,1
2000-01-10 02:00:00,1,8.5,synthetic,False,0.0,0.0,0.0,0.0,1.0,0.0,0.0,0.1078,0.0,0.0,0.0,57.9,4.0,False,0.0,0.0,,7.5,1.268,2,0,0,False,False,False,False,9.7,True,True,train,day after,1
2000-01-10 02:05:00,1,9.0,synthetic,False,0.0,0.0,0.0,0.0,1.0,0.0,0.0,0.1078,0.0,0.0,0.0,44.6,4.0,False,2.0,0.0,,7.58,1.27,2,0,0,False,False,False,False,9.9,True,True,train,day after,1
2000-01-10 02:10:00,1,9.4,synthetic,False,0.0,0.0,0.0,0.0,0.0,1.0,0.0,0.0833,0.0,0.0,0.0,69.6,5.0,False,1.0,0.0,,7.67,1.272,2,0,0,False,False,False,False,10.0,True,True,train,day after,1
2000-01-10 02:15:00,1,9.4,synthetic,False,0.0,0.0,0.0,0.0,1.0,0.0,0.0,0.1078,0.0,0.0,0.0,57.2,4.0,False,0.0,0.0,,7.75,1.25,2,0,0,False,False,False,False,9.6,True,True,train,day after,1
2000-01-10 02:20:00,1,9.3,synthetic,False,0.0,0.0,0.0,0.0,1.0,0.0,0.0,0.1078,0.0,0.0,0.0,56.1,5.0,False,1.0,0.0,,7.83,1.253,2,0,0,False,False,False,False,9.7,True,True,train,day after,1
2000-01-10 02:25:00,1,9.8,synthetic,False,0.0,0.0,0.0,0.0,1.0,0.0,0.0,0.1078,0.0,0.0,0.0,,,True,0.0,0.0,,7.92,1.256,2,0,0,False,False,False,False,9.0,True,True,train,day after,1
2000-01-10 02:30:00,1,9.7,synthetic,False,0.0,0.0,0.0,0.0,1.0,0.0,0.0,0.1078,0.0,0.0,0.0,50.2,4.0,False,2.0,0.0,,8.0,1.259,2,0,0,False,False,False,False,8.8,True,True,train,day after,1
2000-01-10 02:35:00,1,9.9,synthetic,False,0.0,0.0,0.0,0.0,1.0,0.0,0.0,0.1078,0.0,0.0,0.0,,,True,1.0,0.0,,8.08,1.262,2,0,0,False,False,False,False,8.2,True,True,train,day after,1
2000-01-10 02:40:00,1,10.0,synthetic,False,0.0,0.0,0.0,0.0,1.0,0.0,0.0,0.1078,0.0,0.0,0.0,,,True,2.0,0.0,,8.17,1.264,2,0,0,False,False,False,False,8.4,True,True,train,day after,1
2000-01-10 02:45:00,1,9.6,synthetic,False,0.0,0.0,0.0,0.0,1.0,0.0,0.0,0.1078,0.0,0.0,0.0,,,True,0.0,0.0,,8.25,1.266,2,0,0,False,False,False,False,8.3,True,True,train,day after,1
2000-01-10 02:50:00,1,9.7,synthetic,False,0.0,0.0,0.0,0.0,1.0,0.0,0.0,0.1078,0.0,0.0,0.0,,,True,2.0,0.0,,8.33,1.268,2,0,0,False,False,False,False,8.3,True,True,train,day after,1
2000-01-10 02:55:00,1,9.0,synthetic,False,0.0,0.0,0.0,0.0,1.0,0.0,0.0,0.1078,0.0,0.0,0.0,,,True,1.0,0.0,,8.42,1.27,2,0,0,False,False,False,False,8.4,True,True,train,day after,1
2000-01-10 03:00:00,1,8.8,synthetic,False,0.0,0.0,0.0,0.0,1.0,0.0,0.0,0.1078,0.0,0.0,0.0,,,True,1.0,0.0,,8.5,1.272,3,0,0,False,False,False,False,8.5,True,True,train,day after,1
2000-01-10 03:05:00,1,8.2,synthetic,False,0.0,0.0,0.0,0.0,1.0,0.0,0.0,0.1078,0.0,0.0,0.0,43.6,1.0,False,1.0,0.0,,8.58,1.274,3,0,0,False,False,False,False,8.2,True,True,train,day after,1
2000-01-10 03:10:00,1,8.4,synthetic,False,0.0,0.0,0.0,0.0,1.0,0.0,0.0,0.1078,0.0,0.0,0.0,54.5,2.0,False,0.0,0.0,,8.67,1.276,3,0,0,False,False,False,False,8.0,True,True,train,day after,1
2000-01-10 03:15:00,1,8.3,synthetic,False,0.0,0.0,0.0,0.0,1.0,0.0,0.0,0.1078,0.0,0.0,0.0,52.5,4.0,False,0.0,0.0,,8.75,1.278,3,0,0,False,False,False,False,8.4,True,True,train,day after,1
2000-01-10 03:20:00,1,8.3,synthetic,False,0.0,0.0,0.0,0.0,1.0,0.0,0.0,0.1078,0.0,0.0,0.0,59.8,2.0,False,1.0,0.0,,8.83,1.28,3,0,0,False,False,False,False,8.3,True,True,train,day after,1
2000-01-10 03:25:00,1,8.4,synthetic,False,0.0,0.0,0.0,1.0,0.0,0.0,0.0,0.0,0.0,0.0,0.0,56.7,2.0,False,0.0,0.0,,8.92,1.282,3,0,0,False,False,False,False,8.6,True,True,train,day after,1
2000-01-10 03:30:00,1,8.5,synthetic,False,0.0,0.0,0.0,1.0,0.0,0.0,0.0,0.0,0.0,0.0,0.0,59.2,2.0,False,0.0,0.0,,9.0,1.179,3,0,0,False,False,False,False,8.1,True,True,train,day after,1
2000-01-10 03:35:00,1,8.2,synthetic,False,0.0,0.0,0.0,1.0,0.0,0.0,0.0,0.0,0.0,0.0,0.0,,,True,0.0,0.0,,9.08,1.079,3,0,0,False,False,False,False,8.8,True,True,train,day after,1
2000-01-10 03:40:00,1,8.0,synthetic,False,0.0,0.0,0.0,1.0,0.0,0.0,0.0,0.0,0.0,0.0,0.0,47.6,2.0,False,1.0,0.0,,9.17,0.984,3,0,0,False,False,False,False,9.1,True,True,train,day after,1
2000-01-10 03:45:00,1,8.4,synthetic,False,0.0,0.0,0.0,1.0,0.0,0.0,0.0,0.0,0.0,0.0,0.0,,,True,2.0,0.0,,9.25,0.893,3,0,0,False,False,False,False,8.7,True,True,train,day after,1
2000-01-10 03:50:00,1,8.3,synthetic,False,0.0,0.0,0.0,1.0,0.0,0.0,0.0,0.0,0.0,0.0,0.0,53.3,1.0,False,1.0,0.0,,9.33,0.806,3,0,0,False,False,False,False,9.2,True,True,train,day after,1
2000-01-10 03:55:00,1,8.6,synthetic,False,0.0,0.0,0.0,1.0,0.0,0.0,0.0,0.0,0.0,0.0,0.0,54.5,3.0,False,0.0,0.0,,9.42,0.724,3,0,0,False,False,False,False,9.3,True,True,train,day after,1
2000-01-10 04:00:00,1,8.1,synthetic,False,0.0,0.0,0.0,1.0,0.0,0.0,0.0,0.0,0.0,0.0,0.0,,,True,1.0,0.0,,9.5,0.646,4,0,0,False,False,False,False,9.1,True,True,train,day after,1
2000-01-10 04:05:00,1,8.8,synthetic,False,0.0,0.0,0.0,1.0,0.0,0.0,0.0,0.0,0.0,0.0,0.0,45.0,4.0,False,0.0,0.0,,9.58,0.573,4,0,0,False,False,False,False,8.9,True,True,train,day after,1
2000-01-10 04:10:00,1,9.1,synthetic,False,0.0,0.0,0.0,1.0,0.0,0.0,0.0,0.0,0.0,0.0,0.0,43.0,2.0,False,2.0,0.0,,9.67,0.505,4,0,0,False,False,False,False,8.8,True,True,train,day after,1
2000-01-10 04:15:00,1,8.7,synthetic,False,0.0,0.0,0.0,1.0,0.0,0.0,0.0,0.0,0.0,0.0,0.0,40.3,2.0,False,3.0,0.0,,9.75,0.44,4,0,0,False,False,False,False,8.0,True,True,train,day after,1
2000-01-10 04:20:00,1,9.2,synthetic,False,0.0,0.0,0.0,1.0,0.0,0.0,0.0,0.0,0.0,0.0,0.0,56.3,4.0,False,0.0,0.0,,9.83,0.38,4,0,0,False,False,False,False,8.1,True,True,train,day after,1
2000-01-10 04:25:00,1,9.3,synthetic,False,0.0,0.0,0.0,1.0,0.0,0.0,0.0,0.0,0.0,0.0,0.0,,,True,1.0,0.0,,9.92,0.323,4,0,0,False,False,False,False,7.9,True,True,train,day after,1
2000-01-10 04:30:00,1,9.1,synthetic,False,0.0,0.0,0.0,1.0,0.0,0.0,0.0,0.0,0.0,0.0,0.0,,,True,4.0,0.0,,10.0,0.272,4,0,0,False,False,False,False,8.5,True,True,train,day after,1
2000-01-10 04:35:00,1,8.9,synthetic,False,0.0,0.0,0.0,1.0,0.0,0.0,0.0,0.0,0.0,0.0,0.0,58.5,2.0,False,1.0,0.0,,10.08,0.225,4,0,0,False,False,False,False,8.4,True,True,train,day after,1
2000-01-10 04:40:00,1,8.8,synthetic,False,0.0,0.0,0.0,1.0,0.0,0.0,0.0,0.0,0.0,0.0,0.0,,,True,1.0,0.0,,10.17,0.182,4,0,0,False,False,False,False,,True,False,train,day after,1
2000-01-10 04:45:00,1,8.0,synthetic,False,0.0,0.0,0.0,1.0,0.0,0.0,0.0,0.0,0.0,0.0,0.0,48.9,4.0,False,2.0,0.0,,10.25,0.144,4,0,0,False,False,False,False,8.6,True,True,train,day after,1
2000-01-10 04:50:00,1,8.1,synthetic,False,0.0,0.0,0.0,1.0,0.0,0.0,0.0,0.0,0.0,0.0,0.0,,,True,1.0,0.0,,10.33,0.11,4,0,0,False,False,False,False,8.5,True,True,train,day after,1
2000-01-10 04:55:00,1,7.9,synthetic,False,0.0,0.0,0.0,1.0,0.0,0.0,0.0,0.0,0.0,0.0,0.0,48.4,2.0,False,2.0,0.0,,10.42,0.081,4,0,0,False,False,False,False,8.5,True,True,train,day after,1
2000-01-10 05:00:00,1,8.5,synthetic,False,0.0,0.0,0.0,1.0,0.0,0.0,0.0,0.0,0.0,0.0,0.0,,,True,2.0,0.0,,10.5,0.056,5,0,0,False,False,False,False,8.2,True,True,train,day after,1
2000-01-10 05:05:00,1,8.4,synthetic,False,0.0,0.0,0.0,1.0,0.0,0.0,0.0,0.0,0.0,0.0,0.0,53.1,5.0,False,6.0,0.0,,10.58,0.036,5,0,0,False,False,False,False,8.3,True,True,train,day after,1
2000-01-10 05:10:00,1,,,False,0.0,0.0,0.0,1.0,0.0,0.0,0.0,0.0,0.0,0.0,0.0,53.2,1.0,False,2.0,0.0,,10.67,0.02,5,0,0,False,False,False,True,8.3,False,False,train,day after,1
2000-01-10 05:15:00,1,8.6,synthetic,False,0.0,0.0,0.0,1.0,0.0,0.0,0.0,0.0,0.0,0.0,0.0,,,True,3.0,0.0,,10.75,0.009,5,0,0,False,False,False,False,8.5,False,False,train,day after,1
2000-01-10 05:20:00,1,8.5,synthetic,False,0.0,0.0,0.0,1.0,0.0,0.0,0.0,0.0,0.0,0.0,0.0,,,True,1.0,0.0,,10.83,0.002,5,0,0,False,False,False,False,8.5,False,False,train,day after,1
2000-01-10 05:25:00,1,8.5,synthetic,False,0.0,0.0,0.0,1.0,0.0,0.0,0.0,0.0,0.0,0.0,0.0,55.9,4.0,False,0.0,0.0,,10.92,0.0,5,0,0,False,False,False,False,8.1,False,False,train,day after,1
2000-01-10 05:30:00,1,8.2,synthetic,False,0.0,0.0,0.0,1.0,0.0,0.0,0.0,0.0,0.0,0.0,0.0,43.3,2.0,False,2.0,0.0,,11.0,0.0,5,0,0,False,False,False,False,8.7,False,False,train,day after,1
2000-01-10 05:35:00,1,8.3,synthetic,False,0.0,0.0,0.0,1.0,0.0,0.0,0.0,0.0,0.0,0.0,0.0,59.5,5.0,False,1.0,0.0,,11.08,0.0,5,0,0,False,False,False,False,9.0,False,False,train,day after,1
2000-01-10 05:40:00,1,8.3,synthetic,False,0.0,0.0,0.0,1.0,0.0,0.0,0.0,0.0,0.0,0.0,0.0,,,True,3.0,0.0,,11.17,0.0,5,0,0,False,False,False,False,9.0,False,False,train,day after,1
2000-01-10 05:45:00,1,8.5,synthetic,False,0.0,0.0,0.0,1.0,0.0,0.0,0.0,0.0,0.0,0.0,0.0,51.7,5.0,False,0.0,0.0,,11.25,0.0,5,0,0,False,False,False,False,8.8,False,False,train,day after,1
2000-01-10 05:50:00,1,8.5,synthetic,False,0.0,0.0,0.0,1.0,0.0,0.0,0.0,0.0,0.0,0.0,0.0,41.1,5.0,False,0.0,0.0,,11.33,0.0,5,0,0,False,False,False,False,8.6,False,False,train,day after,1
2000-01-10 05:55:00,1,8.1,synthetic,False,0.0,0.0,0.0,1.0,0.0,0.0,0.0,0.0,0.0,0.0,0.0,,,True,0.0,0.0,,11.42,0.0,5,0,0,False,False,False,False,8.9,False,False,train,day after,1
2000-01-10 06:00:00,1,8.7,synthetic,False,0.0,0.0,0.0,1.0,0.0,0.0,0.0,0.0,0.0,0.0,0.0,63.4,1.0,False,2.0,0.0,,11.5,0.0,6,0,0,False,False,False,False,9.7,False,False,train,day after,1
2000-01-10 06:05:00,1,9.0,synthetic,False,0.0,0.0,0.0,1.0,0.0,0.0,0.0,0.0,0.0,0.0,0.0,62.2,1.0,False,2.0,0.0,,11.58,0.0,6,0,0,False,False,False,False,9.7,False,False,train,day after,1
2000-01-10 06:10:00,1,9.0,synthetic,False,0.0,0.0,0.0,1.0,0.0,0.0,0.0,0.0,0.0,0.0,0.0,44.8,1.0,False,1.0,0.0,,11.67,0.0,6,0,0,False,False,False,False,9.7,True,True,train,day after,1
2000-01-10 06:15:00,1,8.8,synthetic,False,0.0,0.0,0.0,1.0,0.0,0.0,0.0,0.0,0.0,0.0,0.0,46.2,3.0,False,2.0,0.0,,11.75,0.0,6,0,0,False,False,False,False,10.7,True,True,train,day after,1
2000-01-10 06:20:00,1,8.6,synthetic,False,0.0,0.0,0.0,1.0,0.0,0.0,0.0,0.0,0.0,0.0,0.0,56.3,4.0,False,1.0,0.0,,11.83,0.0,6,0,0,False,False,False,False,10.7,True,True,train,day after,1
2000-01-10 06:25:00,1,8.9,synthetic,False,3.3,41.9,3.303,1.0,0.0,0.0,0.0,0.0,0.0,0.0,0.0,,,True,3.0,0.0,,11.92,0.0,6,0,0,False,False,False,False,11.3,True,True,train,day after,1
2000-01-10 06:30:00,1,9.7,synthetic,False,0.0,0.0,3.165,1.0,0.0,0.0,0.0,0.0,0.0,0.0,0.0,65.3,3.0,False,1.0,0.0,,12.0,0.0,6,0,0,False,False,False,False,11.8,True,True,train,day after,1
2000-01-10 06:35:00,1,9.7,synthetic,False,2.4,5.0,5.433,1.0,0.0,0.0,0.0,0.0,0.0,0.0,0.0,,,True,0.0,0.0,,12.08,0.0,6,0,0,False,False,False,False,11.3,True,True,train,day after,1
2000-01-10 06:40:00,1,9.7,synthetic,False,0.0,0.0,5.195,1.0,0.0,0.0,0.0,0.0,0.0,0.0,0.0,52.0,3.0,False,3.0,0.0,,12.17,0.0,6,0,0,False,False,False,False,11.7,True,True,train,day after,1
2000-01-10 06:45:00,1,10.7,synthetic,False,0.0,0.0,4.957,1.0,0.0,0.0,0.0,0.0,0.0,0.0,0.0,37.1,4.0,False,0.0,0.0,,12.25,0.0,6,0,0,False,False,False,False,12.2,True,True,train,day after,1
2000-01-10 06:50:00,1,10.7,synthetic,False,0.0,0.0,4.719,1.0,0.0,0.0,0.0,0.0,0.0,0.0,0.0,50.6,3.0,False,0.0,0.0,,12.33,0.0,6,0,0,False,False,False,False,12.6,True,True,train,day after,1
2000-01-10 06:55:00,1,11.3,synthetic,False,0.0,0.0,4.481,1.0,0.0,0.0,0.0,0.0,0.0,0.0,0.0,54.0,3.0,False,0.0,0.0,,12.42,0.0,6,0,0,False,False,False,False,13.3,True,True,train,day after,1
2000-01-10 07:00:00,1,11.8,synthetic,False,0.0,0.0,4.243,1.0,0.0,0.0,0.0,0.0,0.0,0.0,0.0,65.7,1.0,False,31.0,0.0,,12.5,0.0,7,0,0,False,False,False,False,13.7,True,True,train,day after,1
2000-01-10 07:05:00,1,11.3,synthetic,False,0.0,0.0,4.006,1.0,0.0,0.0,0.0,0.0,0.0,0.0,0.0,,,True,30.0,0.0,,12.58,0.0,7,0,0,False,False,False,False,14.0,True,True,train,day after,1
2000-01-10 07:10:00,1,11.7,synthetic,False,0.0,0.0,3.768,1.0,0.0,0.0,0.0,0.0,0.0,0.0,0.0,,,True,24.0,0.0,,12.67,0.0,7,0,0,False,False,False,False,12.9,True,True,train,day after,1
2000-01-10 07:15:00,1,12.2,synthetic,False,0.0,0.0,3.53,1.0,0.0,0.0,0.0,0.0,0.0,0.0,0.0,,,True,19.0,0.0,,12.75,0.0,7,0,0,False,False,False,False,12.7,True,True,train,day after,1
2000-01-10 07:20:00,1,12.6,synthetic,False,0.0,0.0,3.292,1.0,0.0,0.0,0.0,0.0,0.0,0.0,0.0,,,True,32.0,0.0,,12.83,0.0,7,0,0,False,False,False,False,12.3,True,True,train,day after,1
2000-01-10 07:25:00,1,13.3,synthetic,False,0.0,0.0,3.054,1.0,0.0,0.0,0.0,0.0,0.0,0.0,0.0,60.8,2.0,False,29.0,0.0,,12.92,0.0,7,0,0,False,False,False,False,11.8,True,True,train,day after,1
2000-01-10 07:30:00,1,13.7,synthetic,False,0.0,0.0,2.816,1.0,0.0,0.0,0.0,0.0,0.0,0.0,0.0,66.7,5.0,False,28.0,0.0,,13.0,0.0,7,0,0,False,False,False,False,11.0,True,True,train,day after,1
2000-01-10 07:35:00,1,14.0,synthetic,False,0.0,0.0,2.579,1.0,0.0,0.0,0.0,0.0,0.0,0.0,0.0,41.6,5.0,False,28.0,0.0,,13.08,0.0,7,0,0,False,False,False,False,10.8,True,True,train,day after,1
2000-01-10 07:40:00,1,12.9,synthetic,False,0.0,0.0,2.341,1.0,0.0,0.0,0.0,0.0,0.0,0.0,0.0,,,True,22.0,0.0,,13.17,0.0,7,0,0,False,False,False,False,10.8,True,True,train,day after,1
2000-01-10 07:45:00,1,12.7,synthetic,False,0.0,0.0,2.103,1.0,0.0,0.0,0.0,0.0,0.0,0.0,0.0,57.5,3.0,False,30.0,0.0,,13.25,0.0,7,0,0,False,False,False,False,11.1,True,True,train,day after,1
2000-01-10 07:50:00,1,12.3,synthetic,False,0.0,0.0,1.865,1.0,0.0,0.0,0.0,0.0,0.0,0.0,0.0,59.1,3.0,False,24.0,0.0,,13.33,0.0,7,0,0,False,False,False,False,11.0,True,True,train,day after,1
2000-01-10 07:55:00,1,11.8,synthetic,False,0.0,0.0,1.627,1.0,0.0,0.0,0.0,0.0,0.0,0.0,0.0,51.0,1.0,False,23.0,0.0,,13.42,0.0,7,0,0,False,False,False,False,10.8,True,True,train,day after,1
2000-01-10 08:00:00,1,11.0,synthetic,False,0.0,0.0,1.39,1.0,0.0,0.0,0.0,0.0,0.0,0.0,0.0,,,True,29.0,0.0,,13.5,0.0,8,0,0,False,False,False,False,,True,False,train,day after,1
2000-01-10 08:05:00,1,10.8,synthetic,False,0.0,0.0,1.152,1.0,0.0,0.0,0.0,0.0,0.0,0.0,0.0,53.2,5.0,False,22.0,0.0,,13.58,0.0,8,0,0,False,False,False,False,10.8,True,True,train,day after,1
2000-01-10 08:10:00,1,10.8,synthetic,False,0.0,0.0,0.914,1.0,0.0,0.0,0.0,0.0,0.0,0.0,0.0,35.5,2.0,False,20.0,0.0,,13.67,0.0,8,0,0,False,False,False,False,11.0,True,True,train,day after,1
2000-01-10 08:15:00,1,11.1,synthetic,False,0.0,0.0,0.676,1.0,0.0,0.0,0.0,0.0,0.0,0.0,0.0,36.8,4.0,False,24.0,0.0,,13.75,0.0,8,0,0,False,False,False,False,10.8,True,True,train,day after,1
2000-01-10 08:20:00,1,11.0,synthetic,False,0.0,0.0,0.438,1.0,0.0,0.0,0.0,0.0,0.0,0.0,0.0,53.7,3.0,False,16.0,0.0,,13.83,0.0,8,0,0,False,False,False,False,10.5,True,True,train,day after,1
2000-01-10 08:25:00,1,10.8,synthetic,False,0.0,0.0,0.2,1.0,0.0,0.0,0.0,0.0,0.0,0.0,0.0,40.8,1.0,False,19.0,0.0,,13.92,0.0,8,0,0,False,False,False,False,10.5,True,True,train,day after,1
2000-01-10 08:30:00,1,,,False,0.0,0.0,0.1,1.0,0.0,0.0,0.0,0.0,0.0,0.0,0.0,55.2,1.0,False,24.0,0.0,,14.0,0.0,8,0,0,False,False,False,True,11.3,False,False,train,day after,1
2000-01-10 08:35:00,1,10.8,synthetic,False,0.0,0.0,0.0,1.0,0.0,0.0,0.0,0.0,0.0,0.0,0.0,51.8,4.0,False,30.0,0.0,,14.08,0.0,8,0,0,False,False,False,False,11.7,False,False,train,day after,1
2000-01-10 08:40:00,1,11.0,synthetic,False,0.0,0.0,0.0,1.0,0.0,0.0,0.0,0.0,0.0,0.0,0.0,52.4,5.0,False,22.0,0.0,,14.17,0.0,8,0,0,False,False,False,False,12.4,False,False,train,day after,1
2000-01-10 08:45:00,1,10.8,synthetic,False,0.0,0.0,0.0,0.0,1.0,0.0,0.0,0.1078,0.0,0.0,0.0,48.4,5.0,False,26.0,0.0,,14.25,0.0,8,0,0,False,False,False,False,13.0,False,False,train,day after,1
2000-01-10 08:50:00,1,10.5,synthetic,False,2.24,57.3,2.242,0.0,1.0,0.0,0.0,0.1078,0.0,0.0,0.0,41.6,5.0,False,22.0,0.0,,14.33,0.106,8,0,0,False,False,False,False,13.7,False,False,train,day after,1
2000-01-10 08:55:00,1,10.5,synthetic,False,0.0,0.0,2.148,0.0,1.0,0.0,0.0,0.1078,0.0,0.0,0.0,,,True,19.0,0.0,,14.42,0.207,8,0,0,False,False,False,False,14.4,False,False,train,day after,1
2000-01-10 09:00:00,1,11.3,synthetic,False,0.0,0.0,2.055,0.0,1.0,0.0,0.0,0.1078,0.0,0.0,0.0,,,True,32.0,0.0,,14.5,0.303,9,0,0,False,False,False,False,15.0,False,False,train,day after,1
2000-01-10 09:05:00,1,11.7,synthetic,False,0.0,0.0,1.962,0.0,1.0,0.0,0.0,0.1078,0.0,0.0,0.0,,,True,23.0,0.0,,14.58,0.395,9,0,0,False,False,False,False,15.4,False,False,train,day after,1
2000-01-10 09:10:00,1,12.4,synthetic,False,0.0,0.0,1.868,0.0,1.0,0.0,0.0,0.1078,0.0,0.0,0.0,36.9,2.0,False,14.0,0.0,,14.67,0.483,9,0,0,False,False,False,False,15.5,False,False,train,day after,1
2000-01-10 09:15:00,1,13.0,synthetic,False,0.0,0.0,1.775,1.0,0.0,0.0,0.0,0.0,0.0,0.0,0.0,52.0,1.0,False,22.0,0.0,,14.75,0.566,9,0,0,False,False,False,False,16.5,False,False,train,day after,1
2000-01-10 09:20:00,1,13.7,synthetic,False,0.0,0.0,1.681,1.0,0.0,0.0,0.0,0.0,0.0,0.0,0.0,51.2,5.0,False,27.0,0.0,,14.83,0.539,9,0,0,False,False,False,False,16.7,False,False,train,day after,1
2000-01-10 09:25:00,1,14.4,synthetic,False,0.0,0.0,1.588,1.0,0.0,0.0,0.0,0.0,0.0,0.0,0.0,45.3,5.0,False,26.0,0.0,,14.92,0.512,9,0,0,False,False,False,False,16.4,False,False,train,day after,1
2000-01-10 09:30:00,1,15.0,synthetic,False,0.0,0.0,1.495,1.0,0.0,0.0,0.0,0.0,0.0,0.0,0.0,55.6,4.0,False,23.0,0.0,,15.0,0.485,9,0,0,False,False,False,False,15.9,True,True,train,day after,1
2000-01-10 09:35:00,1,15.4,synthetic,False,0.0,0.0,1.401,1.0,0.0,0.0,0.0,0.0,0.0,0.0,0.0,52.4,3.0,False,21.0,0.0,,15.08,0.458,9,0,0,False,False,False,False,15.4,True,True,train,day after,1
2000-01-10 09:40:00,1,15.5,synthetic,False,0.0,0.0,1.308,1.0,0.0,0.0,0.0,0.0,0.0,0.0,0.0,47.4,1.0,False,20.0,0.0,,15.17,0.431,9,0,0,False,False,False,False,14.6,True,True,train,day after,1
2000-01-10 09:45:00,1,16.5,synthetic,False,0.0,0.0,1.214,1.0,0.0,0.0,0.0,0.0,0.0,0.0,0.0,,,True,22.0,0.0,,15.25,0.404,9,0,0,False,False,False,False,14.3,True,True,train,day after,1
2000-01-10 09:50:00,1,16.7,synthetic,False,0.0,0.0,1.121,1.0,0.0,0.0,0.0,0.0,0.0,0.0,0.0,54.1,2.0,False,25.0,0.0,,15.33,0.377,9,0,0,False,False,False,False,14.5,True,True,train,day after,1
2000-01-10 09:55:00,1,16.4,synthetic,False,0.0,0.0,1.028,1.0,0.0,0.0,0.0,0.0,0.0,0.0,0.0,57.8,4.0,False,31.0,0.0,,15.42,0.35,9,0,0,False,False,False,False,14.0,True,True,train,day after,1
2000-01-10 10:00:00,1,15.9,synthetic,False,0.0,0.0,0.934,1.0,0.0,0.0,0.0,0.0,0.0,0.0,0.0,,,True,36.0,0.0,,15.5,0.323,10,0,0,False,False,False,False,13.4,True,True,train,day after,1
2000-01-10 10:05:00,1,15.4,synthetic,False,0.0,0.0,0.841,1.0,0.0,0.0,0.0,0.0,0.0,0.0,0.0,,,True,26.0,0.0,,15.58,0.296,10,0,0,False,False,False,False,13.1,True,True,train,day after,1
2000-01-10 10:10:00,1,14.6,synthetic,False,0.0,0.0,0.747,1.0,0.0,0.0,0.0,0.0,0.0,0.0,0.0,46.0,2.0,False,17.0,0.0,,15.67,0.269,10,0,0,False,False,False,False,,True,False,train,day after,1
2000-01-10 10:15:00,1,14.3,synthetic,False,0.0,0.0,0.654,1.0,0.0,0.0,0.0,0.0,0.0,0.0,0.0,42.7,2.0,False,22.0,0.0,,15.75,0.243,10,0,0,False,False,False,False,13.3,True,True,train,day after,1
2000-01-10 10:20:00,1,14.5,synthetic,False,0.0,0.0,0.56,1.0,0.0,0.0,0.0,0.0,0.0,0.0,0.0,51.5,4.0,False,19.0,0.0,,15.83,0.216,10,0,0,False,False,False,False,13.5,True,True,train,day after,1
2000-01-10 10:25:00,1,14.0,synthetic,False,0.0,0.0,0.467,1.0,0.0,0.0,0.0,0.0,0.0,0.0,0.0,56.2,3.0,False,19.0,0.0,,15.92,0.189,10,0,0,False,False,False,False,14.0,True,True,train,day after,1
2000-01-10 10:30:00,1,13.4,synthetic,False,0.0,0.0,0.374,1.0,0.0,0.0,0.0,0.0,0.0,0.0,0.0,53.7,5.0,False,29.0,0.0,,16.0,0.162,10,0,0,False,False,False,False,14.4,True,True,train,day after,1
2000-01-10 10:35:00,1,13.1,synthetic,False,3.71,51.7,3.992,1.0,0.0,0.0,0.0,0.0,0.0,0.0,0.0,49.8,5.0,False,30.0,0.0,,16.08,0.135,10,0,0,False,False,False,False,14.5,True,True,train,day after,1
2000-01-10 10:40:00,1,,,False,0.0,0.0,3.744,1.0,0.0,0.0,0.0,0.0,0.0,0.0,0.0,,,True,26.0,0.0,,16.17,0.108,10,0,0,False,False,False,True,14.6,False,False,train,day after,1
2000-01-10 10:45:00,1,13.3,synthetic,False,0.0,0.0,3.496,1.0,0.0,0.0,0.0,0.0,0.0,0.0,0.0,,,True,23.0,0.0,,16.25,0.081,10,0,0,False,False,False,False,15.2,False,False,train,day after,1
2000-01-10 10:50:00,1,13.5,synthetic,False,0.0,0.0,3.248,1.0,0.0,0.0,0.0,0.0,0.0,0.0,0.0,50.0,5.0,False,22.0,0.0,,16.33,0.056,10,0,0,False,False,False,False,15.7,False,False,train,day after,1
2000-01-10 10:55:00,1,14.0,synthetic,False,0.0,0.0,3.093,1.0,0.0,0.0,0.0,0.0,0.0,0.0,0.0,38.0,2.0,False,20.0,0.0,,16.42,0.036,10,0,0,False,False,False,False,15.7,False,False,train,day after,1
2000-01-10 11:00:00,1,14.4,synthetic,False,0.1,5.0,3.039,1.0,0.0,0.0,0.0,0.0,0.0,0.0,0.0,,,True,24.0,0.0,,16.5,0.02,11,0,0,False,False,False,False,16.6,False,False,train,day after,1
2000-01-10 11:05:00,1,14.5,synthetic,False,0.0,0.0,2.88,1.0,0.0,0.0,0.0,0.0,0.0,0.0,0.0,,,True,26.0,0.0,,16.58,0.009,11,0,0,False,False,False,False,16.6,False,False,train,day after,1
2000-01-10 11:10:00,1,14.6,synthetic,False,0.0,0.0,2.721,1.0,0.0,0.0,0.0,0.0,0.0,0.0,0.0,,,True,31.0,0.0,,16.67,0.002,11,0,0,False,False,False,False,15.9,False,False,train,day after,1
2000-01-10 11:15:00,1,15.2,synthetic,False,0.0,0.0,2.562,1.0,0.0,0.0,0.0,0.0,0.0,0.0,0.0,,,True,32.0,0.0,,16.75,0.0,11,0,0,False,False,False,False,15.0,False,False,train,day after,1
2000-01-10 11:20:00,1,15.7,synthetic,False,0.0,0.0,2.403,1.0,0.0,0.0,0.0,0.0,0.0,0.0,0.0,,,True,24.0,0.0,,16.83,0.0,11,0,0,False,False,False,False,14.9,False,False,train,day after,1
2000-01-10 11:25:00,1,15.7,synthetic,False,0.0,0.0,2.245,1.0,0.0,0.0,0.0,0.0,0.0,0.0,0.0,44.2,4.0,False,28.0,0.0,,16.92,0.0,11,0,0,False,False,False,False,14.0,False,False,train,day after,1
2000-01-10 11:30:00,1,16.6,synthetic,False,0.0,0.0,2.086,1.0,0.0,0.0,0.0,0.0,0.0,0.0,0.0,60.1,1.0,False,38.0,0.0,,17.0,0.0,11,0,0,False,False,False,False,14.1,False,False,train,day after,1
2000-01-10 11:35:00,1,16.6,synthetic,False,0.0,0.0,1.927,1.0,0.0,0.0,0.0,0.0,0.0,0.0,0.0,,,True,28.0,0.0,,17.08,0.0,11,0,0,False,False,False,False,13.8,False,False,train,day after,1
2000-01-10 11:40:00,1,15.9,synthetic,False,0.0,0.0,1.768,1.0,0.0,0.0,0.0,0.0,0.0,0.0,0.0,,,True,21.0,0.0,,17.17,0.0,11,0,0,False,False,False,False,13.8,True,True,train,day after,1
2000-01-10 11:45:00,1,15.0,synthetic,False,0.0,0.0,1.609,1.0,0.0,0.0,0.0,0.0,0.0,0.0,0.0,50.3,1.0,False,21.0,0.0,,17.25,0.0,11,0,0,False,False,False,False,13.6,True,True,train,day after,1
2000-01-10 11:50:00,1,14.9,synthetic,False,0.0,0.0,1.45,1.0,0.0,0.0,0.0,0.0,0.0,0.0,0.0,,,True,24.0,0.0,,17.33,0.0,11,0,0,False,False,False,False,14.1,True,True,train,day after,1
2000-01-10 11:55:00,1,14.0,synthetic,False,0.0,0.0,1.292,1.0,0.0,0.0,0.0,0.0,0.0,0.0,0.0,50.9,4.0,False,23.0,0.0,,17.42,0.0,11,0,0,False,False,False,False,13.4,True,True,train,day after,1
2000-01-10 12:00:00,1,14.1,synthetic,False,0.0,0.0,1.133,0.0,1.0,0.0,0.0,0.1078,0.0,0.0,0.0,52.7,4.0,False,26.0,0.0,,17.5,0.0,12,0,0,False,False,False,False,13.2,True,True,train,day after,1
2000-01-10 12:05:00,1,13.8,synthetic,False,0.0,0.0,0.974,0.0,1.0,0.0,0.0,0.1078,0.0,0.0,0.0,54.0,2.0,False,29.0,0.0,,17.58,0.106,12,0,0,False,False,False,False,13.0,True,True,train,day after,1
2000-01-10 12:10:00,1,13.8,synthetic,False,0.0,0.0,0.815,0.0,1.0,0.0,0.0,0.1078,0.0,0.0,0.0,56.6,1.0,False,32.0,0.0,,17.67,0.207,12,0,0,False,False,False,False,12.4,True,True,train,day after,1
2000-01-10 12:15:00,1,13.6,synthetic,False,0.0,0.0,0.656,0.0,1.0,0.0,0.0,0.1078,0.0,0.0,0.0,,,True,26.0,0.0,,17.75,0.303,12,0,0,False,False,False,False,12.5,True,True,train,day after,1
2000-01-10 12:20:00,1,14.1,synthetic,False,0.0,0.0,0.497,0.0,1.0,0.0,0.0,0.1078,0.0,0.0,0.0,,,True,28.0,0.0,,17.83,0.395,12,0,0,False,False,False,False,12.1,True,True,train,day after,1
2000-01-10 12:25:00,1,13.4,synthetic,False,0.0,0.0,0.339,0.0,1.0,0.0,0.0,0.1078,0.0,0.0,0.0,47.8,3.0,False,28.0,0.0,,17.92,0.483,12,0,0,False,False,False,False,12.2,True,True,train,day after,1
2000-01-10 12:30:00,1,13.2,synthetic,False,0.0,0.0,0.18,0.0,1.0,0.0,0.0,0.1078,0.0,0.0,0.0,51.2,2.0,False,25.0,0.0,,18.0,0.566,12,0,0,False,False,False,False,12.6,True,True,train,day after,1
2000-01-10 12:35:00,1,13.0,synthetic,False,0.0,0.0,0.021,0.0,1.0,0.0,0.0,0.1078,0.0,0.0,0.0,62.7,5.0,False,19.0,0.0,,18.08,0.645,12,0,0,False,False,False,False,12.5,True,True,train,day after,1
2000-01-10 12:40:00,1,12.4,synthetic,False,0.0,0.0,0.017,0.0,1.0,0.0,0.0,0.1078,0.0,0.0,0.0,52.3,3.0,False,21.0,0.0,,18.17,0.719,12,0,0,False,False,False,False,13.0,True,True,train,day after,1
2000-01-10 12:45:00,1,12.5,synthetic,False,0.0,0.0,0.012,0.0,1.0,0.0,0.0,0.1078,0.0,0.0,0.0,55.1,5.0,False,21.0,0.0,,18.25,0.788,12,0,0,False,False,False,False,13.1,True,True,train,day after,1
2000-01-10 12:50:00,1,12.1,synthetic,False,0.0,0.0,0.008,0.0,1.0,0.0,0.0,0.1078,0.0,0.0,0.0,,,True,28.0,0.0,,18.33,0.853,12,0,0,False,False,False,False,,True,False,train,day after,1
2000-01-10 12:55:00,1,12.2,synthetic,False,0.0,0.0,0.004,0.0,1.0,0.0,0.0,0.1078,0.0,0.0,0.0,43.6,2.0,False,17.0,0.0,,18.42,0.914,12,0,0,False,False,False,False,12.7,True,True,train,day after,1
2000-01-10 13:00:00,1,12.6,synthetic,False,0.0,0.0,0.0,0.0,1.0,0.0,0.0,0.1078,0.0,0.0,0.0,56.3,3.0,False,26.0,0.0,,18.5,0.97,13,0,0,False,False,False,False,12.4,True,True,train,day after,1
2000-01-10 13:05:00,1,12.5,synthetic,False,0.0,0.0,0.0,0.0,1.0,0.0,0.0,0.1078,0.0,0.0,0.0,41.2,3.0,False,25.0,0.0,,18.58,1.022,13,0,0,False,False,False,False,12.0,True,True,train,day after,1
2000-01-10 13:10:00,1,13.0,synthetic,False,0.0,0.0,0.0,0.0,1.0,0.0,0.0,0.1078,0.0,0.0,0.0,,,True,31.0,0.0,,18.67,1.069,13,0,0,False,False,False,False,11.6,True,True,train,day after,1
2000-01-10 13:15:00,1,13.1,synthetic,False,0.0,0.0,0.0,0.0,1.0,0.0,0.0,0.1078,0.0,0.0,0.0,62.4,2.0,False,25.0,0.0,,18.75,1.112,13,0,0,False,False,False,False,11.4,True,True,train,day after,1
2000-01-10 13:20:00,1,,,False,0.0,0.0,0.0,0.0,1.0,0.0,0.0,0.1078,0.0,0.0,0.0,,,True,24.0,0.0,,18.83,1.15,13,0,0,False,False,False,True,,False,False,train,day after,1
2000-01-10 13:25:00,1,12.7,synthetic,False,0.0,0.0,0.0,0.0,1.0,0.0,0.0,0.1078,0.0,0.0,0.0,70.3,3.0,False,21.0,0.0,,18.92,1.184,13,0,0,False,False,False,False,11.9,False,False,train,day after,1
2000-01-10 13:30:00,1,12.4,synthetic,False,0.0,0.0,0.0,0.0,1.0,0.0,0.0,0.1078,0.0,0.0,0.0,48.4,2.0,False,21.0,0.0,,19.0,1.213,13,0,0,False,False,False,False,11.8,False,False,train,day after,1
2000-01-10 13:35:00,1,12.0,synthetic,False,0.0,0.0,0.0,0.0,1.0,0.0,0.0,0.1078,0.0,0.0,0.0,,,True,21.0,0.0,,19.08,1.237,13,0,0,False,False,False,False,12.2,False,False,train,day after,1
2000-01-10 13:40:00,1,11.6,synthetic,False,3.11,21.2,3.106,0.0,1.0,0.0,0.0,0.1078,0.0,0.0,0.0,46.0,4.0,False,21.0,0.0,,19.17,1.258,13,0,0,False,False,False,False,11.9,False,False,train,day after,1
2000-01-10 13:45:00,1,11.4,synthetic,False,0.0,0.0,2.977,0.0,1.0,0.0,0.0,0.1078,0.0,0.0,0.0,,,True,32.0,0.0,,19.25,1.273,13,0,0,False,False,False,False,11.5,False,False,train,day after,1
2000-01-10 13:50:00,1,,,False,0.0,0.0,2.847,0.0,1.0,0.0,0.0,0.1078,0.0,0.0,0.0,46.5,1.0,False,31.0,0.0,,19.33,1.285,13,0,0,False,False,False,True,11.4,False,False,train,day after,1
2000-01-10 13:55:00,1,11.9,synthetic,False,0.0,0.0,2.718,0.0,1.0,0.0,0.0,0.1078,0.0,0.0,0.0,,,True,28.0,0.0,,19.42,1.291,13,0,0,False,False,False,False,11.3,False,False,train,day after,1
2000-01-10 14:00:00,1,11.8,synthetic,False,0.0,0.0,2.588,0.0,1.0,0.0,0.0,0.1078,0.0,0.0,0.0,,,True,20.0,0.0,,19.5,1.294,14,0,0,False,False,False,False,11.5,False,False,train,day after,1
2000-01-10 14:05:00,1,12.2,synthetic,False,0.0,0.0,2.459,0.0,1.0,0.0,0.0,0.1078,0.0,0.0,0.0,52.7,5.0,False,32.0,0.0,,19.58,1.294,14,0,0,False,False,False,False,11.5,False,False,train,day after,1
2000-01-10 14:10:00,1,11.9,synthetic,False,0.0,0.0,2.33,0.0,1.0,0.0,0.0,0.1078,0.0,0.0,0.0,54.6,5.0,False,25.0,0.0,,19.67,1.294,14,0,0,False,False,False,False,10.9,False,False,train,day after,1
2000-01-10 14:15:00,1,11.5,synthetic,False,0.0,0.0,2.2,0.0,1.0,0.0,0.0,0.1078,0.0,0.0,0.0,62.5,5.0,False,29.0,0.0,,19.75,1.294,14,0,0,False,False,False,False,10.2,False,False,train,day after,1
2000-01-10 14:20:00,1,11.4,synthetic,False,0.0,0.0,2.071,0.0,1.0,0.0,0.0,0.1078,0.0,0.0,0.0,60.8,2.0,False,28.0,0.0,,19.83,1.294,14,0,0,False,False,False,False,10.2,False,False,train,day after,1
2000-01-10 14:25:00,1,11.3,synthetic,False,0.0,0.0,1.941,0.0,1.0,0.0,0.0,0.1078,0.0,0.0,0.0,42.3,4.0,False,34.0,0.0,,19.92,1.294,14,0,0,False,False,False,False,9.5,False,False,train,day after,1
2000-01-10 14:30:00,1,11.5,synthetic,False,0.0,0.0,1.812,0.0,1.0,0.0,0.0,0.1078,0.0,0.0,0.0,,,True,15.0,0.0,,20.0,1.294,14,0,0,False,False,False,False,10.1,False,False,train,day after,1
2000-01-10 14:35:00,1,11.5,synthetic,False,0.0,0.0,1.682,0.0,1.0,0.0,0.0,0.1078,0.0,0.0,0.0,59.1,2.0,False,30.0,0.0,,20.08,1.294,14,0,0,False,False,False,False,9.8,False,False,train,day after,1
2000-01-10 14:40:00,1,10.9,synthetic,False,0.0,0.0,1.553,0.0,1.0,0.0,0.0,0.1078,0.0,0.0,0.0,47.9,4.0,False,28.0,0.0,,20.17,1.294,14,0,0,False,False,False,False,9.6,False,False,train,day after,1
2000-01-10 14:45:00,1,10.2,synthetic,False,0.0,0.0,1.424,0.0,1.0,0.0,0.0,0.1078,0.0,0.0,0.0,64.1,4.0,False,26.0,0.0,,20.25,1.294,14,0,0,False,False,False,False,8.6,False,False,train,day after,1
2000-01-10 14:50:00,1,10.2,synthetic,False,0.0,0.0,1.294,0.0,1.0,0.0,0.0,0.1078,0.0,0.0,0.0,48.3,5.0,False,24.0,0.0,,20.33,1.294,14,0,0,False,False,False,False,8.3,True,True,train,day after,1
2000-01-10 14:55:00,1,9.5,synthetic,False,0.0,0.0,1.165,0.0,1.0,0.0,0.0,0.1078,0.0,0.0,0.0,,,True,27.0,0.0,,20.42,1.294,14,0,0,False,False,False,False,8.2,True,True,train,day after,1
2000-01-10 15:00:00,1,10.1,synthetic,False,0.0,0.0,1.035,0.0,1.0,0.0,0.0,0.1078,0.0,0.0,0.0,41.7,5.0,False,35.0,0.0,,20.5,1.294,15,0,0,False,False,False,False,8.1,True,True,train,day after,1
2000-01-10 15:05:00,1,9.8,synthetic,False,0.0,0.0,0.906,0.0,1.0,0.0,0.0,0.1078,0.0,0.0,0.0,72.6,4.0,False,25.0,0.0,,20.58,1.294,15,0,0,False,False,False,False,8.0,True,True,train,day after,1
2000-01-10 15:10:00,1,9.6,synthetic,False,0.0,0.0,0.777,0.0,1.0,0.0,0.0,0.1078,0.0,0.0,0.0,,,True,23.0,0.0,,20.67,1.294,15,0,0,False,False,False,False,8.7,True,True,train,day after,1
2000-01-10 15:15:00,1,8.6,synthetic,False,0.0,0.0,0.647,0.0,1.0,0.0,0.0,0.1078,0.0,0.0,0.0,62.0,5.0,False,23.0,0.0,,20.75,1.294,15,0,0,False,False,False,False,9.2,True,True,train,day after,1
2000-01-10 15:20:00,1,8.3,synthetic,False,0.0,0.0,0.518,0.0,1.0,0.0,0.0,0.1078,0.0,0.0,0.0,60.2,2.0,False,16.0,0.0,,20.83,1.294,15,0,0,False,False,False,False,10.2,True,True,train,day after,1
2000-01-10 15:25:00,1,8.2,synthetic,False,3.25,56.1,3.642,0.0,1.0,0.0,0.0,0.1078,0.0,0.0,0.0,49.6,4.0,False,27.0,0.0,,20.92,1.294,15,0,0,False,False,False,False,10.6,True,True,train,day after,1
2000-01-10 15:30:00,1,8.1,synthetic,False,0.0,0.0,3.377,0.0,1.0,0.0,0.0,0.1078,0.0,0.0,0.0,60.2,1.0,False,19.0,0.0,,21.0,1.294,15,0,0,False,False,False,False,11.3,True,True,train,day after,1
2000-01-10 15:35:00,1,8.0,synthetic,False,0.0,0.0,3.112,0.0,1.0,0.0,0.0,0.1078,0.0,0.0,0.0,47.5,1.0,False,27.0,0.0,,21.08,1.294,15,0,0,False,False,False,False,11.7,True,True,train,day after,1
2000-01-10 15:40:00,1,8.7,synthetic,False,0.0,0.0,2.847,0.0,1.0,0.0,0.0,0.1078,0.0,0.0,0.0,,,True,31.0,0.0,,21.17,1.294,15,0,0,False,False,False,False,,True,False,train,day after,1
2000-01-10 15:45:00,1,9.2,synthetic,False,0.0,0.0,2.711,0.0,1.0,0.0,0.0,0.1078,0.0,0.0,0.0,51.8,3.0,False,18.0,0.0,,21.25,1.294,15,0,0,False,False,False,False,13.2,True,True,train,day after,1
2000-01-10 15:50:00,1,10.2,synthetic,False,0.0,0.0,2.576,0.0,1.0,0.0,0.0,0.1078,0.0,0.0,0.0,47.7,3.0,False,29.0,0.0,,21.33,1.294,15,0,0,False,False,False,False,14.0,True,True,train,day after,1
2000-01-10 15:55:00,1,10.6,synthetic,False,0.0,0.0,2.44,0.0,1.0,0.0,0.0,0.1078,0.0,0.0,0.0,50.5,1.0,False,32.0,0.0,,21.42,1.294,15,0,0,False,False,False,False,14.8,True,True,train,day after,1
2000-01-10 16:00:00,1,11.3,synthetic,False,0.0,0.0,2.305,0.0,1.0,0.0,0.0,0.1078,0.0,0.0,0.0,55.7,5.0,False,19.0,0.0,,21.5,1.294,16,0,0,False,False,False,False,15.3,True,True,train,day after,1
2000-01-10 16:05:00,1,11.7,synthetic,False,0.0,0.0,2.169,0.0,1.0,0.0,0.0,0.1078,0.0,0.0,0.0,53.3,5.0,False,34.0,0.0,,21.58,1.294,16,0,0,False,False,False,False,15.7,True,True,train,day after,1
2000-01-10 16:10:00,1,,,False,0.12,54.4,2.15,0.0,1.0,0.0,0.0,0.1078,0.0,0.0,0.0,,,True,27.0,0.0,,21.67,1.294,16,0,0,False,False,False,True,15.8,False,False,train,day after,1
2000-01-10 16:15:00,1,13.2,synthetic,False,0.0,0.0,2.01,0.0,1.0,0.0,0.0,0.1078,0.0,0.0,0.0,48.1,5.0,False,24.0,0.0,,21.75,1.294,16,0,0,False,False,False,False,15.9,False,False,train,day after,1
2000-01-10 16:20:00,1,14.0,synthetic,False,0.0,0.0,1.869,0.0,1.0,0.0,0.0,0.1078,0.0,0.0,0.0,65.1,4.0,False,25.0,0.0,,21.83,1.294,16,0,0,False,False,False,False,15.8,False,False,train,day after,1
2000-01-10 16:25:00,1,14.8,synthetic,False,0.0,0.0,1.729,1.0,0.0,0.0,0.0,0.0,0.0,0.0,0.0,,,True,22.0,0.0,,21.92,1.294,16,0,0,False,False,False,False,16.1,False,False,train,day after,1
2000-01-10 16:30:00,1,15.3,synthetic,False,0.0,0.0,1.588,1.0,0.0,0.0,0.0,0.0,0.0,0.0,0.0,60.8,3.0,False,26.0,0.0,,22.0,1.188,16,0,0,False,False,False,False,16.0,False,False,train,day after,1
2000-01-10 16:35:00,1,15.7,synthetic,False,0.0,0.0,1.448,1.0,0.0,0.0,0.0,0.0,0.0,0.0,0.0,48.3,1.0,False,23.0,0.0,,22.08,1.087,16,0,0,False,False,False,False,16.7,False,False,train,day after,1
2000-01-10 16:40:00,1,15.8,synthetic,False,0.0,0.0,1.307,1.0,0.0,0.0,0.0,0.0,0.0,0.0,0.0,62.0,2.0,False,23.0,0.0,,22.17,0.99,16,0,0,False,False,False,False,17.1,False,False,train,day after,1
2000-01-10 16:45:00,1,15.9,synthetic,False,0.0,0.0,1.167,1.0,0.0,0.0,0.0,0.0,0.0,0.0,0.0,49.8,2.0,False,23.0,0.0,,22.25,0.898,16,0,0,False,False,False,False,16.7,False,False,train,day after,1
2000-01-10 16:50:00,1,15.8,synthetic,False,0.0,0.0,1.027,1.0,0.0,0.0,0.0,0.0,0.0,0.0,0.0,75.1,4.0,False,23.0,0.0,,22.33,0.811,16,0,0,False,False,False,False,16.1,False,False,train,day after,1
2000-01-10 16:55:00,1,16.1,synthetic,False,0.0,0.0,0.886,1.0,0.0,0.0,0.0,0.0,0.0,0.0,0.0,65.4,3.0,False,17.0,0.0,,22.42,0.728,16,0,0,False,False,False,False,15.7,False,False,train,day after,1
2000-01-10 17:00:00,1,16.0,synthetic,False,0.0,0.0,0.746,1.0,0.0,0.0,0.0,0.0,0.0,0.0,0.0,58.9,5.0,False,22.0,0.0,,22.5,0.649,17,0,0,False,False,False,False,15.1,False,False,train,day after,1
2000-01-10 17:05:00,1,16.7,synthetic,False,0.0,0.0,0.605,1.0,0.0,0.0,0.0,0.0,0.0,0.0,0.0,68.4,4.0,False,20.0,0.0,,22.58,0.575,17,0,0,False,False,False,False,14.5,False,False,train,day after,1
2000-01-10 17:10:00,1,17.1,synthetic,False,0.0,0.0,0.465,1.0,0.0,0.0,0.0,0.0,0.0,0.0,0.0,,,True,22.0,0.0,,22.67,0.505,17,0,0,False,False,False,False,13.6,True,True,train,day after,1
2000-01-10 17:15:00,1,16.7,synthetic,False,0.0,0.0,0.325,1.0,0.0,0.0,0.0,0.0,0.0,0.0,0.0,46.9,3.0,False,30.0,0.0,,22.75,0.44,17,0,0,False,False,False,False,12.7,True,True,train,day after,1
2000-01-10 17:20:00,1,16.1,synthetic,False,0.0,0.0,0.184,1.0,0.0,0.0,0.0,0.0,0.0,0.0,0.0,57.7,2.0,False,24.0,0.0,,22.83,0.38,17,0,0,False,False,False,False,12.7,True,True,train,day after,1
2000-01-10 17:25:00,1,15.7,synthetic,False,0.0,0.0,0.044,1.0,0.0,0.0,0.0,0.0,0.0,0.0,0.0,59.7,5.0,False,26.0,0.0,,22.92,0.323,17,0,0,False,False,False,False,11.7,True,True,train,day after,1
2000-01-10 17:30:00,1,15.1,synthetic,False,0.0,0.0,0.039,1.0,0.0,0.0,0.0,0.0,0.0,0.0,0.0,,,True,31.0,0.0,,23.0,0.272,17,0,0,False,False,False,False,10.9,True,True,train,day after,1
2000-01-10 17:35:00,1,14.5,synthetic,False,0.0,0.0,0.034,1.0,0.0,0.0,0.0,0.0,0.0,0.0,0.0,58.1,1.0,False,22.0,0.0,,23.08,0.225,17,0,0,False,False,False,False,10.5,True,True,train,day after,1
2000-01-10 17:40:00,1,13.6,synthetic,False,0.0,0.0,0.029,1.0,0.0,0.0,0.0,0.0,0.0,0.0,0.0,62.9,5.0,False,24.0,0.0,,23.17,0.182,17,0,0,False,False,False,False,9.8,True,True,train,day after,1
2000-01-10 17:45:00,1,12.7,synthetic,False,0.0,0.0,0.024,1.0,0.0,0.0,0.0,0.0,0.0,0.0,0.0,61.4,1.0,False,31.0,0.0,,23.25,0.144,17,0,0,False,False,False,False,9.0,True,True,train,day after,1
2000-01-10 17:50:00,1,12.7,synthetic,False,0.0,0.0,0.019,1.0,0.0,0.0,0.0,0.0,0.0,0.0,0.0,52.7,1.0,False,29.0,0.0,,23.33,0.11,17,0,0,False,False,False,False,8.6,True,True,train,day after,1
2000-01-10 17:55:00,1,11.7,synthetic,False,0.0,0.0,0.015,1.0,0.0,0.0,0.0,0.0,0.0,0.0,0.0,,,True,36.0,0.0,,23.42,0.081,17,0,0,False,False,False,False,8.0,True,True,train,day after,1
2000-01-10 18:00:00,1,10.9,synthetic,False,0.0,0.0,0.01,1.0,0.0,0.0,0.0,0.0,0.0,0.0,0.0,73.8,5.0,False,22.0,0.0,,23.5,0.056,18,0,0,False,False,False,False,7.7,True,True,train,day after,1
2000-01-10 18:05:00,1,10.5,synthetic,False,0.0,0.0,0.005,1.0,0.0,0.0,0.0,0.0,0.0,0.0,0.0,67.2,2.0,False,26.0,0.0,,23.58,0.036,18,0,0,False,False,False,False,7.2,True,True,train,day after,1
2000-01-10 18:10:00,1,9.8,synthetic,False,0.0,0.0,0.0,1.0,0.0,0.0,0.0,0.0,0.0,0.0,0.0,67.5,1.0,False,35.0,0.0,,23.67,0.02,18,0,0,False,False,False,False,7.3,True,True,train,day after,1
2000-01-10 18:15:00,1,9.0,synthetic,False,0.0,0.0,0.0,1.0,0.0,0.0,0.0,0.0,0.0,0.0,0.0,,,True,22.0,0.0,,23.75,0.009,18,0,0,False,False,False,False,8.0,True,True,train,day after,1
2000-01-10 18:20:00,1,8.6,synthetic,False,0.0,0.0,0.0,1.0,0.0,0.0,0.0,0.0,0.0,0.0,0.0,45.1,3.0,False,22.0,0.0,,23.83,0.002,18,0,0,False,False,False,False,8.6,True,True,train,day after,1
2000-01-10 18:25:00,1,8.0,synthetic,False,0.0,0.0,0.0,1.0,0.0,0.0,0.0,0.0,0.0,0.0,0.0,59.3,1.0,False,19.0,0.0,,23.92,0.0,18,0,0,False,False,False,False,9.6,True,True,train,day after,1
2000-01-10 18:30:00,1,7.7,synthetic,False,0.0,0.0,0.0,1.0,0.0,0.0,0.0,0.0,0.0,0.0,0.0,64.2,2.0,False,32.0,0.0,,24.0,0.0,18,0,0,False,False,False,False,9.4,True,True,train,day after,1
2000-01-10 18:35:00,1,7.2,synthetic,False,0.0,0.0,0.0,1.0,0.0,0.0,0.0,0.0,0.0,0.0,0.0,57.9,3.0,False,23.0,0.0,,24.08,0.0,18,0,0,False,False,False,False,9.4,True,True,train,day after,1
2000-01-10 18:40:00,1,7.3,synthetic,False,0.1,58.6,0.1,0.0,1.0,0.0,0.0,0.1078,0.0,0.0,0.0,58.5,5.0,False,34.0,0.0,,24.17,0.0,18,0,0,False,False,False,False,10.0,True,True,train,day after,1
2000-01-10 18:45:00,1,8.0,synthetic,False,0.0,0.0,0.096,0.0,1.0,0.0,0.0,0.1078,0.0,0.0,0.0,70.3,1.0,False,25.0,0.0,,24.25,0.106,18,0,0,False,False,False,False,10.5,True,True,train,day after,1
2000-01-10 18:50:00,1,8.6,synthetic,False,0.0,0.0,0.092,0.0,1.0,0.0,0.0,0.1078,0.0,0.0,0.0,53.9,4.0,False,28.0,0.0,,24.33,0.207,18,0,0,False,False,False,False,11.4,True,True,train,day after,1
2000-01-10 18:55:00,1,9.6,synthetic,False,0.0,0.0,0.088,0.0,1.0,0.0,0.0,0.1078,0.0,0.0,0.0,51.9,3.0,False,27.0,0.0,,24.42,0.303,18,0,0,False,False,False,False,12.6,True,True,train,day after,1
2000-01-10 19:00:00,1,9.4,synthetic,False,0.0,0.0,0.083,0.0,1.0,0.0,0.0,0.1078,0.0,0.0,0.0,56.2,5.0,False,25.0,0.0,,24.5,0.395,19,0,0,False,False,False,False,13.4,True,True,train,day after,1
2000-01-10 19:05:00,1,9.4,synthetic,False,0.0,0.0,0.079,0.0,1.0,0.0,0.0,0.1078,0.0,0.0,0.0,57.8,1.0,False,16.0,0.0,,24.58,0.483,19,0,0,False,False,False,False,13.3,True,True,train,day after,1
2000-01-10 19:10:00,1,10.0,synthetic,False,0.0,0.0,0.075,0.0,0.0,1.0,0.0,0.0833,0.0,0.0,0.0,64.8,3.0,False,25.0,0.0,,24.67,0.566,19,0,0,False,False,False,False,13.5,True,True,train,day after,1
2000-01-10 19:15:00,1,10.5,synthetic,False,0.0,0.0,0.071,0.0,1.0,0.0,0.0,0.1078,0.0,0.0,0.0,69.2,5.0,False,21.0,0.0,,24.75,0.621,19,0,0,False,False,False,False,13.3,True,True,train,day after,1
2000-01-10 19:20:00,1,11.4,synthetic,False,0.0,0.0,0.067,0.0,1.0,0.0,0.0,0.1078,0.0,0.0,0.0,49.9,2.0,False,23.0,0.0,,24.83,0.696,19,0,0,False,False,False,False,13.5,True,True,train,day after,1
2000-01-10 19:25:00,1,12.6,synthetic,False,0.0,0.0,0.062,0.0,1.0,0.0,0.0,0.1078,0.0,0.0,0.0,,,True,22.0,0.0,,24.92,0.766,19,0,0,False,False,False,False,13.2,True,True,train,day after,1
2000-01-10 19:30:00,1,13.4,synthetic,False,0.0,0.0,0.058,0.0,1.0,0.0,0.0,0.1078,0.0,0.0,0.0,,,True,25.0,0.0,,25.0,0.832,19,0,0,False,False,False,False,13.5,True,True,train,day after,1
2000-01-10 19:35:00,1,13.3,synthetic,False,0.0,0.0,0.054,0.0,1.0,0.0,0.0,0.1078,0.0,0.0,0.0,66.7,1.0,False,21.0,0.0,,25.08,0.894,19,0,0,False,False,False,False,,True,False,train,day after,1
2000-01-10 19:40:00,1,13.5,synthetic,False,0.0,0.0,0.05,0.0,1.0,0.0,0.0,0.1078,0.0,0.0,0.0,,,True,23.0,0.0,,25.17,0.951,19,0,0,False,False,False,False,12.4,True,True,train,day after,1
2000-01-10 19:45:00,1,13.3,synthetic,False,0.0,0.0,0.046,0.0,1.0,0.0,0.0,0.1078,0.0,0.0,0.0,,,True,24.0,0.0,,25.25,1.004,19,0,0,False,False,False,False,11.9,True,True,train,day after,1
2000-01-10 19:50:00,1,13.5,synthetic,False,0.0,0.0,0.042,0.0,1.0,0.0,0.0,0.1078,0.0,0.0,0.0,,,True,26.0,0.0,,25.33,1.052,19,0,0,False,False,False,False,12.6,True,True,train,day after,1
2000-01-10 19:55:00,1,13.2,synthetic,False,0.0,0.0,0.038,1.0,0.0,0.0,0.0,0.0,0.0,0.0,0.0,,,True,22.0,0.0,,25.42,1.096,19,0,0,False,False,False,False,12.9,True,True,train,day after,1
2000-01-10 20:00:00,1,13.5,synthetic,False,0.0,0.0,0.033,1.0,0.0,0.0,0.0,0.0,0.0,0.0,0.0,58.3,3.0,False,29.0,0.0,,25.5,1.03,20,0,0,False,False,False,False,12.3,True,True,train,day after,1
2000-01-10 20:05:00,1,,,False,0.0,0.0,0.029,1.0,0.0,0.0,0.0,0.0,0.0,0.0,0.0,66.2,1.0,False,22.0,0.0,,25.58,0.963,20,0,0,False,False,False,True,11.9,False,False,train,day after,1
2000-01-10 20:10:00,1,12.4,synthetic,False,0.0,0.0,0.025,1.0,0.0,0.0,0.0,0.0,0.0,0.0,0.0,73.0,4.0,False,28.0,0.0,,25.67,0.897,20,0,0,False,False,False,False,12.0,False,False,train,day after,1
2000-01-10 20:15:00,1,11.9,synthetic,False,0.0,0.0,0.021,1.0,0.0,0.0,0.0,0.0,0.0,0.0,0.0,61.2,1.0,False,15.0,0.0,,25.75,0.83,20,0,0,False,False,False,False,12.2,False,False,train,day after,1
2000-01-10 20:20:00,1,12.6,synthetic,False,0.0,0.0,0.017,1.0,0.0,0.0,0.0,0.0,0.0,0.0,0.0,58.6,1.0,False,23.0,0.0,,25.83,0.764,20,0,0,False,False,False,False,11.9,False,False,train,day after,1
2000-01-10 20:25:00,1,12.9,synthetic,False,0.0,0.0,0.012,1.0,0.0,0.0,0.0,0.0,0.0,0.0,0.0,65.0,3.0,False,27.0,0.0,,25.92,0.698,20,0,0,False,False,False,False,11.2,False,False,train,day after,1
2000-01-10 20:30:00,1,12.3,synthetic,False,0.0,0.0,0.008,1.0,0.0,0.0,0.0,0.0,0.0,0.0,0.0,,,True,27.0,0.0,,26.0,0.631,20,0,0,False,False,False,False,10.5,False,False,train,day after,1
2000-01-10 20:35:00,1,11.9,synthetic,False,0.0,0.0,0.004,1.0,0.0,0.0,0.0,0.0,0.0,0.0,0.0,,,True,25.0,0.0,,26.08,0.565,20,0,0,False,False,False,False,9.9,False,False,train,day after,1
2000-01-10 20:40:00,1,12.0,synthetic,False,0.0,0.0,0.0,1.0,0.0,0.0,0.0,0.0,0.0,0.0,0.0,55.2,1.0,False,22.0,0.0,,26.17,0.499,20,0,0,False,False,False,False,9.3,False,False,train,day after,1
2000-01-10 20:45:00,1,12.2,synthetic,False,0.0,0.0,0.0,1.0,0.0,0.0,0.0,0.0,0.0,0.0,0.0,65.7,3.0,False,30.0,0.0,,26.25,0.435,20,0,0,False,False,False,False,10.2,False,False,train,day after,1
2000-01-10 20:50:00,1,11.9,synthetic,False,0.0,0.0,0.0,1.0,0.0,0.0,0.0,0.0,0.0,0.0,0.0,72.6,4.0,False,12.0,0.0,,26.33,0.375,20,0,0,False,False,False,False,10.0,False,False,train,day after,1
2000-01-10 20:55:00,1,11.2,synthetic,False,0.0,0.0,0.0,1.0,0.0,0.0,0.0,0.0,0.0,0.0,0.0,,,True,25.0,0.0,,26.42,0.32,20,0,0,False,False,False,False,9.4,False,False,train,day after,1
2000-01-10 21:00:00,1,10.5,synthetic,False,0.0,0.0,0.0,1.0,0.0,0.0,0.0,0.0,0.0,0.0,0.0,62.5,5.0,False,25.0,0.0,,26.5,0.269,21,0,0,False,False,False,False,8.4,False,False,train,day after,1
2000-01-10 21:05:00,1,9.9,synthetic,False,0.0,0.0,0.0,1.0,0.0,0.0,0.0,0.0,0.0,0.0,0.0,54.8,5.0,False,24.0,0.0,,26.58,0.223,21,0,0,False,False,False,False,7.7,True,True,train,day after,1
2000-01-10 21:10:00,1,9.3,synthetic,False,0.0,0.0,0.0,1.0,0.0,0.0,0.0,0.0,0.0,0.0,0.0,70.8,5.0,False,26.0,0.0,,26.67,0.181,21,0,0,False,False,False,False,7.7,True,True,train,day after,1
2000-01-10 21:15:00,1,10.2,synthetic,False,0.0,0.0,0.0,1.0,0.0,0.0,0.0,0.0,0.0,0.0,0.0,,,True,27.0,0.0,,26.75,0.144,21,0,0,False,False,False,False,7.5,True,True,train,day after,1
2000-01-10 21:20:00,1,10.0,synthetic,False,0.0,0.0,0.0,1.0,0.0,0.0,0.0,0.0,0.0,0.0,0.0,,,True,19.0,0.0,,26.83,0.11,21,0,0,False,False,False,False,7.5,True,True,train,day after,1
2000-01-10 21:25:00,1,9.4,synthetic,False,0.0,0.0,0.0,1.0,0.0,0.0,0.0,0.0,0.0,0.0,0.0,58.4,1.0,False,18.0,0.0,,26.92,0.081,21,0,0,False,False,False,False,7.1,True,True,train,day after,1
2000-01-10 21:30:00,1,8.4,synthetic,False,0.0,0.0,0.0,1.0,0.0,0.0,0.0,0.0,0.0,0.0,0.0,70.8,3.0,False,17.0,0.0,,27.0,0.056,21,0,0,False,False,False,False,7.8,True,True,train,day after,1
2000-01-10 21:35:00,1,7.7,synthetic,False,0.0,0.0,0.0,1.0,0.0,0.0,0.0,0.0,0.0,0.0,0.0,,,True,28.0,0.0,,27.08,0.036,21,0,0,False,False,False,False,7.5,True,True,train,day after,1
2000-01-10 21:40:00,1,7.7,synthetic,False,0.0,0.0,0.0,1.0,0.0,0.0,0.0,0.0,0.0,0.0,0.0,,,True,22.0,0.0,,27.17,0.02,21,0,0,False,False,False,False,7.7,True,True,train,day after,1
2000-01-10 21:45:00,1,7.5,synthetic,False,0.0,0.0,0.0,1.0,0.0,0.0,0.0,0.0,0.0,0.0,0.0,60.7,4.0,False,16.0,0.0,,27.25,0.009,21,0,0,False,False,False,False,8.2,True,True,train,day after,1
2000-01-10 21:50:00,1,7.5,synthetic,False,0.0,0.0,0.0,1.0,0.0,0.0,0.0,0.0,0.0,0.0,0.0,54.7,2.0,False,22.0,0.0,,27.33,0.002,21,0,0,False,False,False,False,8.2,True,True,train,day after,1
2000-01-10 21:55:00,1,7.1,synthetic,False,0.0,0.0,0.0,1.0,0.0,0.0,0.0,0.0,0.0,0.0,0.0,,,True,23.0,0.0,,27.42,0.0,21,0,0,False,False,False,False,8.0,True,True,train,day after,1
2000-01-10 22:00:00,1,7.8,synthetic,False,0.0,0.0,0.0,1.0,0.0,0.0,0.0,0.0,0.0,0.0,0.0,69.8,3.0,False,23.0,0.0,,27.5,0.0,22,0,0,False,False,False,False,8.1,True,True,train,day after,1
2000-01-10 22:05:00,1,7.5,synthetic,False,0.0,0.0,0.0,1.0,0.0,0.0,0.0,0.0,0.0,0.0,0.0,,,True,26.0,0.0,,27.58,0.0,22,0,0,False,False,False,False,7.4,True,True,train,day after,1
2000-01-10 22:10:00,1,7.7,synthetic,False,0.0,0.0,0.0,1.0,0.0,0.0,0.0,0.0,0.0,0.0,0.0,,,True,23.0,0.0,,27.67,0.0,22,0,0,False,False,False,False,7.4,True,True,train,day after,1
2000-01-10 22:15:00,1,8.2,synthetic,False,0.0,0.0,0.0,1.0,0.0,0.0,0.0,0.0,0.0,0.0,0.0,59.4,3.0,False,22.0,0.0,,27.75,0.0,22,0,0,False,False,False,False,8.4,True,True,train,day after,1
2000-01-10 22:20:00,1,8.2,synthetic,False,0.0,0.0,0.0,1.0,0.0,0.0,0.0,0.0,0.0,0.0,0.0,,,True,28.0,0.0,,27.83,0.0,22,0,0,False,False,False,False,8.9,True,True,train,day after,1
2000-01-10 22:25:00,1,8.0,synthetic,False,0.0,0.0,0.0,1.0,0.0,0.0,0.0,0.0,0.0,0.0,0.0,,,True,20.0,0.0,,27.92,0.0,22,0,0,False,False,False,False,9.7,True,True,train,day after,1
2000-01-10 22:30:00,1,8.1,synthetic,False,0.0,0.0,0.0,1.0,0.0,0.0,0.0,0.0,0.0,0.0,0.0,61.4,4.0,False,24.0,0.0,,28.0,0.0,22,0,0,False,False,False,False,9.1,True,True,train,day after,1
2000-01-10 22:35:00,1,7.4,synthetic,False,0.0,0.0,0.0,1.0,0.0,0.0,0.0,0.0,0.0,0.0,0.0,53.6,3.0,False,18.0,0.0,,28.08,0.0,22,0,0,False,False,False,False,8.9,True,True,train,day after,1
2000-01-10 22:40:00,1,7.4,synthetic,False,0.0,0.0,0.0,1.0,0.0,0.0,0.0,0.0,0.0,0.0,0.0,67.3,1.0,False,20.0,0.0,,28.17,0.0,22,0,0,False,False,False,False,8.7,True,True,train,day after,1
2000-01-10 22:45:00,1,8.4,synthetic,False,0.0,0.0,0.0,1.0,0.0,0.0,0.0,0.0,0.0,0.0,0.0,58.6,2.0,False,23.0,0.0,,28.25,0.0,22,0,0,False,False,False,False,9.2,True,True,train,day after,1
2000-01-10 22:50:00,1,8.9,synthetic,False,0.0,0.0,0.0,1.0,0.0,0.0,0.0,0.0,0.0,0.0,0.0,,,True,28.0,0.0,,28.33,0.0,22,0,0,False,False,False,False,9.3,True,True,train,day after,1
2000-01-10 22:55:00,1,9.7,synthetic,False,0.0,0.0,0.0,1.0,0.0,0.0,0.0,0.0,0.0,0.0,0.0,,,True,22.0,0.0,,28.42,0.0,22,0,0,False,False,False,False,9.3,True,True,train,day after,1
2000-01-10 23:00:00,1,9.1,synthetic,False,0.0,0.0,0.0,1.0,0.0,0.0,0.0,0.0,0.0,0.0,0.0,54.6,5.0,False,1.0,0.0,,28.5,0.0,23,0,0,False,False,False,False,8.5,True,True,train,day after,1
2000-01-10 23:05:00,1,8.9,synthetic,False,0.0,0.0,0.0,1.0,0.0,0.0,0.0,0.0,0.0,0.0,0.0,73.7,4.0,False,2.0,0.0,,28.58,0.0,23,0,0,False,False,False,False,9.0,True,True,train,day after,1
2000-01-10 23:10:00,1,8.7,synthetic,False,0.0,0.0,0.0,1.0,0.0,0.0,0.0,0.0,0.0,0.0,0.0,48.0,3.0,False,0.0,0.0,,28.67,0.0,23,0,0,False,False,False,False,9.1,True,True,train,day after,1
2000-01-10 23:15:00,1,9.2,synthetic,False,0.0,0.0,0.0,1.0,0.0,0.0,0.0,0.0,0.0,0.0,0.0,,,True,3.0,0.0,,28.75,0.0,23,0,0,False,False,False,False,9.5,True,True,train,day after,1
2000-01-10 23:20:00,1,9.3,synthetic,False,0.0,0.0,0.0,1.0,0.0,0.0,0.0,0.0,0.0,0.0,0.0,,,True,0.0,0.0,,28.83,0.0,23,0,0,False,False,False,False,9.3,True,True,train,day after,1
2000-01-10 23:25:00,1,9.3,synthetic,False,0.0,0.0,0.0,1.0,0.0,0.0,0.0,0.0,0.0,0.0,0.0,64.8,2.0,False,0.0,0.0,,28.92,0.0,23,0,0,False,False,False,False,8.9,True,True,train,day after,1
2000-01-10 23:30:00,1,8.5,synthetic,False,0.0,0.0,0.0,1.0,0.0,0.0,0.0,0.0,0.0,0.0,0.0,,,True,2.0,0.0,,29.0,0.0,23,0,0,False,False,False,False,8.4,True,True,train,day after,1
2000-01-10 23:35:00,1,9.0,synthetic,False,0.0,0.0,0.0,1.0,0.0,0.0,0.0,0.0,0.0,0.0,0.0,71.5,2.0,False,1.0,0.0,,29.08,0.0,23,0,0,False,False,False,False,8.7,True,True,train,day after,1
2000-01-10 23:40:00,1,9.1,synthetic,False,0.0,0.0,0.0,1.0,0.0,0.0,0.0,0.0,0.0,0.0,0.0,,,True,5.0,0.0,,29.17,0.0,23,0,0,False,False,False,False,7.8,True,True,train,day after,1
2000-01-10 23:45:00,1,9.5,synthetic,False,0.0,0.0,0.0,1.0,0.0,0.0,0.0,0.0,0.0,0.0,0.0,52.1,5.0,False,0.0,0.0,,29.25,0.0,23,0,0,False,False,False,False,7.9,True,True,train,day after,1
2000-01-10 23:50:00,1,9.3,synthetic,False,0.0,0.0,0.0,1.0,0.0,0.0,0.0,0.0,0.0,0.0,0.0,60.2,2.0,False,2.0,0.0,,29.33,0.0,23,0,0,False,False,False,False,,True,False,train,day after,1
2000-01-10 23:55:00,1,8.9,synthetic,False,0.0,0.0,0.0,1.0,0.0,0.0,0.0,0.0,0.0,0.0,0.0,60.1,3.0,False,1.0,0.0,,29.42,0.0,23,0,0,False,False,False,False,7.9,True,True,train,day after,1
2000-01-11 00:00:00,1,8.4,synthetic,False,0.0,0.0,0.0,1.0,0.0,0.0,0.0,0.0,0.0,0.0,0.0,45.5,4.0,False,1.0,0.0,,29.5,0.0,0,1,0,False,False,False,False,8.4,True,True,train,exercise day,1
2000-01-11 00:05:00,1,8.7,synthetic,False,0.0,0.0,0.0,1.0,0.0,0.0,0.0,0.0,0.0,0.0,0.0,,,True,2.0,0.0,,29.58,0.0,0,1,0,False,False,False,False,,True,False,train,exercise day,1
2000-01-11 00:10:00,1,7.8,synthetic,False,0.0,0.0,0.0,1.0,0.0,0.0,0.0,0.0,0.0,0.0,0.0,65.3,2.0,False,1.0,0.0,,29.67,0.0,0,1,0,False,False,False,False,8.5,True,True,train,exercise day,1
2000-01-11 00:15:00,1,7.9,synthetic,False,0.0,0.0,0.0,1.0,0.0,0.0,0.0,0.0,0.0,0.0,0.0,,,True,1.0,0.0,,29.75,0.0,0,1,0,False,False,False,False,7.5,True,True,train,exercise day,1
2000-01-11 00:20:00,1,,,False,0.0,0.0,0.0,1.0,0.0,0.0,0.0,0.0,0.0,0.0,0.0,55.6,1.0,False,0.0,0.0,,29.83,0.0,0,1,0,False,False,False,True,7.8,False,False,train,exercise day,1
2000-01-11 00:25:00,1,7.9,synthetic,False,0.0,0.0,0.0,1.0,0.0,0.0,0.0,0.0,0.0,0.0,0.0,53.7,3.0,False,0.0,0.0,,29.92,0.0,0,1,0,False,False,False,False,7.4,False,False,train,exercise day,1
2000-01-11 00:30:00,1,8.4,synthetic,False,0.0,0.0,0.0,1.0,0.0,0.0,0.0,0.0,0.0,0.0,0.0,,,True,2.0,0.0,,30.0,0.0,0,1,0,False,False,False,False,7.7,False,False,train,exercise day,1
2000-01-11 00:35:00,1,,,False,0.0,0.0,0.0,1.0,0.0,0.0,0.0,0.0,0.0,0.0,0.0,,,True,1.0,0.0,,30.08,0.0,0,1,0,False,False,False,True,8.4,False,False,train,exercise day,1
2000-01-11 00:40:00,1,8.5,synthetic,False,0.0,0.0,0.0,1.0,0.0,0.0,0.0,0.0,0.0,0.0,0.0,65.5,1.0,False,2.0,0.0,,30.17,0.0,0,1,0,False,False,False,False,8.1,False,False,train,exercise day,1
2000-01-11 00:45:00,1,7.5,synthetic,False,0.0,0.0,0.0,1.0,0.0,0.0,0.0,0.0,0.0,0.0,0.0,50.5,4.0,False,0.0,0.0,,30.25,0.0,0,1,0,False,False,False,False,7.9,False,False,train,exercise day,1
2000-01-11 00:50:00,1,7.8,synthetic,False,0.0,0.0,0.0,1.0,0.0,0.0,0.0,0.0,0.0,0.0,0.0,60.0,2.0,False,1.0,0.0,,30.33,0.0,0,1,0,False,False,False,False,8.4,False,False,train,exercise day,1
2000-01-11 00:55:00,1,7.4,synthetic,False,0.0,0.0,0.0,1.0,0.0,0.0,0.0,0.0,0.0,0.0,0.0,59.2,1.0,False,0.0,0.0,,30.42,0.0,0,1,0,False,False,False,False,8.4,False,False,train,exercise day,1
2000-01-11 01:00:00,1,7.7,synthetic,False,0.0,0.0,0.0,1.0,0.0,0.0,0.0,0.0,0.0,0.0,0.0,,,True,2.0,0.0,,30.5,0.0,1,1,0,False,False,False,False,8.3,False,False,train,exercise day,1
2000-01-11 01:05:00,1,8.4,synthetic,False,0.0,0.0,0.0,1.0,0.0,0.0,0.0,0.0,0.0,0.0,0.0,56.8,5.0,False,0.0,0.0,,30.58,0.0,1,1,0,False,False,False,False,8.7,False,False,train,exercise day,1
2000-01-11 01:10:00,1,8.1,synthetic,False,0.0,0.0,0.0,1.0,0.0,0.0,0.0,0.0,0.0,0.0,0.0,61.5,2.0,False,0.0,0.0,,30.67,0.0,1,1,0,False,False,False,False,8.4,False,False,train,exercise day,1
2000-01-11 01:15:00,1,7.9,synthetic,False,0.0,0.0,0.0,0.0,1.0,0.0,0.0,0.1078,0.0,0.0,0.0,57.1,3.0,False,1.0,0.0,,30.75,0.0,1,1,0,False,False,False,False,8.7,False,False,train,exercise day,1
2000-01-11 01:20:00,1,8.4,synthetic,False,0.0,0.0,0.0,0.0,1.0,0.0,0.0,0.1078,0.0,0.0,0.0,,,True,3.0,0.0,,30.83,0.106,1,1,0,False,False,False,False,8.6,False,False,train,exercise day,1
2000-01-11 01:25:00,1,8.4,synthetic,False,0.0,0.0,0.0,0.0,1.0,0.0,0.0,0.1078,0.0,0.0,0.0,59.4,2.0,False,0.0,0.0,,30.92,0.207,1,1,0,False,False,False,False,7.6,False,False,train,exercise day,1
2000-01-11 01:30:00,1,8.3,synthetic,False,0.0,0.0,0.0,0.0,1.0,0.0,0.0,0.1078,0.0,0.0,0.0,51.3,1.0,False,0.0,0.0,,31.0,0.303,1,1,0,False,False,False,False,7.8,False,False,train,exercise day,1
2000-01-11 01:35:00,1,8.7,synthetic,False,0.0,0.0,0.0,0.0,1.0,0.0,0.0,0.1078,0.0,0.0,0.0,60.5,5.0,False,3.0,0.0,,31.08,0.395,1,1,0,False,False,False,False,7.8,True,True,train,exercise day,1
2000-01-11 01:40:00,1,8.4,synthetic,False,0.0,0.0,0.0,0.0,1.0,0.0,0.0,0.1078,0.0,0.0,0.0,,,True,0.0,0.0,,31.17,0.483,1,1,0,False,False,False,False,7.6,True,True,train,exercise day,1
2000-01-11 01:45:00,1,8.7,synthetic,False,0.0,0.0,0.0,0.0,1.0,0.0,0.0,0.1078,0.0,0.0,0.0,64.0,1.0,False,2.0,0.0,,31.25,0.566,1,1,0,False,False,False,False,7.5,True,True,train,exercise day,1
2000-01-11 01:50:00,1,8.6,synthetic,False,0.0,0.0,0.0,0.0,1.0,0.0,0.0,0.1078,0.0,0.0,0.0,62.4,5.0,False,2.0,0.0,,31.33,0.645,1,1,0,False,False,False,False,7.0,True,True,train,exercise day,1
2000-01-11 01:55:00,1,7.6,synthetic,False,0.0,0.0,0.0,0.0,1.0,0.0,0.0,0.1078,0.0,0.0,0.0,,,True,4.0,0.0,,31.42,0.719,1,1,0,False,False,False,False,6.7,True,True,train,exercise day,1
2000-01-11 02:00:00,1,7.8,synthetic,False,0.0,0.0,0.0,0.0,1.0,0.0,0.0,0.1078,0.0,0.0,0.0,,,True,1.0,0.0,,31.5,0.788,2,1,0,False,False,False,False,7.2,True,True,train,exercise day,1
2000-01-11 02:05:00,1,7.8,synthetic,False,0.0,0.0,0.0,0.0,1.0,0.0,0.0,0.1078,0.0,0.0,0.0,48.8,4.0,False,1.0,0.0,,31.58,0.853,2,1,0,False,False,False,False,7.0,True,True,train,exercise day,1
2000-01-11 02:10:00,1,7.6,synthetic,False,0.0,0.0,0.0,0.0,1.0,0.0,0.0,0.1078,0.0,0.0,0.0,55.4,1.0,False,3.0,0.0,,31.67,0.914,2,1,0,False,False,False,False,6.8,True,True,train,exercise day,1
2000-01-11 02:15:00,1,7.5,synthetic,False,0.0,0.0,0.0,0.0,1.0,0.0,0.0,0.1078,0.0,0.0,0.0,70.0,1.0,False,0.0,0.0,,31.75,0.97,2,1,0,False,False,False,False,6.1,True,True,train,exercise day,1
2000-01-11 02:20:00,1,7.0,synthetic,False,0.0,0.0,0.0,0.0,1.0,0.0,0.0,0.1078,0.0,0.0,0.0,45.9,1.0,False,1.0,0.0,,31.83,1.022,2,1,0,False,False,False,False,5.4,True,True,train,exercise day,1
2000-01-11 02:25:00,1,6.7,synthetic,False,0.0,0.0,0.0,0.0,1.0,0.0,0.0,0.1078,0.0,0.0,0.0,52.3,1.0,False,0.0,0.0,,31.92,1.069,2,1,0,False,False,False,False,5.6,True,True,train,exercise day,1
2000-01-11 02:30:00,1,7.2,synthetic,False,0.0,0.0,0.0,0.0,1.0,0.0,0.0,0.1078,0.0,0.0,0.0,,,True,3.0,0.0,,32.0,1.112,2,1,0,False,False,False,False,5.3,True,True,train,exercise day,1
2000-01-11 02:35:00,1,7.0,synthetic,False,0.0,0.0,0.0,0.0,1.0,0.0,0.0,0.1078,0.0,0.0,0.0,,,True,2.0,0.0,,32.08,1.15,2,1,0,False,False,False,False,5.2,True,True,train,exercise day,1
2000-01-11 02:40:00,1,6.8,synthetic,False,0.0,0.0,0.0,0.0,1.0,0.0,0.0,0.1078,0.0,0.0,0.0,,,True,3.0,0.0,,32.17,1.184,2,1,0,False,False,False,False,4.7,True,True,train,exercise day,1
2000-01-11 02:45:00,1,6.1,synthetic,False,0.0,0.0,0.0,0.0,1.0,0.0,0.0,0.1078,0.0,0.0,0.0,64.3,4.0,False,1.0,0.0,,32.25,1.213,2,1,0,False,False,False,False,4.2,True,True,train,exercise day,1
2000-01-11 02:50:00,1,5.4,synthetic,False,0.0,0.0,0.0,0.0,1.0,0.0,0.0,0.1078,0.0,0.0,0.0,,,True,2.0,0.0,,32.33,1.237,2,1,0,False,False,False,False,4.2,True,True,train,exercise day,1
2000-01-11 02:55:00,1,5.6,synthetic,False,0.0,0.0,0.0,0.0,1.0,0.0,0.0,0.1078,0.0,0.0,0.0,67.4,4.0,False,1.0,0.0,,32.42,1.258,2,1,0,False,False,False,False,3.2,True,True,train,exercise day,1
2000-01-11 03:00:00,1,5.3,synthetic,False,0.0,0.0,0.0,0.0,1.0,0.0,0.0,0.1078,0.0,0.0,0.0,67.2,4.0,False,1.0,0.0,,32.5,1.273,3,1,0,False,False,False,False,3.8,True,True,train,exercise day,1
2000-01-11 03:05:00,1,5.2,synthetic,False,0.0,0.0,0.0,0.0,1.0,0.0,0.0,0.1078,0.0,0.0,0.0,47.5,2.0,False,1.0,0.0,,32.58,1.285,3,1,0,False,False,False,False,3.7,True,True,train,exercise day,1
2000-01-11 03:10:00,1,4.7,synthetic,False,0.0,0.0,0.0,0.0,1.0,0.0,0.0,0.1078,0.0,0.0,0.0,59.7,5.0,False,4.0,0.0,,32.67,1.291,3,1,0,False,False,False,False,3.3,True,True,train,exercise day,1
2000-01-11 03:15:00,1,4.2,synthetic,False,0.0,0.0,0.0,0.0,1.0,0.0,0.0,0.1078,0.0,0.0,0.0,44.9,1.0,False,2.0,0.0,,32.75,1.294,3,1,0,False,False,False,False,3.5,True,True,train,exercise day,1
2000-01-11 03:20:00,1,4.2,synthetic,False,0.0,0.0,0.0,0.0,1.0,0.0,0.0,0.1078,0.0,0.0,0.0,,,True,0.0,0.0,,32.83,1.294,3,1,0,False,False,False,False,4.7,True,True,train,exercise day,1
2000-01-11 03:25:00,1,3.2,synthetic,False,0.0,0.0,0.0,0.0,1.0,0.0,0.0,0.1078,0.0,0.0,0.0,43.6,2.0,False,0.0,0.0,,32.92,1.294,3,1,0,False,False,False,False,4.6,True,True,train,exercise day,1
2000-01-11 03:30:00,1,3.8,synthetic,False,0.0,0.0,0.0,0.0,1.0,0.0,0.0,0.1078,0.0,0.0,0.0,37.9,3.0,False,1.0,0.0,,33.0,1.294,3,1,0,False,False,False,False,4.8,True,True,train,exercise day,1
2000-01-11 03:35:00,1,3.7,synthetic,False,0.0,0.0,0.0,0.0,1.0,0.0,0.0,0.1078,0.0,0.0,0.0,46.5,1.0,False,1.0,0.0,,33.08,1.294,3,1,0,False,False,False,False,5.2,True,True,train,exercise day,1
2000-01-11 03:40:00,1,3.3,synthetic,False,0.0,0.0,0.0,0.0,1.0,0.0,0.0,0.1078,0.0,0.0,0.0,,,True,2.0,0.0,,33.17,1.294,3,1,0,False,False,False,False,5.4,True,True,train,exercise day,1
2000-01-11 03:45:00,1,3.5,synthetic,False,0.0,0.0,0.0,0.0,1.0,0.0,0.0,0.1078,0.0,0.0,0.0,,,True,2.0,0.0,,33.25,1.294,3,1,0,False,False,False,False,6.4,True,True,train,exercise day,1
2000-01-11 03:50:00,1,4.7,synthetic,False,0.0,0.0,0.0,0.0,1.0,0.0,0.0,0.1078,0.0,0.0,0.0,,,True,0.0,0.0,,33.33,1.294,3,1,0,False,False,False,False,,True,False,train,exercise day,1
2000-01-11 03:55:00,1,4.6,synthetic,False,0.0,0.0,0.0,0.0,1.0,0.0,0.0,0.1078,0.0,0.0,0.0,,,True,2.0,0.0,,33.42,1.294,3,1,0,False,False,False,False,6.6,True,True,train,exercise day,1
2000-01-11 04:00:00,1,4.8,synthetic,False,0.0,0.0,0.0,0.0,0.0,1.0,0.0,0.0833,0.0,0.0,0.0,,,True,0.0,0.0,,33.5,1.294,4,1,0,False,False,False,False,7.2,True,True,train,exercise day,1
2000-01-11 04:05:00,1,5.2,synthetic,False,0.0,0.0,0.0,0.0,1.0,0.0,0.0,0.1078,0.0,0.0,0.0,63.2,5.0,False,1.0,0.0,,33.58,1.27,4,1,0,False,False,False,False,7.0,True,True,train,exercise day,1
2000-01-11 04:10:00,1,5.4,synthetic,False,0.0,0.0,0.0,0.0,1.0,0.0,0.0,0.1078,0.0,0.0,0.0,50.2,4.0,False,0.0,0.0,,33.67,1.271,4,1,0,False,False,False,False,6.8,True,True,train,exercise day,1
2000-01-11 04:15:00,1,6.4,synthetic,False,0.0,0.0,0.0,0.0,1.0,0.0,0.0,0.1078,0.0,0.0,0.0,71.7,5.0,False,2.0,0.0,,33.75,1.272,4,1,0,False,False,False,False,6.6,True,True,train,exercise day,1
2000-01-11 04:20:00,1,,,False,0.0,0.0,0.0,0.0,1.0,0.0,0.0,0.1078,0.0,0.0,0.0,,,True,1.0,0.0,,33.83,1.273,4,1,0,False,False,False,True,5.7,False,False,train,exercise day,1
2000-01-11 04:25:00,1,6.6,synthetic,False,0.0,0.0,0.0,0.0,1.0,0.0,0.0,0.1078,0.0,0.0,0.0,,,True,0.0,0.0,,33.92,1.274,4,1,0,False,False,False,False,5.7,False,False,train,exercise day,1
2000-01-11 04:30:00,1,7.2,synthetic,False,0.0,0.0,0.0,0.0,1.0,0.0,0.0,0.1078,0.0,0.0,0.0,43.7,2.0,False,1.0,0.0,,34.0,1.275,4,1,0,False,False,False,False,5.7,False,False,train,exercise day,1
2000-01-11 04:35:00,1,7.0,synthetic,False,0.0,0.0,0.0,0.0,1.0,0.0,0.0,0.1078,0.0,0.0,0.0,,,True,1.0,0.0,,34.08,1.276,4,1,0,False,False,False,False,5.9,False,False,train,exercise day,1
2000-01-11 04:40:00,1,6.8,synthetic,False,0.0,0.0,0.0,0.0,1.0,0.0,0.0,0.1078,0.0,0.0,0.0,60.3,1.0,False,1.0,0.0,,34.17,1.277,4,1,0,False,False,False,False,5.5,False,False,train,exercise day,1
2000-01-11 04:45:00,1,6.6,synthetic,False,0.0,0.0,0.0,0.0,1.0,0.0,0.0,0.1078,0.0,0.0,0.0,,,True,0.0,0.0,,34.25,1.278,4,1,0,False,False,False,False,5.4,False,False,train,exercise day,1
2000-01-11 04:50:00,1,5.7,synthetic,False,0.0,0.0,0.0,0.0,1.0,0.0,0.0,0.1078,0.0,0.0,0.0,49.3,4.0,False,1.0,0.0,,34.33,1.279,4,1,0,False,False,False,False,5.9,False,False,train,exercise day,1
2000-01-11 04:55:00,1,5.7,synthetic,False,0.0,0.0,0.0,0.0,1.0,0.0,0.0,0.1078,0.0,0.0,0.0,58.0,2.0,False,1.0,0.0,,34.42,1.28,4,1,0,False,False,False,False,5.7,False,False,train,exercise day,1
2000-01-11 05:00:00,1,5.7,synthetic,False,0.0,0.0,0.0,0.0,1.0,0.0,0.0,0.1078,0.0,0.0,0.0,,,True,0.0,0.0,,34.5,1.281,5,1,0,False,False,False,False,5.2,False,False,train,exercise day,1
2000-01-11 05:05:00,1,5.9,synthetic,False,0.0,0.0,0.0,0.0,1.0,0.0,0.0,0.1078,0.0,0.0,0.0,42.0,2.0,False,0.0,0.0,,34.58,1.282,5,1,0,False,False,False,False,4.9,False,False,train,exercise day,1
2000-01-11 05:10:00,1,5.5,synthetic,False,0.0,0.0,0.0,0.0,1.0,0.0,0.0,0.1078,0.0,0.0,0.0,,,True,3.0,0.0,,34.67,1.283,5,1,0,False,False,False,False,4.6,False,False,train,exercise day,1
2000-01-11 05:15:00,1,5.4,synthetic,False,0.0,0.0,0.0,0.0,1.0,0.0,0.0,0.1078,0.0,0.0,0.0,,,True,1.0,0.0,,34.75,1.284,5,1,0,False,False,False,False,4.6,False,False,train,exercise day,1
2000-01-11 05:20:00,1,5.9,synthetic,False,0.0,0.0,0.0,0.0,1.0,0.0,0.0,0.1078,0.0,0.0,0.0,65.1,3.0,False,0.0,0.0,,34.83,1.285,5,1,0,False,False,False,False,4.9,True,True,train,exercise day,1
2000-01-11 05:25:00,1,5.7,synthetic,False,0.0,0.0,0.0,0.0,1.0,0.0,0.0,0.1078,0.0,0.0,0.0,53.5,4.0,False,2.0,0.0,,34.92,1.286,5,1,0,False,False,False,False,5.9,True,True,train,exercise day,1
2000-01-11 05:30:00,1,5.2,synthetic,False,0.0,0.0,0.0,0.0,1.0,0.0,0.0,0.1078,0.0,0.0,0.0,39.4,5.0,False,1.0,0.0,,35.0,1.287,5,1,0,False,False,False,False,5.8,True,True,train,exercise day,1
2000-01-11 05:35:00,1,4.9,synthetic,False,0.0,0.0,0.0,0.0,1.0,0.0,0.0,0.1078,0.0,0.0,0.0,58.2,4.0,False,2.0,0.0,,35.08,1.288,5,1,0,False,False,False,False,6.6,True,True,train,exercise day,1
2000-01-11 05:40:00,1,4.6,synthetic,False,0.0,0.0,0.0,0.0,1.0,0.0,0.0,0.1078,0.0,0.0,0.0,54.9,1.0,False,2.0,0.0,,35.17,1.289,5,1,0,False,False,False,False,6.3,True,True,train,exercise day,1
2000-01-11 05:45:00,1,4.6,synthetic,False,0.0,0.0,0.0,0.0,1.0,0.0,0.0,0.1078,0.0,0.0,0.0,,,True,2.0,0.0,,35.25,1.29,5,1,0,False,False,False,False,6.6,True,True,train,exercise day,1
2000-01-11 05:50:00,1,4.9,synthetic,False,0.0,0.0,0.0,0.0,1.0,0.0,0.0,0.1078,0.0,0.0,0.0,,,True,1.0,0.0,,35.33,1.291,5,1,0,False,False,False,False,6.5,True,True,train,exercise day,1
2000-01-11 05:55:00,1,5.9,synthetic,False,0.0,0.0,0.0,0.0,1.0,0.0,0.0,0.1078,0.0,0.0,0.0,,,True,2.0,0.0,,35.42,1.292,5,1,0,False,False,False,False,6.4,True,True,train,exercise day,1
2000-01-11 06:00:00,1,5.8,synthetic,False,0.0,0.0,0.0,0.0,1.0,0.0,0.0,0.1078,0.0,0.0,0.0,54.5,4.0,False,3.0,0.0,,35.5,1.293,6,1,0,False,False,False,False,7.0,True,True,train,exercise day,1
2000-01-11 06:05:00,1,6.6,synthetic,False,0.0,0.0,0.0,0.0,1.0,0.0,0.0,0.1078,0.0,0.0,0.0,47.1,3.0,False,0.0,0.0,,35.58,1.294,6,1,0,False,False,False,False,6.8,True,True,train,exercise day,1
2000-01-11 06:10:00,1,6.3,synthetic,False,0.0,0.0,0.0,0.0,1.0,0.0,0.0,0.1078,0.0,0.0,0.0,61.6,2.0,False,1.0,0.0,,35.67,1.294,6,1,0,False,False,False,False,7.2,True,True,train,exercise day,1
2000-01-11 06:15:00,1,6.6,synthetic,False,0.0,0.0,0.0,0.0,1.0,0.0,0.0,0.1078,0.0,0.0,0.0,39.6,1.0,False,2.0,0.0,,35.75,1.294,6,1,0,False,False,False,False,7.9,True,True,train,exercise day,1
2000-01-11 06:20:00,1,6.5,synthetic,False,0.0,0.0,0.0,0.0,1.0,0.0,0.0,0.1078,0.0,0.0,0.0,54.6,1.0,False,2.0,0.0,,35.83,1.294,6,1,0,False,False,False,False,8.1,True,True,train,exercise day,1
2000-01-11 06:25:00,1,6.4,synthetic,False,0.0,0.0,0.0,1.0,0.0,0.0,0.0,0.0,0.0,0.0,0.0,,,True,0.0,0.0,,35.92,1.294,6,1,0,False,False,False,False,8.3,True,True,train,exercise day,1
2000-01-11 06:30:00,1,7.0,synthetic,False,0.0,0.0,0.0,1.0,0.0,0.0,0.0,0.0,0.0,0.0,0.0,47.0,5.0,False,1.0,0.0,,36.0,1.188,6,1,0,False,False,False,False,8.2,True,True,train,exercise day,1
2000-01-11 06:35:00,1,6.8,synthetic,False,0.0,0.0,0.0,1.0,0.0,0.0,0.0,0.0,0.0,0.0,0.0,,,True,3.0,0.0,,36.08,1.087,6,1,0,False,False,False,False,8.6,True,True,train,exercise day,1
2000-01-11 06:40:00,1,7.2,synthetic,False,3.61,21.3,3.608,1.0,0.0,0.0,0.0,0.0,0.0,0.0,0.0,60.3,4.0,False,0.0,0.0,,36.17,0.99,6,1,0,False,False,False,False,8.8,True,True,train,exercise day,1
2000-01-11 06:45:00,1,7.9,synthetic,False,0.0,0.0,3.458,1.0,0.0,0.0,0.0,0.0,0.0,0.0,0.0,,,True,1.0,0.0,,36.25,0.898,6,1,0,False,False,False,False,8.4,True,True,train,exercise day,1
2000-01-11 06:50:00,1,8.1,synthetic,False,0.0,0.0,3.307,1.0,0.0,0.0,0.0,0.0,0.0,0.0,0.0,52.2,2.0,False,0.0,0.0,,36.33,0.811,6,1,0,False,False,False,False,8.4,True,True,train,exercise day,1
2000-01-11 06:55:00,1,8.3,synthetic,False,0.0,0.0,3.157,1.0,0.0,0.0,0.0,0.0,0.0,0.0,0.0,60.1,2.0,False,0.0,0.0,,36.42,0.728,6,1,0,False,False,False,False,8.8,True,True,train,exercise day,1
2000-01-11 07:00:00,1,8.2,synthetic,False,0.0,0.0,3.007,1.0,0.0,0.0,0.0,0.0,0.0,0.0,0.0,,,True,34.0,0.0,,36.5,0.649,7,1,0,False,False,False,False,8.8,True,True,train,exercise day,1
2000-01-11 07:05:00,1,8.6,synthetic,False,0.0,0.0,2.856,1.0,0.0,0.0,0.0,0.0,0.0,0.0,0.0,,,True,31.0,0.0,,36.58,0.575,7,1,0,False,False,False,False,,True,False,train,exercise day,1
2000-01-11 07:10:00,1,8.8,synthetic,False,0.0,0.0,2.706,1.0,0.0,0.0,0.0,0.0,0.0,0.0,0.0,43.1,2.0,False,36.0,0.0,,36.67,0.505,7,1,0,False,False,False,False,9.2,True,True,train,exercise day,1
2000-01-11 07:15:00,1,8.4,synthetic,False,0.0,0.0,2.556,1.0,0.0,0.0,0.0,0.0,0.0,0.0,0.0,43.2,4.0,False,23.0,0.0,,36.75,0.44,7,1,0,False,False,False,False,9.4,True,True,train,exercise day,1
2000-01-11 07:20:00,1,8.4,synthetic,False,0.0,0.0,2.405,1.0,0.0,0.0,0.0,0.0,0.0,0.0,0.0,,,True,29.0,0.0,,36.83,0.38,7,1,0,False,False,False,False,9.6,True,True,train,exercise day,1
2000-01-11 07:25:00,1,8.8,synthetic,False,0.0,0.0,2.255,1.0,0.0,0.0,0.0,0.0,0.0,0.0,0.0,50.6,2.0,False,21.0,0.0,,36.92,0.323,7,1,0,False,False,False,False,9.1,True,True,train,exercise day,1
2000-01-11 07:30:00,1,8.8,synthetic,False,0.0,0.0,2.105,1.0,0.0,0.0,0.0,0.0,0.0,0.0,0.0,,,True,17.0,0.0,,37.0,0.272,7,1,0,False,False,False,False,8.2,True,True,train,exercise day,1
2000-01-11 07:35:00,1,,,False,0.0,0.0,1.954,1.0,0.0,0.0,0.0,0.0,0.0,0.0,0.0,,,True,25.0,0.0,,37.08,0.225,7,1,0,False,False,False,True,7.9,False,False,train,exercise day,1
2000-01-11 07:40:00,1,9.2,synthetic,False,0.0,0.0,1.804,1.0,0.0,0.0,0.0,0.0,0.0,0.0,0.0,48.6,1.0,False,24.0,0.0,,37.17,0.182,7,1,0,False,False,False,False,7.3,False,False,train,exercise day,1
2000-01-11 07:45:00,1,9.4,synthetic,False,0.0,0.0,1.654,1.0,0.0,0.0,0.0,0.0,0.0,0.0,0.0,55.8,2.0,False,24.0,0.0,,37.25,0.144,7,1,0,False,False,False,False,7.3,False,False,train,exercise day,1
2000-01-11 07:50:00,1,9.6,synthetic,False,0.0,0.0,1.503,1.0,0.0,0.0,0.0,0.0,0.0,0.0,0.0,,,True,20.0,0.0,,37.33,0.11,7,1,0,False,False,False,False,7.5,False,False,train,exercise day,1
2000-01-11 07:55:00,1,9.1,synthetic,False,0.0,0.0,1.353,1.0,0.0,0.0,0.0,0.0,0.0,0.0,0.0,40.7,5.0,False,21.0,0.0,,37.42,0.081,7,1,0,False,False,False,False,6.7,False,False,train,exercise day,1
2000-01-11 08:00:00,1,8.2,synthetic,False,0.0,0.0,1.203,1.0,0.0,0.0,0.0,0.0,0.0,0.0,0.0,,,True,22.0,0.0,,37.5,0.056,8,1,0,False,False,False,False,6.1,False,False,train,exercise day,1
2000-01-11 08:05:00,1,7.9,synthetic,False,0.0,0.0,1.052,1.0,0.0,0.0,0.0,0.0,0.0,0.0,0.0,42.7,5.0,False,22.0,0.0,,37.58,0.036,8,1,0,False,False,False,False,6.3,False,False,train,exercise day,1
2000-01-11 08:10:00,1,7.3,synthetic,False,0.0,0.0,0.902,1.0,0.0,0.0,0.0,0.0,0.0,0.0,0.0,63.7,4.0,False,32.0,0.0,,37.67,0.02,8,1,0,False,False,False,False,5.9,False,False,train,exercise day,1
2000-01-11 08:15:00,1,7.3,synthetic,False,0.0,0.0,0.752,1.0,0.0,0.0,0.0,0.0,0.0,0.0,0.0,54.0,4.0,False,21.0,0.0,,37.75,0.009,8,1,0,False,False,False,False,,False,False,train,exercise day,1
2000-01-11 08:20:00,1,7.5,synthetic,False,0.0,0.0,0.601,1.0,0.0,0.0,0.0,0.0,0.0,0.0,0.0,44.1,5.0,False,27.0,0.0,,37.83,0.002,8,1,0,False,False,False,False,5.7,False,False,train,exercise day,1
2000-01-11 08:25:00,1,6.7,synthetic,False,0.0,0.0,0.451,1.0,0.0,0.0,0.0,0.0,0.0,0.0,0.0,37.4,5.0,False,21.0,0.0,,37.92,0.0,8,1,0,False,False,False,False,5.7,False,False,train,exercise day,1
2000-01-11 08:30:00,1,6.1,synthetic,False,0.0,0.0,0.301,1.0,0.0,0.0,0.0,0.0,0.0,0.0,0.0,44.2,2.0,False,35.0,0.0,,38.0,0.0,8,1,0,False,False,False,False,6.1,False,False,train,exercise day,1
2000-01-11 08:35:00,1,6.3,synthetic,False,0.0,0.0,0.15,1.0,0.0,0.0,0.0,0.0,0.0,0.0,0.0,47.7,5.0,False,34.0,0.0,,38.08,0.0,8,1,0,False,False,False,False,5.5,True,True,train,exercise day,1
2000-01-11 08:40:00,1,5.9,synthetic,False,0.0,0.0,0.0,1.0,0.0,0.0,0.0,0.0,0.0,0.0,0.0,,,True,24.0,0.0,,38.17,0.0,8,1,0,False,False,False,False,5.7,True,True,train,exercise day,1
2000-01-11 08:45:00,1,,,False,0.0,0.0,0.0,1.0,0.0,0.0,0.0,0.0,0.0,0.0,0.0,34.8,4.0,False,26.0,0.0,,38.25,0.0,8,1,0,False,False,False,True,4.8,False,False,train,exercise day,1
2000-01-11 08:50:00,1,5.7,synthetic,False,0.0,0.0,0.0,1.0,0.0,0.0,0.0,0.0,0.0,0.0,0.0,,,True,28.0,0.0,,38.33,0.0,8,1,0,False,False,False,False,4.5,False,False,train,exercise day,1
2000-01-11 08:55:00,1,5.7,synthetic,False,0.0,0.0,0.0,1.0,0.0,0.0,0.0,0.0,0.0,0.0,0.0,,,True,18.0,0.0,,38.42,0.0,8,1,0,False,False,False,False,4.2,False,False,train,exercise day,1
2000-01-11 09:00:00,1,6.1,synthetic,False,0.0,0.0,0.0,1.0,0.0,0.0,0.0,0.0,0.0,0.0,0.0,,,True,25.0,0.0,,38.5,0.0,9,1,0,False,False,False,False,3.6,False,False,train,exercise day,1
2000-01-11 09:05:00,1,5.5,synthetic,False,0.0,0.0,0.0,1.0,0.0,0.0,0.0,0.0,0.0,0.0,0.0,,,True,22.0,0.0,,38.58,0.0,9,1,0,False,False,False,False,3.3,False,False,train,exercise day,1
2000-01-11 09:10:00,1,5.7,synthetic,False,0.0,0.0,0.0,1.0,0.0,0.0,0.0,0.0,0.0,0.0,0.0,53.5,3.0,False,25.0,0.0,,38.67,0.0,9,1,0,False,False,False,False,3.7,False,False,train,exercise day,1
2000-01-11 09:15:00,1,4.8,synthetic,False,0.0,0.0,0.0,1.0,0.0,0.0,0.0,0.0,0.0,0.0,0.0,44.6,3.0,False,28.0,0.0,,38.75,0.0,9,1,0,False,False,False,False,4.1,False,False,train,exercise day,1
2000-01-11 09:20:00,1,4.5,synthetic,False,0.0,0.0,0.0,1.0,0.0,0.0,0.0,0.0,0.0,0.0,0.0,43.7,5.0,False,20.0,0.0,,38.83,0.0,9,1,0,False,False,False,False,4.2,False,False,train,exercise day,1
2000-01-11 09:25:00,1,4.2,synthetic,False,0.0,0.0,0.0,1.0,0.0,0.0,0.0,0.0,0.0,0.0,0.0,57.0,5.0,False,23.0,0.0,,38.92,0.0,9,1,0,False,False,False,False,4.3,False,False,train,exercise day,1
2000-01-11 09:30:00,1,3.6,synthetic,False,0.0,0.0,0.0,1.0,0.0,0.0,0.0,0.0,0.0,0.0,0.0,,,True,32.0,0.0,,39.0,0.0,9,1,0,False,False,False,False,5.0,False,False,train,exercise day,1
2000-01-11 09:35:00,1,3.3,synthetic,False,3.51,62.6,3.514,1.0,0.0,0.0,0.0,0.0,0.0,0.0,0.0,52.4,3.0,False,25.0,0.0,,39.08,0.0,9,1,0,False,False,False,False,5.3,False,False,train,exercise day,1
2000-01-11 09:40:00,1,3.7,synthetic,False,0.0,0.0,3.367,1.0,0.0,0.0,0.0,0.0,0.0,0.0,0.0,38.4,2.0,False,22.0,0.0,,39.17,0.0,9,1,0,False,False,False,False,5.4,False,False,train,exercise day,1
2000-01-11 09:45:00,1,4.1,synthetic,False,0.0,0.0,3.221,1.0,0.0,0.0,0.0,0.0,0.0,0.0,0.0,,,True,27.0,0.0,,39.25,0.0,9,1,0,False,False,False,False,5.2,True,True,train,exercise day,1
2000-01-11 09:50:00,1,4.2,synthetic,False,0.0,0.0,3.075,1.0,0.0,0.0,0.0,0.0,0.0,0.0,0.0,38.9,4.0,False,14.0,0.0,,39.33,0.0,9,1,0,False,False,False,False,5.8,True,True,train,exercise day,1
2000-01-11 09:55:00,1,4.3,synthetic,False,0.0,0.0,2.928,1.0,0.0,0.0,0.0,0.0,0.0,0.0,0.0,,,True,17.0,0.0,,39.42,0.0,9,1,0,False,False,False,False,6.7,True,True,train,exercise day,1
2000-01-11 10:00:00,1,5.0,synthetic,False,0.0,0.0,2.782,1.0,0.0,0.0,0.0,0.0,0.0,0.0,0.0,45.1,2.0,False,21.0,0.0,,39.5,0.0,10,1,0,False,False,False,False,7.8,True,True,train,exercise day,1
2000-01-11 10:05:00,1,5.3,synthetic,False,0.0,0.0,2.635,1.0,0.0,0.0,0.0,0.0,0.0,0.0,0.0,,,True,23.0,0.0,,39.58,0.0,10,1,0,False,False,False,False,8.6,True,True,train,exercise day,1
2000-01-11 10:10:00,1,5.4,synthetic,False,0.0,0.0,2.489,1.0,0.0,0.0,0.0,0.0,0.0,0.0,0.0,50.8,5.0,False,22.0,0.0,,39.67,0.0,10,1,0,False,False,False,False,8.6,True,True,train,exercise day,1
2000-01-11 10:15:00,1,5.2,synthetic,False,0.0,0.0,2.343,1.0,0.0,0.0,0.0,0.0,0.0,0.0,0.0,,,True,27.0,0.0,,39.75,0.0,10,1,0,False,False,False,False,8.4,True,True,train,exercise day,1
2000-01-11 10:20:00,1,5.8,synthetic,False,0.0,0.0,2.196,0.0,1.0,0.0,0.0,0.1078,0.0,0.0,0.0,,,True,25.0,0.0,,39.83,0.0,10,1,0,False,False,False,False,7.9,True,True,train,exercise day,1
2000-01-11 10:25:00,1,6.7,synthetic,False,0.0,0.0,2.05,0.0,1.0,0.0,0.0,0.1078,0.0,0.0,0.0,46.9,5.0,False,28.0,0.0,,39.92,0.106,10,1,0,False,False,False,False,7.2,True,True,train,exercise day,1
2000-01-11 10:30:00,1,7.8,synthetic,False,0.0,0.0,1.903,0.0,1.0,0.0,0.0,0.1078,0.0,0.0,0.0,58.9,4.0,False,23.0,0.0,,40.0,0.207,10,1,0,False,False,False,False,6.9,True,True,train,exercise day,1
2000-01-11 10:35:00,1,8.6,synthetic,False,0.0,0.0,1.757,0.0,1.0,0.0,0.0,0.1078,0.0,0.0,0.0,,,True,26.0,0.0,,40.08,0.303,10,1,0,False,False,False,False,6.4,True,True,train,exercise day,1
2000-01-11 10:40:00,1,8.6,synthetic,False,0.0,0.0,1.611,0.0,1.0,0.0,0.0,0.1078,0.0,0.0,0.0,,,True,30.0,0.0,,40.17,0.395,10,1,0,False,False,False,False,6.5,True,True,train,exercise day,1
2000-01-11 10:45:00,1,8.4,synthetic,False,0.0,0.0,1.464,0.0,1.0,0.0,0.0,0.1078,0.0,0.0,0.0,49.9,4.0,False,28.0,0.0,,40.25,0.483,10,1,0,False,False,False,False,6.4,True,True,train,exercise day,1
2000-01-11 10:50:00,1,7.9,synthetic,False,0.0,0.0,1.318,0.0,1.0,0.0,0.0,0.1078,0.0,0.0,0.0,42.7,2.0,False,26.0,0.0,,40.33,0.566,10,1,0,False,False,False,False,5.5,True,True,train,exercise day,1
2000-01-11 10:55:00,1,7.2,synthetic,False,0.0,0.0,1.171,0.0,1.0,0.0,0.0,0.1078,0.0,0.0,0.0,,,True,29.0,0.0,,40.42,0.645,10,1,0,False,False,False,False,5.6,True,True,train,exercise day,1
2000-01-11 11:00:00,1,6.9,synthetic,False,0.0,0.0,1.025,0.0,1.0,0.0,0.0,0.1078,0.0,0.0,0.0,,,True,24.0,0.0,,40.5,0.719,11,1,0,False,False,False,False,6.2,True,True,train,exercise day,1
2000-01-11 11:05:00,1,6.4,synthetic,False,0.0,0.0,0.878,0.0,1.0,0.0,0.0,0.1078,0.0,0.0,0.0,49.3,2.0,False,25.0,0.0,,40.58,0.788,11,1,0,False,False,False,False,7.2,True,True,train,exercise day,1
2000-01-11 11:10:00,1,6.5,synthetic,False,0.0,0.0,0.732,0.0,1.0,0.0,0.0,0.1078,0.0,0.0,0.0,49.8,2.0,False,25.0,0.0,,40.67,0.853,11,1,0,False,False,False,False,7.0,True,True,train,exercise day,1
2000-01-11 11:15:00,1,6.4,synthetic,False,0.0,0.0,0.586,0.0,1.0,0.0,0.0,0.1078,0.0,0.0,0.0,,,True,25.0,0.0,,40.75,0.914,11,1,0,False,False,False,False,6.7,True,True,train,exercise day,1
2000-01-11 11:20:00,1,5.5,synthetic,False,0.78,16.6,1.221,0.0,1.0,0.0,0.0,0.1078,0.0,0.0,0.0,48.6,2.0,False,20.0,0.0,,40.83,0.97,11,1,0,False,False,False,False,6.7,True,True,train,exercise day,1
2000-01-11 11:25:00,1,5.6,synthetic,False,0.0,0.0,1.042,0.0,1.0,0.0,0.0,0.1078,0.0,0.0,0.0,49.1,4.0,False,25.0,0.0,,40.92,1.022,11,1,0,False,False,False,False,7.0,True,True,train,exercise day,1
2000-01-11 11:30:00,1,6.2,synthetic,False,0.0,0.0,0.863,1.0,0.0,0.0,0.0,0.0,0.0,0.0,0.0,,,True,24.0,0.0,,41.0,1.069,11,1,0,False,False,False,False,7.7,True,True,train,exercise day,1
2000-01-11 11:35:00,1,7.2,synthetic,False,1.59,23.8,2.271,1.0,0.0,0.0,0.0,0.0,0.0,0.0,0.0,52.5,5.0,False,21.0,0.0,,41.08,1.006,11,1,0,False,False,False,False,8.0,True,True,train,exercise day,1
2000-01-11 11:40:00,1,7.0,synthetic,False,0.0,0.0,2.173,1.0,0.0,0.0,0.0,0.0,0.0,0.0,0.0,51.7,5.0,False,25.0,0.0,,41.17,0.943,11,1,0,False,False,False,False,8.3,True,True,train,exercise day,1
2000-01-11 11:45:00,1,6.7,synthetic,False,0.0,0.0,2.074,1.0,0.0,0.0,0.0,0.0,0.0,0.0,0.0,62.6,2.0,False,18.0,0.0,,41.25,0.88,11,1,0,False,False,False,False,7.9,True,True,train,exercise day,1
2000-01-11 11:50:00,1,6.7,synthetic,False,0.0,0.0,1.975,1.0,0.0,0.0,0.0,0.0,0.0,0.0,0.0,48.5,2.0,False,28.0,0.0,,41.33,0.817,11,1,0,False,False,False,False,7.9,True,True,train,exercise day,1
2000-01-11 11:55:00,1,7.0,synthetic,False,0.0,0.0,1.877,1.0,0.0,0.0,0.0,0.0,0.0,0.0,0.0,56.7,1.0,False,21.0,0.0,,41.42,0.755,11,1,0,False,False,False,False,7.7,True,True,train,exercise day,1
2000-01-11 12:00:00,1,7.7,synthetic,False,0.0,0.0,1.778,1.0,0.0,0.0,0.0,0.0,0.0,0.0,0.0,69.3,1.0,False,34.0,0.0,,41.5,0.692,12,1,0,False,False,False,False,8.1,True,True,train,exercise day,1
2000-01-11 12:05:00,1,8.0,synthetic,False,0.0,0.0,1.679,1.0,0.0,0.0,0.0,0.0,0.0,0.0,0.0,52.5,4.0,False,23.0,0.0,,41.58,0.629,12,1,0,False,False,False,False,8.5,True,True,train,exercise day,1
2000-01-11 12:10:00,1,8.3,synthetic,False,0.0,0.0,1.58,1.0,0.0,0.0,0.0,0.0,0.0,0.0,0.0,,,True,24.0,0.0,,41.67,0.566,12,1,0,False,False,False,False,8.2,True,True,train,exercise day,1
2000-01-11 12:15:00,1,7.9,synthetic,False,0.0,0.0,1.482,1.0,0.0,0.0,0.0,0.0,0.0,0.0,0.0,59.8,2.0,False,34.0,0.0,,41.75,0.503,12,1,0,False,False,False,False,7.8,True,True,train,exercise day,1
2000-01-11 12:20:00,1,7.9,synthetic,False,0.0,0.0,1.383,1.0,0.0,0.0,0.0,0.0,0.0,0.0,0.0,48.0,5.0,False,24.0,0.0,,41.83,0.44,12,1,0,False,False,False,False,8.0,True,True,train,exercise day,1
2000-01-11 12:25:00,1,7.7,synthetic,False,0.0,0.0,1.284,0.0,1.0,0.0,0.0,0.1078,0.0,0.0,0.0,50.7,1.0,False,21.0,0.0,,41.92,0.38,12,1,0,False,False,False,False,7.3,True,True,train,exercise day,1
2000-01-11 12:30:00,1,8.1,synthetic,False,0.0,0.0,1.186,0.0,1.0,0.0,0.0,0.1078,0.0,0.0,0.0,,,True,20.0,0.0,,42.0,0.429,12,1,0,False,False,False,False,6.8,True,True,train,exercise day,1
2000-01-11 12:35:00,1,8.5,synthetic,False,0.0,0.0,1.087,0.0,1.0,0.0,0.0,0.1078,1.0,0.0,0.0,,,True,21.0,0.0,,42.08,0.478,12,1,0,False,False,False,False,5.1,True,True,train,exercise day,1
2000-01-11 12:40:00,1,8.2,synthetic,False,0.0,0.0,0.988,0.0,1.0,0.0,0.0,0.1078,1.0,0.0,0.0,62.2,5.0,False,21.0,0.0,,42.17,0.528,12,1,0,False,False,False,False,4.9,True,True,train,exercise day,1
2000-01-11 12:45:00,1,7.8,synthetic,False,0.0,0.0,0.889,0.0,1.0,0.0,0.0,0.1078,1.0,0.0,0.0,53.4,1.0,False,208.0,0.0,,42.25,0.577,12,1,0,False,False,False,False,5.2,True,True,train,exercise day,1
2000-01-11 12:50:00,1,8.0,synthetic,False,0.0,0.0,0.791,0.0,1.0,0.0,0.0,0.1078,1.0,0.0,0.0,52.9,3.0,False,216.0,0.0,,42.33,0.627,12,1,0,False,False,False,False,4.3,True,True,train,exercise day,1
2000-01-11 12:55:00,1,7.3,synthetic,False,0.0,0.0,0.692,0.0,1.0,0.0,0.0,0.1078,1.0,0.0,0.0,57.6,4.0,False,218.0,0.0,,42.42,0.676,12,1,0,False,False,False,False,4.3,True,True,train,exercise day,1
2000-01-11 13:00:00,1,6.8,synthetic,False,0.0,0.0,0.593,0.0,1.0,0.0,0.0,0.1078,1.0,0.0,0.0,55.9,1.0,False,218.0,0.0,,42.5,0.725,13,1,0,False,False,False,False,4.6,True,True,train,exercise day,1
2000-01-11 13:05:00,1,5.1,synthetic,False,0.0,0.0,0.495,0.0,1.0,0.0,0.0,0.1078,1.0,0.0,0.0,76.3,2.0,False,236.0,5.0,gym,42.58,0.775,13,1,0,False,False,False,False,,True,False,train,exercise day,1
2000-01-11 13:10:00,1,4.9,synthetic,False,0.0,0.0,0.396,0.0,1.0,0.0,0.0,0.1078,1.0,0.0,0.0,96.2,1.0,False,247.0,5.0,gym,42.67,0.824,13,1,0,False,False,False,False,4.3,True,True,train,exercise day,1
2000-01-11 13:15:00,1,5.2,synthetic,False,0.0,0.0,0.297,1.0,0.0,0.0,0.0,0.0,1.0,0.0,0.0,89.9,4.0,False,266.0,5.0,gym,42.75,0.874,13,1,0,False,False,False,False,4.1,True,True,train,exercise day,1
2000-01-11 13:20:00,1,4.3,synthetic,False,0.0,0.0,0.198,1.0,0.0,0.0,0.0,0.0,1.0,0.0,0.0,93.4,4.0,False,243.0,5.0,gym,42.83,0.817,13,1,0,False,False,False,False,4.1,True,True,train,exercise day,1
2000-01-11 13:25:00,1,4.3,synthetic,False,0.0,0.0,0.132,1.0,0.0,0.0,0.0,0.0,1.0,0.0,0.0,92.8,2.0,False,257.0,5.0,gym,42.92,0.766,13,1,0,False,False,False,False,4.2,True,True,train,exercise day,1
2000-01-11 13:30:00,1,4.6,synthetic,False,0.0,0.0,0.066,1.0,0.0,0.0,0.0,0.0,1.0,0.0,0.0,103.6,4.0,False,282.0,5.0,gym,43.0,0.719,13,1,0,False,False,False,False,3.4,True,True,train,exercise day,1
2000-01-11 13:35:00,1,,,False,0.0,0.0,0.0,1.0,0.0,0.0,0.0,0.0,1.0,0.0,0.0,107.4,4.0,False,286.0,5.0,gym,43.08,0.674,13,1,0,False,False,False,True,3.5,False,False,train,exercise day,1
2000-01-11 13:40:00,1,4.3,synthetic,False,0.0,0.0,0.0,1.0,0.0,0.0,0.0,0.0,1.0,0.0,0.0,129.4,3.0,False,273.0,5.0,gym,43.17,0.629,13,1,0,False,False,False,False,3.4,False,False,train,exercise day,1
2000-01-11 13:45:00,1,4.1,synthetic,False,0.0,0.0,0.0,1.0,0.0,0.0,0.0,0.0,1.0,0.0,0.0,107.7,5.0,False,243.0,5.0,gym,43.25,0.584,13,1,0,False,False,False,False,,False,False,train,exercise day,1
2000-01-11 13:50:00,1,4.1,synthetic,False,0.0,0.0,0.0,1.0,0.0,0.0,0.0,0.0,1.0,0.0,0.0,117.8,2.0,False,246.0,5.0,gym,43.33,0.539,13,1,0,False,False,False,False,3.2,False,False,train,exercise day,1
2000-01-11 13:55:00,1,4.2,synthetic,False,0.0,0.0,0.0,1.0,0.0,0.0,0.0,0.0,1.0,0.0,0.0,105.8,4.0,False,245.0,5.0,gym,43.42,0.494,13,1,0,False,False,False,False,3.4,False,False,train,exercise day,1
2000-01-11 14:00:00,1,3.4,synthetic,False,0.0,0.0,0.0,1.0,0.0,0.0,0.0,0.0,1.0,0.0,0.0,114.0,4.0,False,245.0,5.0,gym,43.5,0.449,14,1,0,False,False,False,False,3.5,False,False,train,exercise day,1
2000-01-11 14:05:00,1,3.5,synthetic,False,0.0,0.0,0.0,1.0,0.0,0.0,0.0,0.0,1.0,0.0,0.0,100.2,5.0,False,229.0,5.0,gym,43.58,0.404,14,1,0,False,False,False,False,4.1,False,False,train,exercise day,1
2000-01-11 14:10:00,1,3.4,synthetic,False,0.0,0.0,0.0,1.0,0.0,0.0,0.0,0.0,1.0,0.0,0.0,104.6,3.0,False,234.0,5.0,gym,43.67,0.359,14,1,0,False,False,False,False,5.1,False,False,train,exercise day,1
2000-01-11 14:15:00,1,,,False,4.33,37.5,4.33,1.0,0.0,0.0,0.0,0.0,1.0,0.0,0.0,108.7,2.0,False,248.0,5.0,gym,43.75,0.314,14,1,0,False,False,False,True,5.4,False,False,train,exercise day,1
2000-01-11 14:20:00,1,3.2,synthetic,False,0.0,0.0,4.149,1.0,0.0,0.0,0.0,0.0,1.0,0.0,0.0,100.8,3.0,False,258.0,5.0,gym,43.83,0.27,14,1,0,False,False,False,False,5.9,False,False,train,exercise day,1
2000-01-11 14:25:00,1,3.4,synthetic,False,0.0,0.0,3.969,1.0,0.0,0.0,0.0,0.0,1.0,0.0,0.0,65.5,1.0,False,17.0,0.0,,0.0,0.225,14,1,0,False,False,False,False,6.4,False,False,train,exercise day,1
2000-01-11 14:30:00,1,3.5,synthetic,False,0.0,0.0,3.789,1.0,0.0,0.0,0.0,0.0,1.0,0.0,0.0,,,True,21.0,0.0,,0.08,0.182,14,1,0,False,False,False,False,6.6,False,False,train,exercise day,1
2000-01-11 14:35:00,1,4.1,synthetic,False,0.0,0.0,3.608,1.0,0.0,0.0,0.0,0.0,1.0,0.0,0.0,,,True,28.0,0.0,,0.17,0.144,14,1,0,False,False,False,False,7.1,False,False,train,exercise day,1
2000-01-11 14:40:00,1,5.1,synthetic,False,0.0,0.0,3.428,1.0,0.0,0.0,0.0,0.0,1.0,0.0,0.0,,,True,23.0,0.0,,0.25,0.11,14,1,0,False,False,False,False,7.4,False,False,train,exercise day,1
2000-01-11 14:45:00,1,5.4,synthetic,False,0.0,0.0,3.247,1.0,0.0,0.0,0.0,0.0,1.0,0.0,0.0,79.0,3.0,False,27.0,0.0,,0.33,0.081,14,1,0,False,False,False,False,7.5,False,False,train,exercise day,1
2000-01-11 14:50:00,1,5.9,synthetic,False,0.0,0.0,3.067,1.0,0.0,0.0,0.0,0.0,1.0,0.0,0.0,64.0,2.0,False,32.0,0.0,,0.42,0.056,14,1,0,False,False,False,False,7.6,False,False,train,exercise day,1
2000-01-11 14:55:00,1,6.4,synthetic,False,0.0,0.0,2.887,0.0,1.0,0.0,0.0,0.1078,1.0,0.0,0.0,,,True,23.0,0.0,,0.5,0.036,14,1,0,False,False,False,False,7.0,False,False,train,exercise day,1
2000-01-11 15:00:00,1,6.6,synthetic,False,0.0,0.0,2.706,0.0,1.0,0.0,0.0,0.1078,1.0,0.0,0.0,,,True,26.0,0.0,,0.58,0.126,15,1,0,False,False,False,False,6.5,False,False,train,exercise day,1
2000-01-11 15:05:00,1,7.1,synthetic,False,0.0,0.0,2.526,0.0,1.0,0.0,0.0,0.1078,1.0,0.0,0.0,51.5,5.0,False,27.0,0.0,,0.67,0.216,15,1,0,False,False,False,False,6.7,False,False,train,exercise day,1
2000-01-11 15:10:00,1,7.4,synthetic,False,0.0,0.0,2.345,0.0,1.0,0.0,0.0,0.1078,1.0,0.0,0.0,,,True,20.0,0.0,,0.75,0.305,15,1,0,False,False,False,False,6.0,False,False,train,exercise day,1
2000-01-11 15:15:00,1,7.5,synthetic,False,0.0,0.0,2.165,0.0,1.0,0.0,0.0,0.1078,1.0,0.0,0.0,54.8,4.0,False,26.0,0.0,,0.83,0.395,15,1,0,False,False,False,False,7.0,True,True,train,exercise day,1
2000-01-11 15:20:00,1,7.6,synthetic,False,0.0,0.0,1.984,0.0,1.0,0.0,0.0,0.1078,1.0,0.0,0.0,60.0,1.0,False,23.0,0.0,,0.92,0.483,15,1,0,False,False,False,False,6.8,True,True,train,exercise day,1
2000-01-11 15:25:00,1,7.0,synthetic,False,0.0,0.0,1.804,0.0,1.0,0.0,0.0,0.1078,0.0,0.0,0.0,,,True,22.0,0.0,,1.0,0.566,15,1,0,False,False,False,False,6.4,True,True,train,exercise day,1
2000-01-11 15:30:00,1,6.5,synthetic,False,0.0,0.0,1.624,0.0,1.0,0.0,0.0,0.1078,0.0,0.0,0.0,73.0,1.0,False,19.0,0.0,,1.08,0.645,15,1,0,False,False,False,False,6.2,True,True,train,exercise day,1
2000-01-11 15:35:00,1,6.7,synthetic,False,0.0,0.0,1.443,0.0,1.0,0.0,0.0,0.1078,0.0,0.0,0.0,54.0,5.0,False,25.0,0.0,,1.17,0.719,15,1,0,False,False,False,False,6.0,True,True,train,exercise day,1
2000-01-11 15:40:00,1,6.0,synthetic,False,0.0,0.0,1.263,0.0,1.0,0.0,0.0,0.1078,0.0,0.0,0.0,55.3,2.0,False,32.0,0.0,,1.25,0.788,15,1,0,False,False,False,False,6.2,True,True,train,exercise day,1
2000-01-11 15:45:00,1,7.0,synthetic,False,0.0,0.0,1.082,0.0,1.0,0.0,0.0,0.1078,0.0,0.0,0.0,49.4,3.0,False,24.0,0.0,,1.33,0.853,15,1,0,False,False,False,False,6.4,True,True,train,exercise day,1
2000-01-11 15:50:00,1,6.8,synthetic,False,0.0,0.0,0.902,0.0,1.0,0.0,0.0,0.1078,0.0,0.0,0.0,58.1,5.0,False,22.0,0.0,,1.42,0.914,15,1,0,False,False,False,False,6.3,True,True,train,exercise day,1
2000-01-11 15:55:00,1,6.4,synthetic,False,0.0,0.0,0.722,0.0,1.0,0.0,0.0,0.1078,0.0,0.0,0.0,65.5,1.0,False,28.0,0.0,,1.5,0.97,15,1,0,False,False,False,False,7.7,True,True,train,exercise day,1
2000-01-11 16:00:00,1,6.2,synthetic,False,0.0,0.0,0.541,0.0,1.0,0.0,0.0,0.1078,0.0,0.0,0.0,,,True,23.0,0.0,,1.58,1.022,16,1,0,False,False,False,False,7.2,True,True,train,exercise day,1
2000-01-11 16:05:00,1,6.0,synthetic,False,0.0,0.0,0.361,0.0,1.0,0.0,0.0,0.1078,0.0,0.0,0.0,56.5,4.0,False,26.0,0.0,,1.67,1.069,16,1,0,False,False,False,False,6.4,True,True,train,exercise day,1
2000-01-11 16:10:00,1,6.2,synthetic,False,0.0,0.0,0.18,0.0,1.0,0.0,0.0,0.1078,0.0,0.0,0.0,73.9,4.0,False,16.0,0.0,,1.75,1.112,16,1,0,False,False,False,False,6.2,True,True,train,exercise day,1
2000-01-11 16:15:00,1,6.4,synthetic,False,0.0,0.0,0.0,0.0,1.0,0.0,0.0,0.1078,0.0,0.0,0.0,,,True,24.0,0.0,,1.83,1.15,16,1,0,False,False,False,False,5.6,True,True,train,exercise day,1
2000-01-11 16:20:00,1,6.3,synthetic,False,0.0,0.0,0.0,0.0,1.0,0.0,0.0,0.1078,0.0,0.0,0.0,48.4,2.0,False,27.0,0.0,,1.92,1.184,16,1,0,False,False,False,False,,True,False,train,exercise day,1
2000-01-11 16:25:00,1,7.7,synthetic,False,0.0,0.0,0.0,0.0,1.0,0.0,0.0,0.1078,0.0,0.0,0.0,,,True,24.0,0.0,,2.0,1.213,16,1,0,False,False,False,False,5.1,True,True,train,exercise day,1
2000-01-11 16:30:00,1,7.2,synthetic,False,0.0,0.0,0.0,0.0,1.0,0.0,0.0,0.1078,0.0,0.0,0.0,,,True,27.0,0.0,,2.08,1.237,16,1,0,False,False,False,False,3.8,True,True,train,exercise day,1
2000-01-11 16:35:00,1,6.4,synthetic,False,0.0,0.0,0.0,0.0,1.0,0.0,0.0,0.1078,0.0,0.0,0.0,65.1,1.0,False,21.0,0.0,,2.17,1.258,16,1,0,False,False,False,False,3.9,True,True,train,exercise day,1
2000-01-11 16:40:00,1,6.2,synthetic,False,0.0,0.0,0.0,0.0,1.0,0.0,0.0,0.1078,0.0,0.0,0.0,65.2,3.0,False,17.0,0.0,,2.25,1.273,16,1,0,False,False,False,False,3.8,True,True,train,exercise day,1
2000-01-11 16:45:00,1,5.6,synthetic,False,0.0,0.0,0.0,0.0,1.0,0.0,0.0,0.1078,0.0,0.0,0.0,56.8,1.0,False,27.0,0.0,,2.33,1.285,16,1,0,False,False,False,False,3.8,True,True,train,exercise day,1
2000-01-11 16:50:00,1,,,False,0.0,0.0,0.0,0.0,1.0,0.0,0.0,0.1078,0.0,0.0,0.0,,,True,28.0,0.0,,2.42,1.291,16,1,0,False,False,False,True,3.2,False,False,train,exercise day,1
2000-01-11 16:55:00,1,5.1,synthetic,False,0.0,0.0,0.0,0.0,1.0,0.0,0.0,0.1078,0.0,0.0,0.0,57.6,3.0,False,20.0,0.0,,2.5,1.294,16,1,0,False,False,False,False,3.2,False,False,train,exercise day,1
2000-01-11 17:00:00,1,3.8,synthetic,False,0.0,0.0,0.0,0.0,1.0,0.0,0.0,0.1078,0.0,0.0,0.0,,,True,29.0,0.0,,2.58,1.294,17,1,0,False,False,False,False,3.7,False,False,train,exercise day,1
2000-01-11 17:05:00,1,3.9,synthetic,False,0.0,0.0,0.0,0.0,1.0,0.0,0.0,0.1078,0.0,0.0,0.0,57.5,4.0,False,20.0,0.0,,2.67,1.294,17,1,0,False,False,False,False,3.8,False,False,train,exercise day,1
2000-01-11 17:10:00,1,3.8,synthetic,False,0.0,0.0,0.0,0.0,1.0,0.0,0.0,0.1078,0.0,0.0,0.0,57.6,1.0,False,21.0,0.0,,2.75,1.294,17,1,0,False,False,False,False,3.9,False,False,train,exercise day,1
2000-01-11 17:15:00,1,3.8,synthetic,False,0.0,0.0,0.0,0.0,1.0,0.0,0.0,0.1078,0.0,0.0,0.0,52.6,2.0,False,14.0,0.0,,2.83,1.294,17,1,0,False,False,False,False,3.5,False,False,train,exercise day,1
2000-01-11 17:20:00,1,3.2,synthetic,False,0.0,0.0,0.0,0.0,1.0,0.0,0.0,0.1078,0.0,0.0,0.0,62.5,5.0,False,23.0,0.0,,2.92,1.294,17,1,0,False,False,False,False,3.2,False,False,train,exercise day,1
2000-01-11 17:25:00,1,3.2,synthetic,False,0.0,0.0,0.0,0.0,1.0,0.0,0.0,0.1078,0.0,0.0,0.0,50.5,5.0,False,16.0,0.0,,3.0,1.294,17,1,0,False,False,False,False,2.9,False,False,train,exercise day,1
2000-01-11 17:30:00,1,3.7,synthetic,False,0.0,0.0,0.0,0.0,1.0,0.0,0.0,0.1078,0.0,0.0,0.0,76.5,5.0,False,24.0,0.0,,3.08,1.294,17,1,0,False,False,False,False,2.4,False,False,train,exercise day,1
2000-01-11 17:35:00,1,3.8,synthetic,False,0.0,0.0,0.0,0.0,1.0,0.0,0.0,0.1078,0.0,0.0,0.0,48.9,4.0,False,30.0,0.0,,3.17,1.294,17,1,0,False,False,False,False,2.5,False,False,train,exercise day,1
2000-01-11 17:40:00,1,3.9,synthetic,False,0.0,0.0,0.0,0.0,1.0,0.0,0.0,0.1078,0.0,0.0,0.0,70.3,5.0,False,27.0,0.0,,3.25,1.294,17,1,0,False,False,False,False,2.6,False,False,train,exercise day,1
2000-01-11 17:45:00,1,3.5,synthetic,False,0.0,0.0,0.0,0.0,1.0,0.0,0.0,0.1078,0.0,0.0,0.0,57.7,2.0,False,21.0,0.0,,3.33,1.294,17,1,0,False,False,False,False,2.5,False,False,train,exercise day,1
2000-01-11 17:50:00,1,3.2,synthetic,False,0.0,0.0,0.0,0.0,1.0,0.0,0.0,0.1078,0.0,0.0,0.0,65.9,5.0,False,27.0,0.0,,3.42,1.294,17,1,0,False,False,False,False,2.6,True,True,train,exercise day,1
2000-01-11 17:55:00,1,2.9,synthetic,False,0.0,0.0,0.0,0.0,1.0,0.0,0.0,0.1078,0.0,0.0,0.0,68.4,3.0,False,26.0,0.0,,3.5,1.294,17,1,0,False,False,False,False,2.8,True,True,train,exercise day,1
2000-01-11 18:00:00,1,2.4,synthetic,False,0.0,0.0,0.0,0.0,1.0,0.0,0.0,0.1078,0.0,0.0,0.0,70.4,2.0,False,25.0,0.0,,3.58,1.294,18,1,0,False,False,False,False,3.0,True,True,train,exercise day,1
2000-01-11 18:05:00,1,2.5,synthetic,False,0.0,0.0,0.0,0.0,1.0,0.0,0.0,0.1078,0.0,0.0,0.0,54.6,4.0,False,33.0,0.0,,3.67,1.294,18,1,0,False,False,False,False,3.3,True,True,train,exercise day,1
2000-01-11 18:10:00,1,2.6,synthetic,False,0.0,0.0,0.0,0.0,1.0,0.0,0.0,0.1078,0.0,0.0,0.0,,,True,21.0,0.0,,3.75,1.294,18,1,0,False,False,False,False,3.0,True,True,train,exercise day,1
2000-01-11 18:15:00,1,2.5,synthetic,False,0.0,0.0,0.0,0.0,1.0,0.0,0.0,0.1078,0.0,0.0,0.0,61.1,4.0,False,26.0,0.0,,3.83,1.294,18,1,0,False,False,False,False,2.9,True,True,train,exercise day,1
2000-01-11 18:20:00,1,2.6,synthetic,False,0.0,0.0,0.0,0.0,1.0,0.0,0.0,0.1078,0.0,0.0,0.0,59.2,1.0,False,44.0,0.0,,3.92,1.294,18,1,0,False,False,False,False,2.9,True,True,train,exercise day,1
2000-01-11 18:25:00,1,2.8,synthetic,False,0.0,0.0,0.0,0.0,1.0,0.0,0.0,0.1078,0.0,0.0,0.0,60.2,1.0,False,23.0,0.0,,4.0,1.294,18,1,0,False,False,False,False,2.8,True,True,train,exercise day,1
2000-01-11 18:30:00,1,3.0,synthetic,False,0.0,0.0,0.0,0.0,1.0,0.0,0.0,0.1078,0.0,0.0,0.0,62.2,5.0,False,22.0,0.0,,4.08,1.294,18,1,0,False,False,False,False,2.9,True,True,train,exercise day,1
2000-01-11 18:35:00,1,3.3,synthetic,False,0.0,0.0,0.0,0.0,1.0,0.0,0.0,0.1078,0.0,0.0,0.0,,,True,21.0,0.0,,4.17,1.294,18,1,0,False,False,False,False,3.0,True,True,train,exercise day,1
2000-01-11 18:40:00,1,3.0,synthetic,False,0.0,0.0,0.0,0.0,1.0,0.0,0.0,0.1078,0.0,0.0,0.0,,,True,30.0,0.0,,4.25,1.294,18,1,0,False,False,False,False,2.7,True,True,train,exercise day,1
2000-01-11 18:45:00,1,2.9,synthetic,False,0.0,0.0,0.0,0.0,1.0,0.0,0.0,0.1078,0.0,0.0,0.0,65.3,1.0,False,24.0,0.0,,4.33,1.294,18,1,0,False,False,False,False,3.2,True,True,train,exercise day,1
2000-01-11 18:50:00,1,2.9,synthetic,False,0.0,0.0,0.0,0.0,1.0,0.0,0.0,0.1078,0.0,0.0,0.0,,,True,26.0,0.0,,4.42,1.294,18,1,0,False,False,False,False,3.3,True,True,train,exercise day,1
2000-01-11 18:55:00,1,2.8,synthetic,False,0.0,0.0,0.0,0.0,1.0,0.0,0.0,0.1078,0.0,0.0,0.0,61.7,4.0,False,30.0,0.0,,4.5,1.294,18,1,0,False,False,False,False,3.3,True,True,train,exercise day,1
2000-01-11 19:00:00,1,2.9,synthetic,False,0.0,0.0,0.0,0.0,1.0,0.0,0.0,0.1078,0.0,0.0,0.0,38.1,5.0,False,18.0,0.0,,4.58,1.294,19,1,0,False,False,False,False,3.4,True,True,train,exercise day,1
2000-01-11 19:05:00,1,3.0,synthetic,False,0.0,0.0,0.0,0.0,1.0,0.0,0.0,0.1078,0.0,0.0,0.0,65.5,4.0,False,23.0,0.0,,4.67,1.294,19,1,0,False,False,False,False,3.9,True,True,train,exercise day,1
2000-01-11 19:10:00,1,2.7,synthetic,False,0.0,0.0,0.0,0.0,1.0,0.0,0.0,0.1078,0.0,0.0,0.0,63.7,3.0,False,17.0,0.0,,4.75,1.294,19,1,0,False,False,False,False,3.5,True,True,train,exercise day,1
2000-01-11 19:15:00,1,3.2,synthetic,False,0.0,0.0,0.0,0.0,1.0,0.0,0.0,0.1078,0.0,0.0,0.0,,,True,26.0,0.0,,4.83,1.294,19,1,0,False,False,False,False,4.4,True,True,train,exercise day,1
2000-01-11 19:20:00,1,3.3,synthetic,False,0.0,0.0,0.0,0.0,1.0,0.0,0.0,0.1078,0.0,0.0,0.0,45.0,4.0,False,25.0,0.0,,4.92,1.294,19,1,0,False,False,False,False,4.5,True,True,train,exercise day,1
2000-01-11 19:25:00,1,3.3,synthetic,False,0.0,0.0,0.0,0.0,1.0,0.0,0.0,0.1078,0.0,0.0,0.0,56.9,3.0,False,14.0,0.0,,5.0,1.294,19,1,0,False,False,False,False,4.3,True,True,train,exercise day,1
2000-01-11 19:30:00,1,3.4,synthetic,False,2.38,5.0,2.385,0.0,1.0,0.0,0.0,0.1078,0.0,0.0,0.0,,,True,25.0,0.0,,5.08,1.294,19,1,0,False,False,False,False,5.0,True,True,train,exercise day,1
2000-01-11 19:35:00,1,3.9,synthetic,False,0.0,0.0,2.285,0.0,1.0,0.0,0.0,0.1078,0.0,0.0,0.0,65.5,5.0,False,21.0,0.0,,5.17,1.294,19,1,0,False,False,False,False,4.7,True,True,train,exercise day,1
2000-01-11 19:40:00,1,3.5,synthetic,False,0.0,0.0,2.186,0.0,1.0,0.0,0.0,0.1078,0.0,0.0,0.0,56.1,1.0,False,29.0,0.0,,5.25,1.294,19,1,0,False,False,False,False,4.4,True,True,train,exercise day,1
2000-01-11 19:45:00,1,4.4,synthetic,False,0.0,0.0,2.086,0.0,1.0,0.0,0.0,0.1078,0.0,0.0,0.0,60.4,3.0,False,23.0,0.0,,5.33,1.294,19,1,0,False,False,False,False,4.4,True,True,train,exercise day,1
2000-01-11 19:50:00,1,4.5,synthetic,False,0.0,0.0,1.987,0.0,1.0,0.0,0.0,0.1078,0.0,0.0,0.0,59.2,5.0,False,24.0,0.0,,5.42,1.294,19,1,0,False,False,False,False,4.2,True,True,train,exercise day,1
2000-01-11 19:55:00,1,4.3,synthetic,False,0.0,0.0,1.888,1.0,0.0,0.0,0.0,0.0,0.0,0.0,0.0,56.4,2.0,False,30.0,0.0,,5.5,1.294,19,1,0,False,False,False,False,5.2,True,True,train,exercise day,1
2000-01-11 20:00:00,1,5.0,synthetic,False,0.0,0.0,1.788,1.0,0.0,0.0,0.0,0.0,0.0,0.0,0.0,38.5,3.0,False,26.0,0.0,,5.58,1.188,20,1,0,False,False,False,False,5.6,True,True,train,exercise day,1
2000-01-11 20:05:00,1,4.7,synthetic,False,0.0,0.0,1.689,1.0,0.0,0.0,0.0,0.0,0.0,0.0,0.0,47.9,2.0,False,29.0,0.0,,5.67,1.087,20,1,0,False,False,False,False,5.5,True,True,train,exercise day,1
2000-01-11 20:10:00,1,4.4,synthetic,False,0.0,0.0,1.59,1.0,0.0,0.0,0.0,0.0,0.0,0.0,0.0,63.5,2.0,False,21.0,0.0,,5.75,0.99,20,1,0,False,False,False,False,6.5,True,True,train,exercise day,1
2000-01-11 20:15:00,1,4.4,synthetic,False,0.0,0.0,1.49,1.0,0.0,0.0,0.0,0.0,0.0,0.0,0.0,48.9,3.0,False,18.0,0.0,,5.83,0.898,20,1,0,False,False,False,False,6.2,True,True,train,exercise day,1
2000-01-11 20:20:00,1,4.2,synthetic,False,0.0,0.0,1.391,1.0,0.0,0.0,0.0,0.0,0.0,0.0,0.0,,,True,14.0,0.0,,5.92,0.811,20,1,0,False,False,False,False,5.7,True,True,train,exercise day,1
2000-01-11 20:25:00,1,5.2,synthetic,False,0.0,0.0,1.292,1.0,0.0,0.0,0.0,0.0,0.0,0.0,0.0,69.0,1.0,False,33.0,0.0,,6.0,0.728,20,1,0,False,False,False,False,6.3,True,True,train,exercise day,1
2000-01-11 20:30:00,1,5.6,synthetic,False,0.0,0.0,1.192,1.0,0.0,0.0,0.0,0.0,0.0,0.0,0.0,53.7,4.0,False,30.0,0.0,,6.08,0.649,20,1,0,False,False,False,False,6.5,True,True,train,exercise day,1
2000-01-11 20:35:00,1,5.5,synthetic,False,0.0,0.0,1.093,1.0,0.0,0.0,0.0,0.0,0.0,0.0,0.0,59.1,5.0,False,30.0,0.0,,6.17,0.575,20,1,0,False,False,False,False,6.2,True,True,train,exercise day,1
2000-01-11 20:40:00,1,6.5,synthetic,False,0.0,0.0,0.994,1.0,0.0,0.0,0.0,0.0,0.0,0.0,0.0,,,True,28.0,0.0,,6.25,0.505,20,1,0,False,False,False,False,6.0,True,True,train,exercise day,1
2000-01-11 20:45:00,1,6.2,synthetic,False,0.0,0.0,0.894,1.0,0.0,0.0,0.0,0.0,0.0,0.0,0.0,,,True,24.0,0.0,,6.33,0.44,20,1,0,False,False,False,False,5.6,True,True,train,exercise day,1
2000-01-11 20:50:00,1,5.7,synthetic,False,0.0,0.0,0.795,1.0,0.0,0.0,0.0,0.0,0.0,0.0,0.0,58.4,3.0,False,29.0,0.0,,6.42,0.38,20,1,0,False,False,False,False,5.8,True,True,train,exercise day,1
2000-01-11 20:55:00,1,6.3,synthetic,False,0.0,0.0,0.695,1.0,0.0,0.0,0.0,0.0,0.0,0.0,0.0,67.5,3.0,False,27.0,0.0,,6.5,0.323,20,1,0,False,False,False,False,5.9,True,True,train,exercise day,1
2000-01-11 21:00:00,1,6.5,synthetic,False,0.0,0.0,0.596,1.0,0.0,0.0,0.0,0.0,0.0,0.0,0.0,57.2,1.0,False,22.0,0.0,,6.58,0.272,21,1,0,False,False,False,False,5.4,True,True,train,exercise day,1
2000-01-11 21:05:00,1,6.2,synthetic,False,0.0,0.0,0.497,1.0,0.0,0.0,0.0,0.0,0.0,0.0,0.0,,,True,22.0,0.0,,6.67,0.225,21,1,0,False,False,False,False,5.5,True,True,train,exercise day,1
2000-01-11 21:10:00,1,6.0,synthetic,False,0.0,0.0,0.397,1.0,0.0,0.0,0.0,0.0,0.0,0.0,0.0,64.0,4.0,False,23.0,0.0,,6.75,0.182,21,1,0,False,False,False,False,5.3,True,True,train,exercise day,1
2000-01-11 21:15:00,1,5.6,synthetic,False,0.0,0.0,0.298,1.0,0.0,0.0,0.0,0.0,0.0,0.0,0.0,,,True,17.0,0.0,,6.83,0.144,21,1,0,False,False,False,False,5.2,True,True,train,exercise day,1
2000-01-11 21:20:00,1,5.8,synthetic,False,0.0,0.0,0.199,1.0,0.0,0.0,0.0,0.0,0.0,0.0,0.0,,,True,31.0,0.0,,6.92,0.11,21,1,0,False,False,False,False,5.6,True,True,train,exercise day,1
2000-01-11 21:25:00,1,5.9,synthetic,False,0.0,0.0,0.099,1.0,0.0,0.0,0.0,0.0,0.0,0.0,0.0,,,True,21.0,0.0,,7.0,0.081,21,1,0,False,False,False,False,6.2,True,True,train,exercise day,1
2000-01-11 21:30:00,1,5.4,synthetic,False,0.0,0.0,0.0,1.0,0.0,0.0,0.0,0.0,0.0,0.0,0.0,55.0,2.0,False,20.0,0.0,,7.08,0.056,21,1,0,False,False,False,False,6.9,True,True,train,exercise day,1
2000-01-11 21:35:00,1,5.5,synthetic,False,0.0,0.0,0.0,1.0,0.0,0.0,0.0,0.0,0.0,0.0,0.0,,,True,23.0,0.0,,7.17,0.036,21,1,0,False,False,False,False,6.8,True,True,train,exercise day,1
2000-01-11 21:40:00,1,5.3,synthetic,False,0.0,0.0,0.0,1.0,0.0,0.0,0.0,0.0,0.0,0.0,0.0,63.7,1.0,False,20.0,0.0,,7.25,0.02,21,1,0,False,False,False,False,7.5,True,True,train,exercise day,1
2000-01-11 21:45:00,1,5.2,synthetic,False,0.0,0.0,0.0,1.0,0.0,0.0,0.0,0.0,0.0,0.0,0.0,56.9,4.0,False,35.0,0.0,,7.33,0.009,21,1,0,False,False,False,False,7.7,True,True,train,exercise day,1
2000-01-11 21:50:00,1,5.6,synthetic,False,0.0,0.0,0.0,1.0,0.0,0.0,0.0,0.0,0.0,0.0,0.0,,,True,33.0,0.0,,7.42,0.002,21,1,0,False,False,False,False,8.2,True,True,train,exercise day,1
2000-01-11 21:55:00,1,6.2,synthetic,False,0.0,0.0,0.0,1.0,0.0,0.0,0.0,0.0,0.0,0.0,0.0,54.8,5.0,False,30.0,0.0,,7.5,0.0,21,1,0,False,False,False,False,8.5,True,True,train,exercise day,1
2000-01-11 22:00:00,1,6.9,synthetic,False,4.11,21.2,4.105,1.0,0.0,0.0,0.0,0.0,0.0,0.0,0.0,,,True,20.0,0.0,,7.58,0.0,22,1,0,False,False,False,False,8.8,True,True,train,exercise day,1
2000-01-11 22:05:00,1,6.8,synthetic,False,0.0,0.0,3.934,1.0,0.0,0.0,0.0,0.0,0.0,0.0,0.0,,,True,27.0,0.0,,7.67,0.0,22,1,0,False,False,False,False,9.2,True,True,train,exercise day,1
2000-01-11 22:10:00,1,7.5,synthetic,False,0.0,0.0,3.763,1.0,0.0,0.0,0.0,0.0,0.0,0.0,0.0,51.8,2.0,False,26.0,0.0,,7.75,0.0,22,1,0,False,False,False,False,9.8,True,True,train,exercise day,1
2000-01-11 22:15:00,1,7.7,synthetic,False,0.0,0.0,3.592,1.0,0.0,0.0,0.0,0.0,0.0,0.0,0.0,64.7,5.0,False,33.0,0.0,,7.83,0.0,22,1,0,False,False,False,False,9.5,True,True,train,exercise day,1
2000-01-11 22:20:00,1,8.2,synthetic,False,0.0,0.0,3.421,1.0,0.0,0.0,0.0,0.0,0.0,0.0,0.0,,,True,19.0,0.0,,7.92,0.0,22,1,0,False,False,False,False,9.4,True,True,train,exercise day,1
2000-01-11 22:25:00,1,8.5,synthetic,False,0.0,0.0,3.25,1.0,0.0,0.0,0.0,0.0,0.0,0.0,0.0,63.5,4.0,False,20.0,0.0,,8.0,0.0,22,1,0,False,False,False,False,,True,False,train,exercise day,1
2000-01-11 22:30:00,1,8.8,synthetic,False,0.0,0.0,3.079,1.0,0.0,0.0,0.0,0.0,0.0,0.0,0.0,,,True,18.0,0.0,,8.08,0.0,22,1,0,False,False,False,False,10.5,True,True,train,exercise day,1
2000-01-11 22:35:00,1,9.2,synthetic,False,0.0,0.0,2.908,1.0,0.0,0.0,0.0,0.0,0.0,0.0,0.0,61.6,4.0,False,23.0,0.0,,8.17,0.0,22,1,0,False,False,False,False,10.3,True,True,train,exercise day,1
2000-01-11 22:40:00,1,9.8,synthetic,False,0.0,0.0,2.737,1.0,0.0,0.0,0.0,0.0,0.0,0.0,0.0,71.0,1.0,False,24.0,0.0,,8.25,0.0,22,1,0,False,False,False,False,9.9,True,True,train,exercise day,1
2000-01-11 22:45:00,1,9.5,synthetic,False,0.0,0.0,2.566,1.0,0.0,0.0,0.0,0.0,0.0,0.0,0.0,49.5,1.0,False,24.0,0.0,,8.33,0.0,22,1,0,False,False,False,False,9.1,True,True,train,exercise day,1
2000-01-11 22:50:00,1,9.4,synthetic,False,0.0,0.0,2.395,1.0,0.0,0.0,0.0,0.0,0.0,0.0,0.0,,,True,22.0,0.0,,8.42,0.0,22,1,0,False,False,False,False,8.8,True,True,train,exercise day,1
2000-01-11 22:55:00,1,,,False,0.0,0.0,2.224,1.0,0.0,0.0,0.0,0.0,0.0,0.0,0.0,,,True,14.0,0.0,,8.5,0.0,22,1,0,False,False,False,True,8.8,False,False,train,exercise day,1
2000-01-11 23:00:00,1,10.5,synthetic,False,0.0,0.0,2.053,1.0,0.0,0.0,0.0,0.0,0.0,0.0,0.0,,,True,1.0,0.0,,8.58,0.0,23,1,0,False,False,False,False,8.3,False,False,train,exercise day,1
2000-01-11 23:05:00,1,10.3,synthetic,False,0.0,0.0,1.882,1.0,0.0,0.0,0.0,0.0,0.0,0.0,0.0,60.1,3.0,False,1.0,0.0,,8.67,0.0,23,1,0,False,False,False,False,8.5,False,False,train,exercise day,1
2000-01-11 23:10:00,1,9.9,synthetic,False,0.0,0.0,1.711,1.0,0.0,0.0,0.0,0.0,0.0,0.0,0.0,49.3,3.0,False,2.0,0.0,,8.75,0.0,23,1,0,False,False,False,False,8.4,False,False,train,exercise day,1
2000-01-11 23:15:00,1,9.1,synthetic,False,0.0,0.0,1.539,1.0,0.0,0.0,0.0,0.0,0.0,0.0,0.0,63.8,3.0,False,1.0,0.0,,8.83,0.0,23,1,0,False,False,False,False,8.5,False,False,train,exercise day,1
2000-01-11 23:20:00,1,8.8,synthetic,False,0.0,0.0,1.368,1.0,0.0,0.0,0.0,0.0,0.0,0.0,0.0,67.5,2.0,False,0.0,0.0,,8.92,0.0,23,1,0,False,False,False,False,8.6,False,False,train,exercise day,1
2000-01-11 23:25:00,1,8.8,synthetic,False,0.0,0.0,1.197,1.0,0.0,0.0,0.0,0.0,0.0,0.0,0.0,,,True,1.0,0.0,,9.0,0.0,23,1,0,False,False,False,False,8.5,False,False,train,exercise day,1
2000-01-11 23:30:00,1,8.3,synthetic,False,0.0,0.0,1.026,1.0,0.0,0.0,0.0,0.0,0.0,0.0,0.0,54.8,5.0,False,1.0,0.0,,9.08,0.0,23,1,0,False,False,False,False,9.0,False,False,train,exercise day,1
2000-01-11 23:35:00,1,8.5,synthetic,False,0.0,0.0,0.855,1.0,0.0,0.0,0.0,0.0,0.0,0.0,0.0,55.3,4.0,False,2.0,0.0,,9.17,0.0,23,1,0,False,False,False,False,9.2,False,False,train,exercise day,1
2000-01-11 23:40:00,1,8.4,synthetic,False,0.0,0.0,0.684,1.0,0.0,0.0,0.0,0.0,0.0,0.0,0.0,59.2,4.0,False,0.0,0.0,,9.25,0.0,23,1,0,False,False,False,False,9.1,False,False,train,exercise day,1
2000-01-11 23:45:00,1,8.5,synthetic,False,0.0,0.0,0.513,1.0,0.0,0.0,0.0,0.0,0.0,0.0,0.0,54.3,2.0,False,1.0,0.0,,9.33,0.0,23,1,0,False,False,False,False,8.8,False,False,train,exercise day,1
2000-01-11 23:50:00,1,8.6,synthetic,False,0.0,0.0,0.342,1.0,0.0,0.0,0.0,0.0,0.0,0.0,0.0,,,True,1.0,0.0,,9.42,0.0,23,1,0,False,False,False,False,8.0,False,False,train,exercise day,1
2000-01-11 23:55:00,1,8.5,synthetic,False,0.0,0.0,0.171,0.0,1.0,0.0,0.0,0.1078,0.0,0.0,0.0,65.9,1.0,False,2.0,0.0,,9.5,0.0,23,1,0,False,False,False,False,8.3,True,True,train,exercise day,1
2000-01-12 00:00:00,1,9.0,synthetic,False,0.0,0.0,0.0,0.0,1.0,0.0,0.0,0.1078,0.0,0.0,0.0,,,True,1.0,0.0,,9.58,0.106,0,2,0,False,False,False,False,7.9,True,True,train,exercise day,1
2000-01-12 00:05:00,1,9.2,synthetic,False,0.0,0.0,0.0,0.0,1.0,0.0,0.0,0.1078,0.0,0.0,0.0,58.5,1.0,False,0.0,0.0,,9.67,0.207,0,2,0,False,False,False,False,8.5,True,True,train,exercise day,1
2000-01-12 00:10:00,1,9.1,synthetic,False,0.0,0.0,0.0,0.0,1.0,0.0,0.0,0.1078,0.0,0.0,0.0,,,True,1.0,0.0,,9.75,0.303,0,2,0,False,False,False,False,7.8,True,True,train,exercise day,1
2000-01-12 00:15:00,1,8.8,synthetic,False,0.0,0.0,0.0,0.0,1.0,0.0,0.0,0.1078,0.0,0.0,0.0,,,True,0.0,0.0,,9.83,0.395,0,2,0,False,False,False,False,7.7,True,True,train,exercise day,1
2000-01-12 00:20:00,1,8.0,synthetic,False,0.0,0.0,0.0,0.0,1.0,0.0,0.0,0.1078,0.0,0.0,0.0,,,True,1.0,0.0,,9.92,0.483,0,2,0,False,False,False,False,7.9,True,True,train,exercise day,1
2000-01-12 00:25:00,1,8.3,synthetic,False,0.0,0.0,0.0,0.0,1.0,0.0,0.0,0.1078,0.0,0.0,0.0,53.8,3.0,False,3.0,0.0,,10.0,0.566,0,2,0,False,False,False,False,8.6,True,True,train,exercise day,1
2000-01-12 00:30:00,1,7.9,synthetic,False,0.0,0.0,0.0,0.0,1.0,0.0,0.0,0.1078,0.0,0.0,0.0,57.2,3.0,False,3.0,0.0,,10.08,0.645,0,2,0,False,False,False,False,8.0,True,True,train,exercise day,1
2000-01-12 00:35:00,1,8.5,synthetic,False,0.0,0.0,0.0,0.0,1.0,0.0,0.0,0.1078,0.0,0.0,0.0,53.6,3.0,False,2.0,0.0,,10.17,0.719,0,2,0,False,False,False,False,8.6,True,True,train,exercise day,1
2000-01-12 00:40:00,1,7.8,synthetic,False,0.0,0.0,0.0,0.0,1.0,0.0,0.0,0.1078,0.0,0.0,0.0,67.4,5.0,False,1.0,0.0,,10.25,0.788,0,2,0,False,False,False,False,8.8,True,True,train,exercise day,1
2000-01-12 00:45:00,1,7.7,synthetic,False,0.0,0.0,0.0,0.0,1.0,0.0,0.0,0.1078,0.0,0.0,0.0,,,True,1.0,0.0,,10.33,0.853,0,2,0,False,False,False,False,9.6,True,True,train,exercise day,1
2000-01-12 00:50:00,1,7.9,synthetic,False,0.0,0.0,0.0,0.0,1.0,0.0,0.0,0.1078,0.0,0.0,0.0,67.7,3.0,False,0.0,0.0,,10.42,0.914,0,2,0,False,False,False,False,9.7,True,True,train,exercise day,1
2000-01-12 00:55:00,1,8.6,synthetic,False,0.0,0.0,0.0,0.0,1.0,0.0,0.0,0.1078,0.0,0.0,0.0,,,True,0.0,0.0,,10.5,0.97,0,2,0,False,False,False,False,9.2,True,True,train,exercise day,1
2000-01-12 01:00:00,1,8.0,synthetic,False,0.0,0.0,0.0,0.0,1.0,0.0,0.0,0.1078,0.0,0.0,0.0,61.5,5.0,False,0.0,0.0,,10.58,1.022,1,2,0,False,False,False,False,8.7,True,True,train,exercise day,1
2000-01-12 01:05:00,1,8.6,synthetic,False,0.0,0.0,0.0,0.0,1.0,0.0,0.0,0.1078,0.0,0.0,0.0,,,True,0.0,0.0,,10.67,1.069,1,2,0,False,False,False,False,9.0,True,True,train,exercise day,1
2000-01-12 01:10:00,1,8.8,synthetic,False,0.0,0.0,0.0,0.0,0.0,1.0,0.0,0.0833,0.0,0.0,0.0,54.0,4.0,False,0.0,0.0,,10.75,1.112,1,2,0,False,False,False,False,8.8,True,True,train,exercise day,1
2000-01-12 01:15:00,1,9.6,synthetic,False,0.0,0.0,0.0,0.0,1.0,0.0,0.0,0.1078,0.0,0.0,0.0,,,True,2.0,0.0,,10.83,1.126,1,2,0,False,False,False,False,8.0,True,True,train,exercise day,1
2000-01-12 01:20:00,1,9.7,synthetic,False,0.0,0.0,0.0,0.0,1.0,0.0,0.0,0.1078,0.0,0.0,0.0,,,True,0.0,0.0,,10.92,1.161,1,2,0,False,False,False,False,7.9,True,True,train,exercise day,1
2000-01-12 01:25:00,1,9.2,synthetic,False,0.0,0.0,0.0,0.0,1.0,0.0,0.0,0.1078,0.0,0.0,0.0,,,True,0.0,0.0,,11.0,1.191,1,2,0,False,False,False,False,8.4,True,True,train,exercise day,1
2000-01-12 01:30:00,1,8.7,synthetic,False,0.0,0.0,0.0,0.0,1.0,0.0,0.0,0.1078,0.0,0.0,0.0,67.1,3.0,False,2.0,0.0,,11.08,1.217,1,2,0,False,False,False,False,8.4,True,True,train,exercise day,1
2000-01-12 01:35:00,1,9.0,synthetic,False,0.0,0.0,0.0,0.0,1.0,0.0,0.0,0.1078,0.0,0.0,0.0,68.1,5.0,False,1.0,0.0,,11.17,1.238,1,2,0,False,False,False,False,8.7,True,True,train,exercise day,1
2000-01-12 01:40:00,1,8.8,synthetic,False,0.0,0.0,0.0,0.0,1.0,0.0,0.0,0.1078,0.0,0.0,0.0,60.4,2.0,False,1.0,0.0,,11.25,1.255,1,2,0,False,False,False,False,8.0,True,True,train,exercise day,1
2000-01-12 01:45:00,1,8.0,synthetic,False,0.0,0.0,0.0,0.0,1.0,0.0,0.0,0.1078,0.0,0.0,0.0,49.8,2.0,False,2.0,0.0,,11.33,1.267,1,2,0,False,False,False,False,7.4,True,True,train,exercise day,1
2000-01-12 01:50:00,1,7.9,synthetic,False,0.0,0.0,0.0,0.0,1.0,0.0,0.0,0.1078,0.0,0.0,0.0,54.5,3.0,False,0.0,0.0,,11.42,1.275,1,2,0,False,False,False,False,7.5,True,True,train,exercise day,1
2000-01-12 01:55:00,1,8.4,synthetic,False,0.0,0.0,0.0,0.0,1.0,0.0,0.0,0.1078,0.0,0.0,0.0,,,True,1.0,0.0,,11.5,1.278,1,2,0,False,False,False,False,7.6,True,True,train,exercise day,1
2000-01-12 02:00:00,1,8.4,synthetic,False,0.0,0.0,0.0,0.0,1.0,0.0,0.0,0.1078,0.0,0.0,0.0,,,True,4.0,0.0,,11.58,1.279,2,2,0,False,False,False,False,7.2,True,True,train,exercise day,1
2000-01-12 02:05:00,1,8.7,synthetic,False,0.0,0.0,0.0,0.0,1.0,0.0,0.0,0.1078,0.0,0.0,0.0,58.9,3.0,False,1.0,0.0,,11.67,1.28,2,2,0,False,False,False,False,7.4,True,True,train,exercise day,1
2000-01-12 02:10:00,1,8.0,synthetic,False,0.0,0.0,0.0,0.0,1.0,0.0,0.0,0.1078,0.0,0.0,0.0,,,True,2.0,0.0,,11.75,1.281,2,2,0,False,False,False,False,7.1,True,True,train,exercise day,1
2000-01-12 02:15:00,1,7.4,synthetic,False,0.0,0.0,0.0,0.0,1.0,0.0,0.0,0.1078,0.0,0.0,0.0,52.2,4.0,False,1.0,0.0,,11.83,1.282,2,2,0,False,False,False,False,7.5,True,True,train,exercise day,1
2000-01-12 02:20:00,1,7.5,synthetic,False,0.0,0.0,0.0,0.0,1.0,0.0,0.0,0.1078,0.0,0.0,0.0,,,True,0.0,0.0,,11.92,1.283,2,2,0,False,False,False,False,7.8,True,True,train,exercise day,1
2000-01-12 02:25:00,1,7.6,synthetic,False,0.0,0.0,0.0,0.0,1.0,0.0,0.0,0.1078,0.0,0.0,0.0,,,True,1.0,0.0,,12.0,1.284,2,2,0,False,False,False,False,7.9,True,True,train,exercise day,1
2000-01-12 02:30:00,1,7.2,synthetic,False,0.0,0.0,0.0,0.0,1.0,0.0,0.0,0.1078,0.0,0.0,0.0,55.9,1.0,False,1.0,0.0,,12.08,1.285,2,2,0,False,False,False,False,7.7,True,True,train,exercise day,1
2000-01-12 02:35:00,1,7.4,synthetic,False,0.0,0.0,0.0,0.0,1.0,0.0,0.0,0.1078,0.0,0.0,0.0,,,True,2.0,0.0,,12.17,1.286,2,2,0,False,False,False,False,8.0,True,True,train,exercise day,1
2000-01-12 02:40:00,1,7.1,synthetic,False,0.0,0.0,0.0,0.0,1.0,0.0,0.0,0.1078,0.0,0.0,0.0,,,True,2.0,0.0,,12.25,1.287,2,2,0,False,False,False,False,8.0,True,True,train,exercise day,1
2000-01-12 02:45:00,1,7.5,synthetic,False,0.0,0.0,0.0,0.0,1.0,0.0,0.0,0.1078,0.0,0.0,0.0,66.5,4.0,False,2.0,0.0,,12.33,1.288,2,2,0,False,False,False,False,8.5,True,True,train,exercise day,1
2000-01-12 02:50:00,1,7.8,synthetic,False,0.0,0.0,0.0,0.0,1.0,0.0,0.0,0.1078,0.0,0.0,0.0,,,True,2.0,0.0,,12.42,1.289,2,2,0,False,False,False,False,8.1,True,True,train,exercise day,1
2000-01-12 02:55:00,1,7.9,synthetic,False,0.0,0.0,0.0,0.0,1.0,0.0,0.0,0.1078,0.0,0.0,0.0,67.1,1.0,False,1.0,0.0,,12.5,1.29,2,2,0,False,False,False,False,8.0,True,True,train,exercise day,1
2000-01-12 03:00:00,1,7.7,synthetic,False,0.0,0.0,0.0,0.0,1.0,0.0,0.0,0.1078,0.0,0.0,0.0,,,True,0.0,0.0,,12.58,1.291,3,2,0,False,False,False,False,8.5,True,True,train,exercise day,1
2000-01-12 03:05:00,1,8.0,synthetic,False,0.0,0.0,0.0,0.0,1.0,0.0,0.0,0.1078,0.0,0.0,0.0,48.2,5.0,False,3.0,0.0,,12.67,1.292,3,2,0,False,False,False,False,8.3,True,True,train,exercise day,1
2000-01-12 03:10:00,1,8.0,synthetic,False,0.0,0.0,0.0,0.0,1.0,0.0,0.0,0.1078,0.0,0.0,0.0,48.0,5.0,False,0.0,0.0,,12.75,1.293,3,2,0,False,False,False,False,8.0,True,True,train,exercise day,1
2000-01-12 03:15:00,1,8.5,synthetic,False,0.0,0.0,0.0,0.0,1.0,0.0,0.0,0.1078,0.0,0.0,0.0,,,True,3.0,0.0,,12.83,1.294,3,2,0,False,False,False,False,7.5,True,True,train,exercise day,1
2000-01-12 03:20:00,1,8.1,synthetic,False,0.0,0.0,0.0,0.0,1.0,0.0,0.0,0.1078,0.0,0.0,0.0,,,True,1.0,0.0,,12.92,1.294,3,2,0,False,False,False,False,8.2,True,True,train,exercise day,1
2000-01-12 03:25:00,1,8.0,synthetic,False,0.0,0.0,0.0,0.0,1.0,0.0,0.0,0.1078,0.0,0.0,0.0,65.7,3.0,False,0.0,0.0,,13.0,1.294,3,2,0,False,False,False,False,8.5,True,True,train,exercise day,1
2000-01-12 03:30:00,1,8.5,synthetic,False,0.0,0.0,0.0,0.0,1.0,0.0,0.0,0.1078,0.0,0.0,0.0,66.1,1.0,False,0.0,0.0,,13.08,1.294,3,2,0,False,False,False,False,8.7,True,True,train,exercise day,1
2000-01-12 03:35:00,1,8.3,synthetic,False,0.0,0.0,0.0,0.0,1.0,0.0,0.0,0.1078,0.0,0.0,0.0,64.5,1.0,False,1.0,0.0,,13.17,1.294,3,2,0,False,False,False,False,8.8,True,True,train,exercise day,1
2000-01-12 03:40:00,1,8.0,synthetic,False,0.0,0.0,0.0,0.0,1.0,0.0,0.0,0.1078,0.0,0.0,0.0,,,True,1.0,0.0,,13.25,1.294,3,2,0,False,False,False,False,9.6,True,True,train,exercise day,1
2000-01-12 03:45:00,1,7.5,synthetic,False,0.0,0.0,0.0,0.0,1.0,0.0,0.0,0.1078,0.0,0.0,0.0,40.1,3.0,False,0.0,0.0,,13.33,1.294,3,2,0,False,False,False,False,9.7,True,True,train,exercise day,1
2000-01-12 03:50:00,1,8.2,synthetic,False,0.0,0.0,0.0,0.0,1.0,0.0,0.0,0.1078,0.0,0.0,0.0,52.1,1.0,False,1.0,0.0,,13.42,1.294,3,2,0,False,False,False,False,10.1,True,True,train,exercise day,1
2000-01-12 03:55:00,1,8.5,synthetic,False,0.0,0.0,0.0,0.0,1.0,0.0,0.0,0.1078,0.0,0.0,0.0,49.3,4.0,False,1.0,0.0,,13.5,1.294,3,2,0,False,False,False,False,10.0,True,True,train,exercise day,1
2000-01-12 04:00:00,1,8.7,synthetic,False,0.0,0.0,0.0,0.0,1.0,0.0,0.0,0.1078,0.0,0.0,0.0,,,True,1.0,0.0,,13.58,1.294,4,2,0,False,False,False,False,10.3,True,True,train,exercise day,1
2000-01-12 04:05:00,1,8.8,synthetic,False,0.0,0.0,0.0,0.0,1.0,0.0,0.0,0.1078,0.0,0.0,0.0,56.1,2.0,False,1.0,0.0,,13.67,1.294,4,2,0,False,False,False,False,10.5,True,True,train,exercise day,1
2000-01-12 04:10:00,1,9.6,synthetic,False,0.0,0.0,0.0,0.0,1.0,0.0,0.0,0.1078,0.0,0.0,0.0,45.1,5.0,False,0.0,0.0,,13.75,1.294,4,2,0,False,False,False,False,11.1,True,True,train,exercise day,1
2000-01-12 04:15:00,1,9.7,synthetic,False,0.0,0.0,0.0,0.0,1.0,0.0,0.0,0.1078,0.0,0.0,0.0,47.8,3.0,False,2.0,0.0,,13.83,1.294,4,2,0,False,False,False,False,11.0,True,True,train,exercise day,1
2000-01-12 04:20:00,1,10.1,synthetic,False,0.0,0.0,0.0,0.0,1.0,0.0,0.0,0.1078,0.0,0.0,0.0,53.7,5.0,False,0.0,0.0,,13.92,1.294,4,2,0,False,False,False,False,10.7,True,True,train,exercise day,1
2000-01-12 04:25:00,1,10.0,synthetic,False,0.0,0.0,0.0,0.0,1.0,0.0,0.0,0.1078,0.0,0.0,0.0,,,True,2.0,0.0,,14.0,1.294,4,2,0,False,False,False,False,11.3,True,True,train,exercise day,1
2000-01-12 04:30:00,1,10.3,synthetic,False,0.0,0.0,0.0,0.0,1.0,0.0,0.0,0.1078,0.0,0.0,0.0,,,True,0.0,0.0,,14.08,1.294,4,2,0,False,False,False,False,11.5,True,True,train,exercise day,1
2000-01-12 04:35:00,1,10.5,synthetic,False,0.0,0.0,0.0,0.0,1.0,0.0,0.0,0.1078,0.0,0.0,0.0,49.2,1.0,False,4.0,0.0,,14.17,1.294,4,2,0,False,False,False,False,11.4,True,True,train,exercise day,1
2000-01-12 04:40:00,1,11.1,synthetic,False,0.0,0.0,0.0,0.0,1.0,0.0,0.0,0.1078,0.0,0.0,0.0,51.7,3.0,False,0.0,0.0,,14.25,1.294,4,2,0,False,False,False,False,11.3,True,True,train,exercise day,1
2000-01-12 04:45:00,1,11.0,synthetic,False,0.0,0.0,0.0,0.0,1.0,0.0,0.0,0.1078,0.0,0.0,0.0,,,True,1.0,0.0,,14.33,1.294,4,2,0,False,False,False,False,11.6,True,True,train,exercise day,1
2000-01-12 04:50:00,1,10.7,synthetic,False,0.0,0.0,0.0,0.0,1.0,0.0,0.0,0.1078,0.0,0.0,0.0,,,True,1.0,0.0,,14.42,1.294,4,2,0,False,False,False,False,11.4,True,True,train,exercise day,1
2000-01-12 04:55:00,1,11.3,synthetic,False,0.0,0.0,0.0,1.0,0.0,0.0,0.0,0.0,0.0,0.0,0.0,45.3,3.0,False,0.0,0.0,,14.5,1.294,4,2,0,False,False,False,False,11.2,True,True,train,exercise day,1
2000-01-12 05:00:00,1,11.5,synthetic,False,0.0,0.0,0.0,1.0,0.0,0.0,0.0,0.0,0.0,0.0,0.0,,,True,1.0,0.0,,14.58,1.188,5,2,0,False,False,False,False,11.4,True,True,train,exercise day,1
2000-01-12 05:05:00,1,11.4,synthetic,False,0.0,0.0,0.0,1.0,0.0,0.0,0.0,0.0,0.0,0.0,0.0,,,True,1.0,0.0,,14.67,1.087,5,2,0,False,False,False,False,12.0,True,True,train,exercise day,1
2000-01-12 05:10:00,1,11.3,synthetic,False,0.0,0.0,0.0,1.0,0.0,0.0,0.0,0.0,0.0,0.0,0.0,48.6,5.0,False,3.0,0.0,,14.75,0.99,5,2,0,False,False,False,False,12.2,True,True,train,exercise day,1
2000-01-12 05:15:00,1,11.6,synthetic,False,0.0,0.0,0.0,1.0,0.0,0.0,0.0,0.0,0.0,0.0,0.0,46.8,4.0,False,0.0,0.0,,14.83,0.898,5,2,0,False,False,False,False,12.3,True,True,train,exercise day,1
2000-01-12 05:20:00,1,11.4,synthetic,False,0.0,0.0,0.0,1.0,0.0,0.0,0.0,0.0,0.0,0.0,0.0,,,True,1.0,0.0,,14.92,0.811,5,2,0,False,False,False,False,11.9,True,True,train,exercise day,1
2000-01-12 05:25:00,1,11.2,synthetic,False,0.0,0.0,0.0,1.0,0.0,0.0,0.0,0.0,0.0,0.0,0.0,50.1,1.0,False,5.0,0.0,,15.0,0.728,5,2,0,False,False,False,False,11.8,True,True,train,exercise day,1
2000-01-12 05:30:00,1,11.4,synthetic,False,0.0,0.0,0.0,1.0,0.0,0.0,0.0,0.0,0.0,0.0,0.0,,,True,2.0,0.0,,15.08,0.649,5,2,0,False,False,False,False,12.5,True,True,train,exercise day,1
2000-01-12 05:35:00,1,12.0,synthetic,False,0.0,0.0,0.0,0.0,1.0,0.0,0.0,0.1078,0.0,0.0,0.0,67.2,1.0,False,0.0,0.0,,15.17,0.575,5,2,0,False,False,False,False,11.4,True,True,train,exercise day,1
2000-01-12 05:40:00,1,12.2,synthetic,False,0.0,0.0,0.0,0.0,1.0,0.0,0.0,0.1078,0.0,0.0,0.0,42.2,2.0,False,3.0,0.0,,15.25,0.611,5,2,0,False,False,False,False,11.9,True,True,train,exercise day,1
2000-01-12 05:45:00,1,12.3,synthetic,False,0.0,0.0,0.0,0.0,1.0,0.0,0.0,0.1078,0.0,0.0,0.0,52.0,3.0,False,0.0,0.0,,15.33,0.647,5,2,0,False,False,False,False,11.5,True,True,train,exercise day,1
2000-01-12 05:50:00,1,11.9,synthetic,False,0.0,0.0,0.0,0.0,1.0,0.0,0.0,0.1078,0.0,0.0,0.0,57.4,2.0,False,2.0,0.0,,15.42,0.683,5,2,0,False,False,False,False,11.2,True,True,train,exercise day,1
2000-01-12 05:55:00,1,11.8,synthetic,False,0.0,0.0,0.0,0.0,1.0,0.0,0.0,0.1078,0.0,0.0,0.0,48.7,4.0,False,2.0,0.0,,15.5,0.719,5,2,0,False,False,False,False,11.0,True,True,train,exercise day,1
2000-01-12 06:00:00,1,12.5,synthetic,False,0.0,0.0,0.0,0.0,1.0,0.0,0.0,0.1078,0.0,0.0,0.0,57.9,3.0,False,2.0,0.0,,15.58,0.755,6,2,0,False,False,False,False,11.6,True,True,train,exercise day,1
2000-01-12 06:05:00,1,11.4,synthetic,False,0.0,0.0,0.0,1.0,0.0,0.0,0.0,0.0,0.0,0.0,0.0,37.9,4.0,False,3.0,0.0,,15.67,0.791,6,2,0,False,False,False,False,11.7,True,True,train,exercise day,1
2000-01-12 06:10:00,1,11.9,synthetic,False,0.0,0.0,0.0,1.0,0.0,0.0,0.0,0.0,0.0,0.0,0.0,39.4,5.0,False,2.0,0.0,,15.75,0.721,6,2,0,False,False,False,False,11.7,True,True,train,exercise day,1
2000-01-12 06:15:00,1,11.5,synthetic,False,0.0,0.0,0.0,1.0,0.0,0.0,0.0,0.0,0.0,0.0,0.0,30.8,3.0,False,0.0,0.0,,15.83,0.656,6,2,0,False,False,False,False,11.2,True,True,train,exercise day,1
2000-01-12 06:20:00,1,11.2,synthetic,False,0.0,0.0,0.0,1.0,0.0,0.0,0.0,0.0,0.0,0.0,0.0,,,True,1.0,0.0,,15.92,0.595,6,2,0,False,False,False,False,,True,False,train,exercise day,1
2000-01-12 06:25:00,1,11.0,synthetic,False,0.0,0.0,0.0,1.0,0.0,0.0,0.0,0.0,0.0,0.0,0.0,,,True,0.0,0.0,,16.0,0.539,6,2,0,False,False,False,False,11.9,True,True,train,exercise day,1
2000-01-12 06:30:00,1,11.6,synthetic,False,0.0,0.0,0.0,1.0,0.0,0.0,0.0,0.0,0.0,0.0,0.0,,,True,1.0,0.0,,16.08,0.487,6,2,0,False,False,False,False,11.1,True,True,train,exercise day,1
2000-01-12 06:35:00,1,11.7,synthetic,False,0.0,0.0,0.0,0.0,1.0,0.0,0.0,0.1078,0.0,0.0,0.0,36.9,1.0,False,0.0,0.0,,16.17,0.44,6,2,0,False,False,False,False,11.5,True,True,train,exercise day,1
2000-01-12 06:40:00,1,11.7,synthetic,False,0.0,0.0,0.0,0.0,1.0,0.0,0.0,0.1078,0.0,0.0,0.0,,,True,1.0,0.0,,16.25,0.503,6,2,0,False,False,False,False,11.4,True,True,train,exercise day,1
2000-01-12 06:45:00,1,11.2,synthetic,False,0.0,0.0,0.0,0.0,1.0,0.0,0.0,0.1078,0.0,0.0,0.0,52.8,5.0,False,1.0,0.0,,16.33,0.566,6,2,0,False,False,False,False,11.6,True,True,train,exercise day,1
2000-01-12 06:50:00,1,,,False,0.0,0.0,0.0,0.0,1.0,0.0,0.0,0.1078,0.0,0.0,0.0,42.5,3.0,False,1.0,0.0,,16.42,0.629,6,2,0,False,False,False,True,11.4,False,False,train,exercise day,1
2000-01-12 06:55:00,1,11.9,synthetic,False,0.0,0.0,0.0,0.0,1.0,0.0,0.0,0.1078,0.0,0.0,0.0,31.1,4.0,False,0.0,0.0,,16.5,0.692,6,2,0,False,False,False,False,10.8,False,False,train,exercise day,1
2000-01-12 07:00:00,1,11.1,synthetic,False,0.0,0.0,0.0,0.0,1.0,0.0,0.0,0.1078,0.0,0.0,0.0,,,True,19.0,0.0,,16.58,0.752,7,2,0,False,False,False,False,10.8,False,False,train,exercise day,1
2000-01-12 07:05:00,1,11.5,synthetic,False,0.0,0.0,0.0,0.0,1.0,0.0,0.0,0.1078,0.0,0.0,0.0,44.1,2.0,False,26.0,0.0,,16.67,0.808,7,2,0,False,False,False,False,9.7,False,False,train,exercise day,1
2000-01-12 07:10:00,1,11.4,synthetic,False,0.0,0.0,0.0,0.0,1.0,0.0,0.0,0.1078,0.0,0.0,0.0,43.3,1.0,False,24.0,0.0,,16.75,0.86,7,2,0,False,False,False,False,9.8,False,False,train,exercise day,1
2000-01-12 07:15:00,1,11.6,synthetic,False,0.0,0.0,0.0,0.0,1.0,0.0,0.0,0.1078,0.0,0.0,0.0,,,True,30.0,0.0,,16.83,0.907,7,2,0,False,False,False,False,9.8,False,False,train,exercise day,1
2000-01-12 07:20:00,1,11.4,synthetic,False,0.0,0.0,0.0,1.0,0.0,0.0,0.0,0.0,0.0,0.0,0.0,,,True,23.0,0.0,,16.92,0.95,7,2,0,False,False,False,False,10.3,False,False,train,exercise day,1
2000-01-12 07:25:00,1,10.8,synthetic,False,0.0,0.0,0.0,1.0,0.0,0.0,0.0,0.0,0.0,0.0,0.0,,,True,17.0,0.0,,17.0,0.883,7,2,0,False,False,False,False,10.4,False,False,train,exercise day,1
2000-01-12 07:30:00,1,10.8,synthetic,False,0.0,0.0,0.0,1.0,0.0,0.0,0.0,0.0,0.0,0.0,0.0,47.7,3.0,False,27.0,0.0,,17.08,0.815,7,2,0,False,False,False,False,9.9,False,False,train,exercise day,1
2000-01-12 07:35:00,1,9.7,synthetic,False,0.0,0.0,0.0,1.0,0.0,0.0,0.0,0.0,0.0,0.0,0.0,,,True,29.0,0.0,,17.17,0.748,7,2,0,False,False,False,False,10.5,False,False,train,exercise day,1
2000-01-12 07:40:00,1,9.8,synthetic,False,7.13,0.0,7.134,1.0,0.0,0.0,0.0,0.0,0.0,0.0,0.0,50.0,1.0,False,25.0,0.0,,17.25,0.683,7,2,0,False,False,False,False,10.8,False,False,train,exercise day,1
2000-01-12 07:45:00,1,9.8,synthetic,False,0.0,0.0,6.837,1.0,0.0,0.0,0.0,0.0,0.0,0.0,0.0,57.1,1.0,False,18.0,0.0,,17.33,0.622,7,2,0,False,False,False,False,11.3,False,False,train,exercise day,1
2000-01-12 07:50:00,1,10.3,synthetic,False,0.0,0.0,6.54,1.0,0.0,0.0,0.0,0.0,0.0,0.0,0.0,,,True,21.0,0.0,,17.42,0.566,7,2,0,False,False,False,False,11.6,True,True,train,exercise day,1
2000-01-12 07:55:00,1,10.4,synthetic,False,0.0,0.0,6.242,1.0,0.0,0.0,0.0,0.0,0.0,0.0,0.0,49.3,2.0,False,28.0,0.0,,17.5,0.514,7,2,0,False,False,False,False,12.1,True,True,train,exercise day,1
2000-01-12 08:00:00,1,9.9,synthetic,False,0.0,0.0,5.945,1.0,0.0,0.0,0.0,0.0,0.0,0.0,0.0,,,True,14.0,0.0,,17.58,0.467,8,2,0,False,False,False,False,12.1,True,True,train,exercise day,1
2000-01-12 08:05:00,1,10.5,synthetic,False,0.0,0.0,5.648,1.0,0.0,0.0,0.0,0.0,0.0,0.0,0.0,50.5,3.0,False,25.0,0.0,,17.67,0.424,8,2,0,False,False,False,False,12.0,True,True,train,exercise day,1
2000-01-12 08:10:00,1,10.8,synthetic,False,0.0,0.0,5.351,1.0,0.0,0.0,0.0,0.0,0.0,0.0,0.0,44.2,3.0,False,24.0,0.0,,17.75,0.384,8,2,0,False,False,False,False,11.4,True,True,train,exercise day,1
2000-01-12 08:15:00,1,11.3,synthetic,False,0.0,0.0,5.053,1.0,0.0,0.0,0.0,0.0,0.0,0.0,0.0,62.4,2.0,False,27.0,0.0,,17.83,0.344,8,2,0,False,False,False,False,11.0,True,True,train,exercise day,1
2000-01-12 08:20:00,1,11.6,synthetic,False,0.0,0.0,4.756,1.0,0.0,0.0,0.0,0.0,0.0,0.0,0.0,51.4,4.0,False,20.0,0.0,,17.92,0.303,8,2,0,False,False,False,False,11.5,True,True,train,exercise day,1
2000-01-12 08:25:00,1,12.1,synthetic,False,0.0,0.0,4.459,1.0,0.0,0.0,0.0,0.0,0.0,0.0,0.0,33.5,2.0,False,23.0,0.0,,18.0,0.263,8,2,0,False,False,False,False,12.1,True,True,train,exercise day,1
2000-01-12 08:30:00,1,12.1,synthetic,False,0.0,0.0,4.162,1.0,0.0,0.0,0.0,0.0,0.0,0.0,0.0,37.6,5.0,False,22.0,0.0,,18.08,0.222,8,2,0,False,False,False,False,13.0,True,True,train,exercise day,1
2000-01-12 08:35:00,1,12.0,synthetic,False,0.0,0.0,3.864,1.0,0.0,0.0,0.0,0.0,0.0,0.0,0.0,44.1,2.0,False,31.0,0.0,,18.17,0.182,8,2,0,False,False,False,False,13.3,True,True,train,exercise day,1
2000-01-12 08:40:00,1,11.4,synthetic,False,0.0,0.0,3.567,1.0,0.0,0.0,0.0,0.0,0.0,0.0,0.0,,,True,31.0,0.0,,18.25,0.144,8,2,0,False,False,False,False,14.0,True,True,train,exercise day,1
2000-01-12 08:45:00,1,11.0,synthetic,False,6.93,59.9,10.203,1.0,0.0,0.0,0.0,0.0,0.0,0.0,0.0,43.7,2.0,False,23.0,0.0,,18.33,0.11,8,2,0,False,False,False,False,15.0,True,True,train,exercise day,1
2000-01-12 08:50:00,1,11.5,synthetic,False,0.0,0.0,9.617,1.0,0.0,0.0,0.0,0.0,0.0,0.0,0.0,,,True,22.0,0.0,,18.42,0.081,8,2,0,False,False,False,False,15.7,True,True,train,exercise day,1
2000-01-12 08:55:00,1,12.1,synthetic,False,0.0,0.0,9.03,1.0,0.0,0.0,0.0,0.0,0.0,0.0,0.0,43.0,5.0,False,36.0,0.0,,18.5,0.056,8,2,0,False,False,False,False,16.1,True,True,train,exercise day,1
2000-01-12 09:00:00,1,13.0,synthetic,False,0.0,0.0,8.444,1.0,0.0,0.0,0.0,0.0,0.0,0.0,0.0,44.6,4.0,False,19.0,0.0,,18.58,0.036,9,2,0,False,False,False,False,16.4,True,True,train,exercise day,1
2000-01-12 09:05:00,1,13.3,synthetic,False,0.0,0.0,7.858,1.0,0.0,0.0,0.0,0.0,0.0,0.0,0.0,56.8,2.0,False,24.0,0.0,,18.67,0.02,9,2,0,False,False,False,False,17.4,True,True,train,exercise day,1
2000-01-12 09:10:00,1,14.0,synthetic,False,0.0,0.0,7.272,1.0,0.0,0.0,0.0,0.0,0.0,0.0,0.0,,,True,19.0,0.0,,18.75,0.009,9,2,0,False,False,False,False,18.6,True,True,train,exercise day,1
2000-01-12 09:15:00,1,15.0,synthetic,False,0.0,0.0,6.686,0.0,1.0,0.0,0.0,0.1078,0.0,0.0,0.0,43.8,1.0,False,19.0,0.0,,18.83,0.002,9,2,0,False,False,False,False,18.7,True,True,train,exercise day,1
2000-01-12 09:20:00,1,15.7,synthetic,False,0.0,0.0,6.1,0.0,1.0,0.0,0.0,0.1078,0.0,0.0,0.0,37.2,2.0,False,32.0,0.0,,18.92,0.106,9,2,0,False,False,False,False,18.1,True,True,train,exercise day,1
2000-01-12 09:25:00,1,16.1,synthetic,False,0.0,0.0,5.514,0.0,1.0,0.0,0.0,0.1078,0.0,0.0,0.0,56.5,5.0,False,15.0,0.0,,19.0,0.207,9,2,0,False,False,False,False,18.1,True,True,train,exercise day,1
2000-01-12 09:30:00,1,16.4,synthetic,False,0.0,0.0,4.928,0.0,1.0,0.0,0.0,0.1078,0.0,0.0,0.0,33.8,1.0,False,26.0,0.0,,19.08,0.303,9,2,0,False,False,False,False,17.7,True,True,train,exercise day,1
2000-01-12 09:35:00,1,17.4,synthetic,False,0.0,0.0,4.341,0.0,1.0,0.0,0.0,0.1078,0.0,0.0,0.0,,,True,27.0,0.0,,19.17,0.395,9,2,0,False,False,False,False,17.6,True,True,train,exercise day,1
2000-01-12 09:40:00,1,18.6,synthetic,False,0.0,0.0,3.755,0.0,1.0,0.0,0.0,0.1078,0.0,0.0,0.0,,,True,22.0,0.0,,19.25,0.483,9,2,0,False,False,False,False,16.6,True,True,train,exercise day,1
2000-01-12 09:45:00,1,18.7,synthetic,False,0.0,0.0,3.466,0.0,1.0,0.0,0.0,0.1078,0.0,0.0,0.0,46.0,4.0,False,18.0,0.0,,19.33,0.566,9,2,0,False,False,False,False,16.5,True,True,train,exercise day,1
2000-01-12 09:50:00,1,18.1,synthetic,False,0.0,0.0,3.178,0.0,1.0,0.0,0.0,0.1078,0.0,0.0,0.0,52.2,3.0,False,14.0,0.0,,19.42,0.645,9,2,0,False,False,False,False,15.7,True,True,train,exercise day,1
2000-01-12 09:55:00,1,18.1,synthetic,False,0.0,0.0,2.889,0.0,1.0,0.0,0.0,0.1078,0.0,0.0,0.0,,,True,20.0,0.0,,19.5,0.719,9,2,0,False,False,False,False,16.2,True,True,train,exercise day,1
2000-01-12 10:00:00,1,17.7,synthetic,False,0.0,0.0,2.6,0.0,1.0,0.0,0.0,0.1078,0.0,0.0,0.0,,,True,23.0,0.0,,19.58,0.788,10,2,0,False,False,False,False,15.6,True,True,train,exercise day,1
2000-01-12 10:05:00,1,17.6,synthetic,False,0.0,0.0,2.311,0.0,1.0,0.0,0.0,0.1078,0.0,0.0,0.0,,,True,29.0,0.0,,19.67,0.853,10,2,0,False,False,False,False,15.6,True,True,train,exercise day,1
2000-01-12 10:10:00,1,16.6,synthetic,False,2.79,30.2,4.808,0.0,1.0,0.0,0.0,0.1078,0.0,0.0,0.0,53.3,2.0,False,30.0,0.0,,19.75,0.914,10,2,0,False,False,False,False,15.3,True,True,train,exercise day,1
2000-01-12 10:15:00,1,16.5,synthetic,False,0.0,0.0,4.403,0.0,1.0,0.0,0.0,0.1078,0.0,0.0,0.0,53.6,1.0,False,19.0,0.0,,19.83,0.97,10,2,0,False,False,False,False,15.1,True,True,train,exercise day,1
2000-01-12 10:20:00,1,15.7,synthetic,False,0.0,0.0,3.998,0.0,1.0,0.0,0.0,0.1078,0.0,0.0,0.0,48.3,5.0,False,20.0,0.0,,19.92,1.022,10,2,0,False,False,False,False,14.9,True,True,train,exercise day,1
2000-01-12 10:25:00,1,16.2,synthetic,False,0.0,0.0,3.593,0.0,1.0,0.0,0.0,0.1078,0.0,0.0,0.0,55.3,3.0,False,17.0,0.0,,20.0,1.069,10,2,0,False,False,False,False,15.1,True,True,train,exercise day,1
2000-01-12 10:30:00,1,15.6,synthetic,False,0.0,0.0,3.188,0.0,1.0,0.0,0.0,0.1078,0.0,0.0,0.0,,,True,21.0,0.0,,20.08,1.112,10,2,0,False,False,False,False,14.7,True,True,train,exercise day,1
2000-01-12 10:35:00,1,15.6,synthetic,False,0.0,0.0,2.783,0.0,1.0,0.0,0.0,0.1078,0.0,0.0,0.0,,,True,22.0,0.0,,20.17,1.15,10,2,0,False,False,False,False,14.9,True,True,train,exercise day,1
2000-01-12 10:40:00,1,15.3,synthetic,False,0.0,0.0,2.378,0.0,1.0,0.0,0.0,0.1078,0.0,0.0,0.0,48.7,1.0,False,29.0,0.0,,20.25,1.184,10,2,0,False,False,False,False,14.5,True,True,train,exercise day,1
2000-01-12 10:45:00,1,15.1,synthetic,False,0.0,0.0,1.973,0.0,1.0,0.0,0.0,0.1078,0.0,0.0,0.0,50.0,4.0,False,26.0,0.0,,20.33,1.213,10,2,0,False,False,False,False,15.1,True,True,train,exercise day,1
2000-01-12 10:50:00,1,14.9,synthetic,False,0.0,0.0,1.857,0.0,1.0,0.0,0.0,0.1078,0.0,0.0,0.0,38.2,3.0,False,24.0,0.0,,20.42,1.237,10,2,0,False,False,False,False,14.0,True,True,train,exercise day,1
2000-01-12 10:55:00,1,15.1,synthetic,False,0.0,0.0,1.741,0.0,1.0,0.0,0.0,0.1078,0.0,0.0,0.0,71.6,3.0,False,22.0,0.0,,20.5,1.258,10,2,0,False,False,False,False,13.8,True,True,train,exercise day,1
2000-01-12 11:00:00,1,14.7,synthetic,False,0.0,0.0,1.625,0.0,1.0,0.0,0.0,0.1078,0.0,0.0,0.0,39.9,2.0,False,14.0,0.0,,20.58,1.273,11,2,0,False,False,False,False,13.0,True,True,train,exercise day,1
2000-01-12 11:05:00,1,14.9,synthetic,False,0.0,0.0,1.509,1.0,0.0,0.0,0.0,0.0,0.0,0.0,0.0,59.2,1.0,False,27.0,0.0,,20.67,1.285,11,2,0,False,False,False,False,12.5,True,True,train,exercise day,1
2000-01-12 11:10:00,1,14.5,synthetic,False,0.0,0.0,1.393,1.0,0.0,0.0,0.0,0.0,0.0,0.0,0.0,62.4,3.0,False,14.0,0.0,,20.75,1.186,11,2,0,False,False,False,False,11.7,True,True,train,exercise day,1
2000-01-12 11:15:00,1,15.1,synthetic,False,0.0,0.0,1.277,1.0,0.0,0.0,0.0,0.0,0.0,0.0,0.0,,,True,26.0,0.0,,20.83,1.087,11,2,0,False,False,False,False,11.9,True,True,train,exercise day,1
2000-01-12 11:20:00,1,14.0,synthetic,False,0.0,0.0,1.161,1.0,0.0,0.0,0.0,0.0,0.0,0.0,0.0,50.9,1.0,False,16.0,0.0,,20.92,0.99,11,2,0,False,False,False,False,11.4,True,True,train,exercise day,1
2000-01-12 11:25:00,1,13.8,synthetic,False,0.0,0.0,1.045,1.0,0.0,0.0,0.0,0.0,0.0,0.0,0.0,56.6,3.0,False,23.0,0.0,,21.0,0.898,11,2,0,False,False,False,False,11.5,True,True,train,exercise day,1
2000-01-12 11:30:00,1,13.0,synthetic,False,0.0,0.0,0.929,1.0,0.0,0.0,0.0,0.0,0.0,0.0,0.0,51.2,1.0,False,24.0,0.0,,21.08,0.811,11,2,0,False,False,False,False,11.5,True,True,train,exercise day,1
2000-01-12 11:35:00,1,12.5,synthetic,False,0.0,0.0,0.813,1.0,0.0,0.0,0.0,0.0,0.0,0.0,0.0,42.2,4.0,False,17.0,0.0,,21.17,0.728,11,2,0,False,False,False,False,11.2,True,True,train,exercise day,1
2000-01-12 11:40:00,1,11.7,synthetic,False,0.0,0.0,0.696,1.0,0.0,0.0,0.0,0.0,0.0,0.0,0.0,46.9,1.0,False,30.0,0.0,,21.25,0.649,11,2,0,False,False,False,False,10.5,True,True,train,exercise day,1
2000-01-12 11:45:00,1,11.9,synthetic,False,0.0,0.0,0.58,1.0,0.0,0.0,0.0,0.0,0.0,0.0,0.0,,,True,27.0,0.0,,21.33,0.575,11,2,0,False,False,False,False,10.4,True,True,train,exercise day,1
2000-01-12 11:50:00,1,11.4,synthetic,False,0.0,0.0,0.464,1.0,0.0,0.0,0.0,0.0,0.0,0.0,0.0,40.2,2.0,False,24.0,0.0,,21.42,0.505,11,2,0,False,False,False,False,10.8,True,True,train,exercise day,1
2000-01-12 11:55:00,1,11.5,synthetic,False,0.0,0.0,0.348,1.0,0.0,0.0,0.0,0.0,0.0,0.0,0.0,57.8,3.0,False,28.0,0.0,,21.5,0.44,11,2,0,False,False,False,False,10.0,True,True,train,exercise day,1
2000-01-12 12:00:00,1,11.5,synthetic,False,0.0,0.0,0.232,1.0,0.0,0.0,0.0,0.0,0.0,0.0,0.0,46.4,4.0,False,26.0,0.0,,21.58,0.38,12,2,0,False,False,False,False,9.5,True,True,train,exercise day,1
2000-01-12 12:05:00,1,11.2,synthetic,False,0.0,0.0,0.116,1.0,0.0,0.0,0.0,0.0,0.0,0.0,0.0,,,True,27.0,0.0,,21.67,0.323,12,2,0,False,False,False,False,9.2,True,True,train,exercise day,1
2000-01-12 12:10:00,1,10.5,synthetic,False,0.0,0.0,0.0,1.0,0.0,0.0,0.0,0.0,0.0,0.0,0.0,,,True,20.0,0.0,,21.75,0.272,12,2,0,False,False,False,False,9.2,True,True,train,exercise day,1
2000-01-12 12:15:00,1,10.4,synthetic,False,0.0,0.0,0.0,1.0,0.0,0.0,0.0,0.0,0.0,0.0,0.0,,,True,21.0,0.0,,21.83,0.225,12,2,0,False,False,False,False,9.2,True,True,train,exercise day,1
2000-01-12 12:20:00,1,10.8,synthetic,False,0.0,0.0,0.0,1.0,0.0,0.0,0.0,0.0,0.0,0.0,0.0,45.5,3.0,False,36.0,0.0,,21.92,0.182,12,2,0,False,False,False,False,9.3,True,True,train,exercise day,1
2000-01-12 12:25:00,1,10.0,synthetic,False,0.0,0.0,0.0,1.0,0.0,0.0,0.0,0.0,0.0,0.0,0.0,,,True,27.0,0.0,,22.0,0.144,12,2,0,False,False,False,False,8.8,True,True,train,exercise day,1
2000-01-12 12:30:00,1,9.5,synthetic,False,0.0,0.0,0.0,1.0,0.0,0.0,0.0,0.0,0.0,0.0,0.0,51.4,2.0,False,25.0,0.0,,22.08,0.11,12,2,0,False,False,False,False,9.5,True,True,train,exercise day,1
2000-01-12 12:35:00,1,9.2,synthetic,False,0.0,0.0,0.0,1.0,0.0,0.0,0.0,0.0,0.0,0.0,0.0,,,True,26.0,0.0,,22.17,0.081,12,2,0,False,False,False,False,9.6,True,True,train,exercise day,1
2000-01-12 12:40:00,1,9.2,synthetic,False,0.0,0.0,0.0,1.0,0.0,0.0,0.0,0.0,0.0,0.0,0.0,58.2,4.0,False,15.0,0.0,,22.25,0.056,12,2,0,False,False,False,False,8.6,True,True,train,exercise day,1
2000-01-12 12:45:00,1,9.2,synthetic,False,0.0,0.0,0.0,1.0,0.0,0.0,0.0,0.0,0.0,0.0,0.0,,,True,25.0,0.0,,22.33,0.036,12,2,0,False,False,False,False,8.3,True,True,train,exercise day,1
2000-01-12 12:50:00,1,9.3,synthetic,False,0.0,0.0,0.0,1.0,0.0,0.0,0.0,0.0,0.0,0.0,0.0,,,True,22.0,0.0,,22.42,0.02,12,2,0,False,False,False,False,8.0,True,True,train,exercise day,1
2000-01-12 12:55:00,1,8.8,synthetic,False,0.0,0.0,0.0,1.0,0.0,0.0,0.0,0.0,0.0,0.0,0.0,50.4,3.0,False,24.0,0.0,,22.5,0.009,12,2,0,False,False,False,False,8.6,True,True,train,exercise day,1
2000-01-12 13:00:00,1,9.5,synthetic,False,0.0,0.0,0.0,1.0,0.0,0.0,0.0,0.0,0.0,0.0,0.0,,,True,25.0,0.0,,22.58,0.002,13,2,0,False,False,False,False,8.9,True,True,train,exercise day,1
2000-01-12 13:05:00,1,9.6,synthetic,False,0.0,0.0,0.0,1.0,0.0,0.0,0.0,0.0,0.0,0.0,0.0,56.1,5.0,False,26.0,0.0,,22.67,0.0,13,2,0,False,False,False,False,8.9,True,True,train,exercise day,1
2000-01-12 13:10:00,1,8.6,synthetic,False,0.0,0.0,0.0,1.0,0.0,0.0,0.0,0.0,0.0,0.0,0.0,,,True,19.0,0.0,,22.75,0.0,13,2,0,False,False,False,False,8.9,True,True,train,exercise day,1
2000-01-12 13:15:00,1,8.3,synthetic,False,0.0,0.0,0.0,1.0,0.0,0.0,0.0,0.0,0.0,0.0,0.0,,,True,21.0,0.0,,22.83,0.0,13,2,0,False,False,False,False,8.3,True,True,train,exercise day,1
2000-01-12 13:20:00,1,8.0,synthetic,False,0.0,0.0,0.0,1.0,0.0,0.0,0.0,0.0,0.0,0.0,0.0,,,True,25.0,0.0,,22.92,0.0,13,2,0,False,False,False,False,7.9,True,True,train,exercise day,1
2000-01-12 13:25:00,1,8.6,synthetic,False,0.0,0.0,0.0,1.0,0.0,0.0,0.0,0.0,0.0,0.0,0.0,54.0,5.0,False,25.0,0.0,,23.0,0.0,13,2,0,False,False,False,False,7.3,True,True,train,exercise day,1
2000-01-12 13:30:00,1,8.9,synthetic,False,0.0,0.0,0.0,1.0,0.0,0.0,0.0,0.0,0.0,0.0,0.0,,,True,29.0,0.0,,23.08,0.0,13,2,0,False,False,False,False,7.6,True,True,train,exercise day,1
2000-01-12 13:35:00,1,8.9,synthetic,False,0.0,0.0,0.0,0.0,0.297,0.0,0.703,0.032,0.0,0.0,0.0,,,True,21.0,0.0,,23.17,0.0,13,2,0,False,False,True,False,7.4,True,False,train,exercise day,1
2000-01-12 13:40:00,1,8.9,synthetic,False,0.0,0.0,0.0,0.0,1.0,0.0,0.0,0.1078,0.0,0.0,0.0,,,True,30.0,0.0,,23.25,0.031,13,2,0,False,False,False,False,7.6,True,True,train,exercise day,1
2000-01-12 13:45:00,1,8.3,synthetic,False,0.0,0.0,0.0,0.0,1.0,0.0,0.0,0.1078,0.0,0.0,0.0,,,True,36.0,0.0,,23.33,0.136,13,2,0,False,False,False,False,7.4,True,True,train,exercise day,1
2000-01-12 13:50:00,1,7.9,synthetic,False,0.0,0.0,0.0,0.0,1.0,0.0,0.0,0.1078,0.0,0.0,0.0,,,True,24.0,0.0,,23.42,0.235,13,2,0,False,False,False,False,7.6,True,True,train,exercise day,1
2000-01-12 13:55:00,1,7.3,synthetic,False,0.0,0.0,0.0,0.0,1.0,0.0,0.0,0.1078,0.0,0.0,0.0,52.3,5.0,False,22.0,0.0,,23.5,0.331,13,2,0,False,False,False,False,7.3,True,True,train,exercise day,1
2000-01-12 14:00:00,1,7.6,synthetic,False,0.0,0.0,0.0,0.0,1.0,0.0,0.0,0.1078,0.0,0.0,0.0,,,True,27.0,0.0,,23.58,0.421,14,2,0,False,False,False,False,7.4,True,True,train,exercise day,1
2000-01-12 14:05:00,1,7.4,synthetic,False,0.0,0.0,0.0,0.0,1.0,0.0,0.0,0.1078,0.0,0.0,0.0,52.9,1.0,False,26.0,0.0,,23.67,0.508,14,2,0,False,False,False,False,6.8,True,True,train,exercise day,1
2000-01-12 14:10:00,1,7.6,synthetic,False,0.0,0.0,0.0,0.0,1.0,0.0,0.0,0.1078,0.0,0.0,0.0,67.5,3.0,False,27.0,0.0,,23.75,0.589,14,2,0,False,False,False,False,6.2,True,True,train,exercise day,1
2000-01-12 14:15:00,1,7.4,synthetic,False,0.0,0.0,0.0,0.0,1.0,0.0,0.0,0.1078,0.0,0.0,0.0,,,True,29.0,0.0,,23.83,0.667,14,2,0,False,False,False,False,6.4,True,True,train,exercise day,1
2000-01-12 14:20:00,1,7.6,synthetic,False,0.0,0.0,0.0,0.0,1.0,0.0,0.0,0.1078,0.0,0.0,0.0,,,True,32.0,0.0,,23.92,0.739,14,2,0,False,False,False,False,6.1,True,True,train,exercise day,1
2000-01-12 14:25:00,1,7.3,synthetic,False,0.0,0.0,0.0,0.0,1.0,0.0,0.0,0.1078,0.0,0.0,0.0,,,True,19.0,0.0,,24.0,0.808,14,2,0,False,False,False,False,6.6,True,True,train,exercise day,1
2000-01-12 14:30:00,1,7.4,synthetic,False,0.0,0.0,0.0,0.0,1.0,0.0,0.0,0.1078,0.0,0.0,0.0,47.5,2.0,False,22.0,0.0,,24.08,0.871,14,2,0,False,False,False,False,6.0,True,True,train,exercise day,1
2000-01-12 14:35:00,1,6.8,synthetic,False,0.0,0.0,0.0,0.0,1.0,0.0,0.0,0.1078,0.0,0.0,0.0,41.7,3.0,False,23.0,0.0,,24.17,0.931,14,2,0,False,False,False,False,6.7,True,True,train,exercise day,1
2000-01-12 14:40:00,1,6.2,synthetic,False,0.0,0.0,0.0,0.0,1.0,0.0,0.0,0.1078,0.0,0.0,0.0,,,True,29.0,0.0,,24.25,0.986,14,2,0,False,False,False,False,7.2,True,True,train,exercise day,1
2000-01-12 14:45:00,1,6.4,synthetic,False,0.0,0.0,0.0,0.0,1.0,0.0,0.0,0.1078,0.0,0.0,0.0,,,True,25.0,0.0,,24.33,1.036,14,2,0,False,False,False,False,7.2,True,True,train,exercise day,1
2000-01-12 14:50:00,1,6.1,synthetic,False,0.0,0.0,0.0,0.0,1.0,0.0,0.0,0.1078,0.0,0.0,0.0,64.7,1.0,False,30.0,0.0,,24.42,1.082,14,2,0,False,False,False,False,7.1,True,True,train,exercise day,1
2000-01-12 14:55:00,1,6.6,synthetic,False,0.0,0.0,0.0,0.0,1.0,0.0,0.0,0.1078,0.0,0.0,0.0,68.3,1.0,False,18.0,0.0,,24.5,1.123,14,2,0,False,False,False,False,6.8,True,True,train,exercise day,1
2000-01-12 15:00:00,1,6.0,synthetic,False,0.0,0.0,0.0,0.0,1.0,0.0,0.0,0.1078,0.0,0.0,0.0,,,True,22.0,0.0,,24.58,1.16,15,2,0,False,False,False,False,7.3,True,True,train,exercise day,1
2000-01-12 15:05:00,1,6.7,synthetic,False,0.0,0.0,0.0,0.0,1.0,0.0,0.0,0.1078,0.0,0.0,0.0,,,True,31.0,0.0,,24.67,1.192,15,2,0,False,False,False,False,7.5,True,True,train,exercise day,1
2000-01-12 15:10:00,1,7.2,synthetic,False,0.0,0.0,0.0,0.0,1.0,0.0,0.0,0.1078,0.0,0.0,0.0,,,True,25.0,0.0,,24.75,1.22,15,2,0,False,False,False,False,7.8,True,True,train,exercise day,1
2000-01-12 15:15:00,1,7.2,synthetic,False,0.0,0.0,0.0,0.0,0.0,1.0,0.0,0.0833,0.0,0.0,0.0,56.6,3.0,False,20.0,0.0,,24.83,1.243,15,2,0,False,False,False,False,7.7,True,True,train,exercise day,1
2000-01-12 15:20:00,1,7.1,synthetic,False,0.0,0.0,0.0,0.0,1.0,0.0,0.0,0.1078,0.0,0.0,0.0,53.1,1.0,False,25.0,0.0,,24.92,1.238,15,2,0,False,False,False,False,8.2,True,True,train,exercise day,1
2000-01-12 15:25:00,1,6.8,synthetic,False,0.0,0.0,0.0,0.0,1.0,0.0,0.0,0.1078,0.0,0.0,0.0,52.9,5.0,False,22.0,0.0,,25.0,1.254,15,2,0,False,False,False,False,8.6,True,True,train,exercise day,1
2000-01-12 15:30:00,1,7.3,synthetic,False,0.0,0.0,0.0,0.0,1.0,0.0,0.0,0.1078,0.0,0.0,0.0,57.5,4.0,False,27.0,0.0,,25.08,1.265,15,2,0,False,False,False,False,8.4,True,True,train,exercise day,1
2000-01-12 15:35:00,1,7.5,synthetic,False,0.0,0.0,0.0,0.0,1.0,0.0,0.0,0.1078,0.0,0.0,0.0,47.1,5.0,False,19.0,0.0,,25.17,1.271,15,2,0,False,False,False,False,8.2,True,True,train,exercise day,1
2000-01-12 15:40:00,1,7.8,synthetic,False,0.0,0.0,0.0,0.0,1.0,0.0,0.0,0.1078,0.0,0.0,0.0,60.7,2.0,False,29.0,0.0,,25.25,1.274,15,2,0,False,False,False,False,8.2,True,True,train,exercise day,1
2000-01-12 15:45:00,1,7.7,synthetic,False,0.0,0.0,0.0,0.0,1.0,0.0,0.0,0.1078,0.0,0.0,0.0,63.6,2.0,False,24.0,0.0,,25.33,1.275,15,2,0,False,False,False,False,7.9,True,True,train,exercise day,1
2000-01-12 15:50:00,1,8.2,synthetic,False,0.0,0.0,0.0,0.0,1.0,0.0,0.0,0.1078,0.0,0.0,0.0,75.4,1.0,False,25.0,0.0,,25.42,1.276,15,2,0,False,False,False,False,7.8,True,True,train,exercise day,1
2000-01-12 15:55:00,1,8.6,synthetic,False,0.0,0.0,0.0,0.0,1.0,0.0,0.0,0.1078,0.0,0.0,0.0,,,True,27.0,0.0,,25.5,1.277,15,2,0,False,False,False,False,7.9,True,True,train,exercise day,1
2000-01-12 16:00:00,1,8.4,synthetic,False,0.0,0.0,0.0,0.0,1.0,0.0,0.0,0.1078,0.0,0.0,0.0,,,True,19.0,0.0,,25.58,1.278,16,2,0,False,False,False,False,8.0,True,True,train,exercise day,1
2000-01-12 16:05:00,1,8.2,synthetic,False,4.46,28.6,4.465,0.0,1.0,0.0,0.0,0.1078,0.0,0.0,0.0,42.1,1.0,False,24.0,0.0,,25.67,1.279,16,2,0,False,False,False,False,7.7,True,True,train,exercise day,1
2000-01-12 16:10:00,1,8.2,synthetic,False,0.0,0.0,4.279,0.0,1.0,0.0,0.0,0.1078,0.0,0.0,0.0,46.5,5.0,False,24.0,0.0,,25.75,1.28,16,2,0,False,False,False,False,,True,False,train,exercise day,1
2000-01-12 16:15:00,1,7.9,synthetic,False,0.0,0.0,4.093,0.0,1.0,0.0,0.0,0.1078,0.0,0.0,0.0,59.9,4.0,False,32.0,0.0,,25.83,1.281,16,2,0,False,False,False,False,8.0,True,True,train,exercise day,1
2000-01-12 16:20:00,1,7.8,synthetic,False,0.0,0.0,3.907,0.0,1.0,0.0,0.0,0.1078,0.0,0.0,0.0,50.6,5.0,False,24.0,0.0,,25.92,1.282,16,2,0,False,False,False,False,8.6,True,True,train,exercise day,1
2000-01-12 16:25:00,1,7.9,synthetic,False,0.0,0.0,3.721,0.0,1.0,0.0,0.0,0.1078,0.0,0.0,0.0,62.1,4.0,False,16.0,0.0,,26.0,1.283,16,2,0,False,False,False,False,9.1,True,True,train,exercise day,1
2000-01-12 16:30:00,1,8.0,synthetic,False,0.0,0.0,3.535,0.0,1.0,0.0,0.0,0.1078,0.0,0.0,0.0,,,True,23.0,0.0,,26.08,1.284,16,2,0,False,False,False,False,9.1,True,True,train,exercise day,1
2000-01-12 16:35:00,1,7.7,synthetic,False,0.0,0.0,3.349,0.0,1.0,0.0,0.0,0.1078,0.0,0.0,0.0,62.1,5.0,False,17.0,0.0,,26.17,1.285,16,2,0,False,False,False,False,10.0,True,True,train,exercise day,1
2000-01-12 16:40:00,1,,,False,0.0,0.0,3.162,0.0,1.0,0.0,0.0,0.1078,0.0,0.0,0.0,52.4,4.0,False,21.0,0.0,,26.25,1.286,16,2,0,False,False,False,True,9.9,False,False,train,exercise day,1
2000-01-12 16:45:00,1,8.0,synthetic,False,0.0,0.0,2.976,0.0,1.0,0.0,0.0,0.1078,0.0,0.0,0.0,,,True,24.0,0.0,,26.33,1.287,16,2,0,False,False,False,False,10.4,False,False,train,exercise day,1
2000-01-12 16:50:00,1,8.6,synthetic,False,0.0,0.0,2.79,0.0,1.0,0.0,0.0,0.1078,0.0,0.0,0.0,55.1,2.0,False,22.0,0.0,,26.42,1.288,16,2,0,False,False,False,False,10.4,False,False,train,exercise day,1
2000-01-12 16:55:00,1,9.1,synthetic,False,0.0,0.0,2.604,0.0,1.0,0.0,0.0,0.1078,0.0,0.0,0.0,,,True,22.0,0.0,,26.5,1.289,16,2,0,False,False,False,False,10.7,False,False,train,exercise day,1
2000-01-12 17:00:00,1,9.1,synthetic,False,0.0,0.0,2.418,0.0,1.0,0.0,0.0,0.1078,0.0,0.0,0.0,49.5,5.0,False,28.0,0.0,,26.58,1.29,17,2,0,False,False,False,False,10.8,False,False,train,exercise day,1
2000-01-12 17:05:00,1,10.0,synthetic,False,0.0,0.0,2.232,0.0,1.0,0.0,0.0,0.1078,0.0,0.0,0.0,52.9,1.0,False,29.0,0.0,,26.67,1.291,17,2,0,False,False,False,False,10.2,False,False,train,exercise day,1
2000-01-12 17:10:00,1,9.9,synthetic,False,0.0,0.0,2.046,0.0,1.0,0.0,0.0,0.1078,0.0,0.0,0.0,,,True,20.0,0.0,,26.75,1.292,17,2,0,False,False,False,False,9.9,False,False,train,exercise day,1
2000-01-12 17:15:00,1,10.4,synthetic,False,0.0,0.0,1.86,0.0,1.0,0.0,0.0,0.1078,0.0,0.0,0.0,,,True,19.0,0.0,,26.83,1.293,17,2,0,False,False,False,False,9.5,False,False,train,exercise day,1
2000-01-12 17:20:00,1,10.4,synthetic,False,0.0,0.0,1.674,0.0,1.0,0.0,0.0,0.1078,0.0,0.0,0.0,,,True,22.0,0.0,,26.92,1.294,17,2,0,False,False,False,False,9.5,False,False,train,exercise day,1
2000-01-12 17:25:00,1,10.7,synthetic,False,0.0,0.0,1.488,0.0,1.0,0.0,0.0,0.1078,0.0,0.0,0.0,58.7,3.0,False,20.0,0.0,,27.0,1.294,17,2,0,False,False,False,False,9.3,False,False,train,exercise day,1
2000-01-12 17:30:00,1,10.8,synthetic,False,0.0,0.0,1.302,0.0,1.0,0.0,0.0,0.1078,0.0,0.0,0.0,,,True,21.0,0.0,,27.08,1.294,17,2,0,False,False,False,False,9.6,False,False,train,exercise day,1
2000-01-12 17:35:00,1,10.2,synthetic,False,0.0,0.0,1.116,0.0,1.0,0.0,0.0,0.1078,0.0,0.0,0.0,67.2,3.0,False,14.0,0.0,,27.17,1.294,17,2,0,False,False,False,False,9.6,False,False,train,exercise day,1
2000-01-12 17:40:00,1,9.9,synthetic,False,0.0,0.0,0.93,0.0,1.0,0.0,0.0,0.1078,0.0,0.0,0.0,60.9,5.0,False,24.0,0.0,,27.25,1.294,17,2,0,False,False,False,False,9.5,True,True,train,exercise day,1
2000-01-12 17:45:00,1,9.5,synthetic,False,0.0,0.0,0.744,0.0,1.0,0.0,0.0,0.1078,0.0,0.0,0.0,64.8,3.0,False,29.0,0.0,,27.33,1.294,17,2,0,False,False,False,False,9.7,True,True,train,exercise day,1
2000-01-12 17:50:00,1,9.5,synthetic,False,0.0,0.0,0.558,0.0,1.0,0.0,0.0,0.1078,0.0,0.0,0.0,63.5,2.0,False,22.0,0.0,,27.42,1.294,17,2,0,False,False,False,False,9.1,True,True,train,exercise day,1
2000-01-12 17:55:00,1,9.3,synthetic,False,0.0,0.0,0.372,0.0,1.0,0.0,0.0,0.1078,0.0,0.0,0.0,68.5,2.0,False,21.0,0.0,,27.5,1.294,17,2,0,False,False,False,False,9.8,True,True,train,exercise day,1
2000-01-12 18:00:00,1,9.6,synthetic,False,0.0,0.0,0.186,0.0,1.0,0.0,0.0,0.1078,0.0,0.0,0.0,68.3,3.0,False,24.0,0.0,,27.58,1.294,18,2,0,False,False,False,False,9.9,True,True,train,exercise day,1
2000-01-12 18:05:00,1,9.6,synthetic,False,0.0,0.0,0.0,0.0,1.0,0.0,0.0,0.1078,0.0,0.0,0.0,,,True,21.0,0.0,,27.67,1.294,18,2,0,False,False,False,False,9.4,True,True,train,exercise day,1
2000-01-12 18:10:00,1,9.5,synthetic,False,0.0,0.0,0.0,0.0,1.0,0.0,0.0,0.1078,0.0,0.0,0.0,63.0,3.0,False,16.0,0.0,,27.75,1.294,18,2,0,False,False,False,False,8.8,True,True,train,exercise day,1
2000-01-12 18:15:00,1,9.7,synthetic,False,0.0,0.0,0.0,0.0,1.0,0.0,0.0,0.1078,0.0,0.0,0.0,67.1,3.0,False,24.0,0.0,,27.83,1.294,18,2,0,False,False,False,False,9.6,True,True,train,exercise day,1
2000-01-12 18:20:00,1,9.1,synthetic,False,0.0,0.0,0.0,0.0,1.0,0.0,0.0,0.1078,0.0,0.0,0.0,56.0,3.0,False,20.0,0.0,,27.92,1.294,18,2,0,False,False,False,False,9.0,True,True,train,exercise day,1
2000-01-12 18:25:00,1,9.8,synthetic,False,0.0,0.0,0.0,0.0,1.0,0.0,0.0,0.1078,0.0,0.0,0.0,50.8,3.0,False,19.0,0.0,,28.0,1.294,18,2,0,False,False,False,False,8.5,True,True,train,exercise day,1
2000-01-12 18:30:00,1,9.9,synthetic,False,0.0,0.0,0.0,0.0,1.0,0.0,0.0,0.1078,0.0,0.0,0.0,72.7,5.0,False,23.0,0.0,,28.08,1.294,18,2,0,False,False,False,False,8.3,True,True,train,exercise day,1
2000-01-12 18:35:00,1,9.4,synthetic,False,0.0,0.0,0.0,0.0,1.0,0.0,0.0,0.1078,0.0,0.0,0.0,,,True,20.0,0.0,,28.17,1.294,18,2,0,False,False,False,False,8.2,True,True,train,exercise day,1
2000-01-12 18:40:00,1,8.8,synthetic,False,0.0,0.0,0.0,0.0,1.0,0.0,0.0,0.1078,0.0,0.0,0.0,68.5,5.0,False,23.0,0.0,,28.25,1.294,18,2,0,False,False,False,False,,True,False,train,exercise day,1
2000-01-12 18:45:00,1,9.6,synthetic,False,0.0,0.0,0.0,0.0,1.0,0.0,0.0,0.1078,0.0,0.0,0.0,,,True,20.0,0.0,,28.33,1.294,18,2,0,False,False,False,False,,True,False,train,exercise day,1
2000-01-12 18:50:00,1,9.0,synthetic,False,0.0,0.0,0.0,0.0,1.0,0.0,0.0,0.1078,0.0,0.0,0.0,,,True,27.0,0.0,,28.42,1.294,18,2,0,False,False,False,False,9.0,True,True,train,exercise day,1
2000-01-12 18:55:00,1,8.5,synthetic,False,0.0,0.0,0.0,0.0,1.0,0.0,0.0,0.1078,0.0,0.0,0.0,62.7,3.0,False,22.0,0.0,,28.5,1.294,18,2,0,False,False,False,False,9.2,True,True,train,exercise day,1
2000-01-12 19:00:00,1,8.3,synthetic,False,0.0,0.0,0.0,0.0,1.0,0.0,0.0,0.1078,0.0,0.0,0.0,40.2,3.0,False,19.0,0.0,,28.58,1.294,19,2,0,False,False,False,False,7.8,True,True,train,exercise day,1
2000-01-12 19:05:00,1,8.2,synthetic,False,0.0,0.0,0.0,0.0,1.0,0.0,0.0,0.1078,0.0,0.0,0.0,52.9,3.0,False,20.0,0.0,,28.67,1.294,19,2,0,False,False,False,False,6.6,True,True,train,exercise day,1
2000-01-12 19:10:00,1,,,False,0.0,0.0,0.0,0.0,1.0,0.0,0.0,0.1078,0.0,0.0,0.0,62.0,2.0,False,219.0,0.0,,28.75,1.294,19,2,0,False,False,False,True,6.6,False,False,train,exercise day,1
2000-01-12 19:15:00,1,,,False,0.0,0.0,0.0,0.0,1.0,0.0,0.0,0.1078,0.0,0.0,0.0,68.6,5.0,False,205.0,0.0,,28.83,1.294,19,2,0,False,False,False,True,6.6,False,False,train,exercise day,1
2000-01-12 19:20:00,1,9.0,synthetic,False,0.0,0.0,0.0,0.0,1.0,0.0,0.0,0.1078,0.0,0.0,0.0,,,True,224.0,0.0,,28.92,1.294,19,2,0,False,False,False,False,6.0,False,False,train,exercise day,1
2000-01-12 19:25:00,1,9.2,synthetic,False,0.0,0.0,0.0,0.0,1.0,0.0,0.0,0.1078,0.0,0.0,0.0,67.0,1.0,False,237.0,0.0,,29.0,1.294,19,2,0,False,False,False,False,6.8,False,False,train,exercise day,1
2000-01-12 19:30:00,1,7.8,synthetic,False,0.0,0.0,0.0,0.0,1.0,0.0,0.0,0.1078,0.0,0.0,0.0,103.3,2.0,False,256.0,5.0,gym,29.08,1.294,19,2,0,False,False,False,False,5.9,False,False,train,exercise day,1
2000-01-12 19:35:00,1,6.6,synthetic,False,0.0,0.0,0.0,0.0,1.0,0.0,0.0,0.1078,0.0,0.0,0.0,115.5,3.0,False,245.0,5.0,gym,29.17,1.294,19,2,0,False,False,False,False,5.3,False,False,train,exercise day,1
2000-01-12 19:40:00,1,6.6,synthetic,False,0.0,0.0,0.0,0.0,1.0,0.0,0.0,0.1078,0.0,0.0,0.0,108.1,4.0,False,246.0,5.0,gym,29.25,1.294,19,2,0,False,False,False,False,5.0,False,False,train,exercise day,1
2000-01-12 19:45:00,1,6.6,synthetic,False,0.0,0.0,0.0,0.0,1.0,0.0,0.0,0.1078,0.0,0.0,0.0,103.9,3.0,False,242.0,5.0,gym,29.33,1.294,19,2,0,False,False,False,False,4.7,False,False,train,exercise day,1
2000-01-12 19:50:00,1,6.0,synthetic,False,0.0,0.0,0.0,0.0,1.0,0.0,0.0,0.1078,0.0,0.0,0.0,98.4,2.0,False,266.0,5.0,gym,29.42,1.294,19,2,0,False,False,False,False,4.2,False,False,train,exercise day,1
2000-01-12 19:55:00,1,6.8,synthetic,False,0.0,0.0,0.0,0.0,0.0,1.0,0.0,0.0833,0.0,0.0,0.0,94.8,4.0,False,271.0,5.0,gym,29.5,1.294,19,2,0,False,False,False,False,4.1,False,False,train,exercise day,1
2000-01-12 20:00:00,1,5.9,synthetic,False,0.0,0.0,0.0,0.0,1.0,0.0,0.0,0.1078,0.0,0.0,0.0,92.9,5.0,False,270.0,5.0,gym,29.58,1.27,20,2,0,False,False,False,False,4.7,False,False,train,exercise day,1
2000-01-12 20:05:00,1,5.3,synthetic,False,0.0,0.0,0.0,0.0,1.0,0.0,0.0,0.1078,0.0,0.0,0.0,98.0,2.0,False,245.0,5.0,gym,29.67,1.271,20,2,0,False,False,False,False,4.8,False,False,train,exercise day,1
2000-01-12 20:10:00,1,5.0,synthetic,False,0.0,0.0,0.0,0.0,1.0,0.0,0.0,0.1078,0.0,0.0,0.0,124.0,1.0,False,257.0,5.0,gym,29.75,1.272,20,2,0,False,False,False,False,4.1,False,False,train,exercise day,1
2000-01-12 20:15:00,1,4.7,synthetic,False,0.0,0.0,0.0,0.0,1.0,0.0,0.0,0.1078,0.0,0.0,0.0,101.6,5.0,False,252.0,5.0,gym,29.83,1.273,20,2,0,False,False,False,False,3.8,True,True,train,exercise day,1
2000-01-12 20:20:00,1,4.2,synthetic,False,4.61,12.2,4.609,0.0,1.0,0.0,0.0,0.1078,0.0,0.0,0.0,104.1,4.0,False,247.0,5.0,gym,29.92,1.274,20,2,0,False,False,False,False,3.9,True,True,train,exercise day,1
2000-01-12 20:25:00,1,4.1,synthetic,False,0.0,0.0,4.417,0.0,1.0,0.0,0.0,0.1078,0.0,0.0,0.0,105.3,5.0,False,236.0,5.0,gym,30.0,1.275,20,2,0,False,False,False,False,3.8,True,True,train,exercise day,1
2000-01-12 20:30:00,1,4.7,synthetic,False,0.0,0.0,4.225,0.0,1.0,0.0,0.0,0.1078,0.0,0.0,0.0,,,True,17.0,0.0,,0.0,1.276,20,2,0,False,False,False,False,4.0,True,True,train,exercise day,1
2000-01-12 20:35:00,1,4.8,synthetic,False,0.0,0.0,4.033,0.0,1.0,0.0,0.0,0.1078,0.0,0.0,0.0,80.0,1.0,False,20.0,0.0,,0.08,1.277,20,2,0,False,False,False,False,4.5,True,True,train,exercise day,1
2000-01-12 20:40:00,1,4.1,synthetic,False,0.0,0.0,3.841,0.0,1.0,0.0,0.0,0.1078,0.0,0.0,0.0,70.4,3.0,False,26.0,0.0,,0.17,1.278,20,2,0,False,False,False,False,4.9,True,True,train,exercise day,1
2000-01-12 20:45:00,1,3.8,synthetic,False,0.0,0.0,3.649,0.0,1.0,0.0,0.0,0.1078,0.0,0.0,0.0,79.5,5.0,False,23.0,0.0,,0.25,1.279,20,2,0,False,False,False,False,5.1,True,True,train,exercise day,1
2000-01-12 20:50:00,1,3.9,synthetic,False,0.0,0.0,3.457,0.0,0.199,0.0,0.801,0.0215,0.0,0.0,0.0,82.1,2.0,False,21.0,0.0,,0.33,1.28,20,2,0,False,False,True,False,4.2,True,False,train,exercise day,1
2000-01-12 20:55:00,1,3.8,synthetic,False,0.0,0.0,3.265,0.0,1.0,0.0,0.0,0.1078,0.0,0.0,0.0,,,True,30.0,0.0,,0.42,1.196,20,2,0,False,False,False,False,3.6,True,True,train,exercise day,1
2000-01-12 21:00:00,1,4.0,synthetic,False,0.0,0.0,3.073,0.0,1.0,0.0,0.0,0.1078,0.0,0.0,0.0,53.7,3.0,False,23.0,0.0,,0.5,1.201,21,2,0,False,False,False,False,4.2,True,True,train,exercise day,1
2000-01-12 21:05:00,1,4.5,synthetic,False,0.0,0.0,2.881,0.0,1.0,0.0,0.0,0.1078,0.0,0.0,0.0,69.3,3.0,False,29.0,0.0,,0.58,1.206,21,2,0,False,False,False,False,4.6,True,True,train,exercise day,1
2000-01-12 21:10:00,1,4.9,synthetic,False,0.0,0.0,2.689,0.0,1.0,0.0,0.0,0.1078,0.0,0.0,0.0,,,True,31.0,0.0,,0.67,1.21,21,2,0,False,False,False,False,5.3,True,True,train,exercise day,1
2000-01-12 21:15:00,1,5.1,synthetic,False,0.0,0.0,2.497,0.0,1.0,0.0,0.0,0.1078,0.0,0.0,0.0,,,True,24.0,0.0,,0.75,1.215,21,2,0,False,False,False,False,5.1,True,True,train,exercise day,1
2000-01-12 21:20:00,1,4.2,synthetic,False,0.0,0.0,2.305,0.0,1.0,0.0,0.0,0.1078,0.0,0.0,0.0,,,True,27.0,0.0,,0.83,1.219,21,2,0,False,False,False,False,5.8,True,True,train,exercise day,1
2000-01-12 21:25:00,1,3.6,synthetic,False,0.0,0.0,2.113,0.0,1.0,0.0,0.0,0.1078,0.0,0.0,0.0,60.5,3.0,False,17.0,0.0,,0.92,1.224,21,2,0,False,False,False,False,6.4,True,True,train,exercise day,1
2000-01-12 21:30:00,1,4.2,synthetic,False,0.0,0.0,1.921,0.0,1.0,0.0,0.0,0.1078,0.0,0.0,0.0,,,True,21.0,0.0,,1.0,1.229,21,2,0,False,False,False,False,7.1,True,True,train,exercise day,1
2000-01-12 21:35:00,1,4.6,synthetic,False,7.11,19.9,8.834,0.0,1.0,0.0,0.0,0.1078,0.0,0.0,0.0,78.9,1.0,False,28.0,0.0,,1.08,1.233,21,2,0,False,False,False,False,7.7,True,True,train,exercise day,1
2000-01-12 21:40:00,1,5.3,synthetic,False,0.0,0.0,8.346,0.0,1.0,0.0,0.0,0.1078,0.0,0.0,0.0,53.3,1.0,False,26.0,0.0,,1.17,1.238,21,2,0,False,False,False,False,8.2,True,True,train,exercise day,1
2000-01-12 21:45:00,1,5.1,synthetic,False,0.0,0.0,7.858,0.0,1.0,0.0,0.0,0.1078,0.0,0.0,0.0,71.0,4.0,False,25.0,0.0,,1.25,1.243,21,2,0,False,False,False,False,7.9,True,True,train,exercise day,1
2000-01-12 21:50:00,1,5.8,synthetic,False,0.0,0.0,7.37,0.0,1.0,0.0,0.0,0.1078,0.0,0.0,0.0,,,True,26.0,0.0,,1.33,1.247,21,2,0,False,False,False,False,7.4,True,True,train,exercise day,1
2000-01-12 21:55:00,1,6.4,synthetic,False,0.0,0.0,6.882,0.0,1.0,0.0,0.0,0.1078,0.0,0.0,0.0,,,True,31.0,0.0,,1.42,1.252,21,2,0,False,False,False,False,7.5,True,True,train,exercise day,1
2000-01-12 22:00:00,1,7.1,synthetic,False,0.0,0.0,6.393,0.0,1.0,0.0,0.0,0.1078,0.0,0.0,0.0,,,True,29.0,0.0,,1.5,1.256,22,2,0,False,False,False,False,8.5,True,True,train,exercise day,1
2000-01-12 22:05:00,1,7.7,synthetic,False,0.0,0.0,5.905,0.0,1.0,0.0,0.0,0.1078,0.0,0.0,0.0,46.7,1.0,False,16.0,0.0,,1.58,1.259,22,2,0,False,False,False,False,9.0,True,True,train,exercise day,1
2000-01-12 22:10:00,1,8.2,synthetic,False,0.0,0.0,5.417,0.0,1.0,0.0,0.0,0.1078,0.0,0.0,0.0,,,True,25.0,0.0,,1.67,1.263,22,2,0,False,False,False,False,9.2,True,True,train,exercise day,1
2000-01-12 22:15:00,1,7.9,synthetic,False,0.0,0.0,4.929,0.0,1.0,0.0,0.0,0.1078,0.0,0.0,0.0,53.2,2.0,False,19.0,0.0,,1.75,1.267,22,2,0,False,False,False,False,9.0,True,True,train,exercise day,1
2000-01-12 22:20:00,1,7.4,synthetic,False,0.0,0.0,4.441,0.0,1.0,0.0,0.0,0.1078,0.0,0.0,0.0,62.7,2.0,False,33.0,0.0,,1.83,1.27,22,2,0,False,False,False,False,9.0,True,True,train,exercise day,1
2000-01-12 22:25:00,1,7.5,synthetic,False,0.0,0.0,4.145,0.0,1.0,0.0,0.0,0.1078,0.0,0.0,0.0,,,True,23.0,0.0,,1.92,1.274,22,2,0,False,False,False,False,9.4,True,True,train,exercise day,1
2000-01-12 22:30:00,1,8.5,synthetic,False,0.0,0.0,3.849,0.0,1.0,0.0,0.0,0.1078,0.0,0.0,0.0,,,True,24.0,0.0,,2.0,1.277,22,2,0,False,False,False,False,9.2,True,True,train,exercise day,1
2000-01-12 22:35:00,1,9.0,synthetic,False,0.0,0.0,3.553,0.0,1.0,0.0,0.0,0.1078,0.0,0.0,0.0,,,True,31.0,0.0,,2.08,1.281,22,2,0,False,False,False,False,9.4,True,True,train,exercise day,1
2000-01-12 22:40:00,1,9.2,synthetic,False,0.0,0.0,3.257,1.0,0.0,0.0,0.0,0.0,0.0,0.0,0.0,71.3,3.0,False,23.0,0.0,,2.17,1.285,22,2,0,False,False,False,False,9.8,True,True,train,exercise day,1
2000-01-12 22:45:00,1,9.0,synthetic,False,0.0,0.0,2.961,1.0,0.0,0.0,0.0,0.0,0.0,0.0,0.0,66.1,5.0,False,25.0,0.0,,2.25,1.183,22,2,0,False,False,False,False,9.8,True,True,train,exercise day,1
2000-01-12 22:50:00,1,9.0,synthetic,False,5.23,54.4,7.893,1.0,0.0,0.0,0.0,0.0,0.0,0.0,0.0,,,True,26.0,0.0,,2.33,1.085,22,2,0,False,False,False,False,10.0,True,True,train,exercise day,1
2000-01-12 22:55:00,1,9.4,synthetic,False,0.0,0.0,7.379,1.0,0.0,0.0,0.0,0.0,0.0,0.0,0.0,,,True,34.0,0.0,,2.42,0.99,22,2,0,False,False,False,False,11.2,True,True,train,exercise day,1
2000-01-12 23:00:00,1,9.2,synthetic,False,0.0,0.0,6.865,1.0,0.0,0.0,0.0,0.0,0.0,0.0,0.0,60.8,2.0,False,0.0,0.0,,2.5,0.898,23,2,0,False,False,False,False,11.6,True,True,train,exercise day,1
2000-01-12 23:05:00,1,9.4,synthetic,False,0.0,0.0,6.351,1.0,0.0,0.0,0.0,0.0,0.0,0.0,0.0,,,True,3.0,0.0,,2.58,0.811,23,2,0,False,False,False,False,12.4,True,True,train,exercise day,1
2000-01-12 23:10:00,1,9.8,synthetic,False,0.0,0.0,5.837,0.0,1.0,0.0,0.0,0.1078,0.0,0.0,0.0,51.3,2.0,False,2.0,0.0,,2.67,0.728,23,2,0,False,False,False,False,,True,False,train,exercise day,1
2000-01-12 23:15:00,1,9.8,synthetic,False,0.0,0.0,5.323,0.0,1.0,0.0,0.0,0.1078,0.0,0.0,0.0,64.3,4.0,False,0.0,0.0,,2.75,0.755,23,2,0,False,False,False,False,13.2,True,True,train,exercise day,1
2000-01-12 23:20:00,1,10.0,synthetic,False,0.0,0.0,4.809,0.0,1.0,0.0,0.0,0.1078,0.0,0.0,0.0,,,True,0.0,0.0,,2.83,0.782,23,2,0,False,False,False,False,13.8,True,True,train,exercise day,1
2000-01-12 23:25:00,1,11.2,synthetic,False,0.0,0.0,4.295,0.0,1.0,0.0,0.0,0.1078,0.0,0.0,0.0,59.7,1.0,False,2.0,0.0,,2.92,0.808,23,2,0,False,False,False,False,13.3,True,True,train,exercise day,1
2000-01-12 23:30:00,1,11.6,synthetic,False,0.0,0.0,3.782,1.0,0.0,0.0,0.0,0.0,0.0,0.0,0.0,,,True,2.0,0.0,,3.0,0.835,23,2,0,False,False,False,False,12.4,True,True,train,exercise day,1
2000-01-12 23:35:00,1,12.4,synthetic,False,0.0,0.0,3.268,1.0,0.0,0.0,0.0,0.0,0.0,0.0,0.0,62.4,1.0,False,0.0,0.0,,3.08,0.757,23,2,0,False,False,False,False,11.6,True,True,train,exercise day,1
2000-01-12 23:40:00,1,,,False,0.0,0.0,3.05,1.0,0.0,0.0,0.0,0.0,0.0,0.0,0.0,53.1,3.0,False,0.0,0.0,,3.17,0.683,23,2,0,False,False,False,True,,False,False,train,exercise day,1
2000-01-12 23:45:00,1,13.2,synthetic,False,0.0,0.0,2.832,1.0,0.0,0.0,0.0,0.0,0.0,0.0,0.0,,,True,0.0,0.0,,3.25,0.613,23,2,0,False,False,False,False,10.8,False,False,train,exercise day,1
2000-01-12 23:50:00,1,13.8,synthetic,False,0.0,0.0,2.614,1.0,0.0,0.0,0.0,0.0,0.0,0.0,0.0,61.7,5.0,False,2.0,0.0,,3.33,0.548,23,2,0,False,False,False,False,9.3,False,False,train,exercise day,1
2000-01-12 23:55:00,1,13.3,synthetic,False,0.0,0.0,2.396,1.0,0.0,0.0,0.0,0.0,0.0,0.0,0.0,58.3,3.0,False,2.0,0.0,,3.42,0.487,23,2,0,False,False,False,False,9.3,False,False,train,exercise day,1
2000-01-13 00:00:00,1,12.4,synthetic,False,0.0,0.0,2.178,1.0,0.0,0.0,0.0,0.0,0.0,0.0,0.0,,,True,2.0,0.0,,3.5,0.431,0,3,0,False,False,False,False,8.6,False,False,train,day after,1
2000-01-13 00:05:00,1,11.6,synthetic,False,0.0,0.0,1.961,1.0,0.0,0.0,0.0,0.0,0.0,0.0,0.0,63.9,5.0,False,0.0,0.0,,3.58,0.38,0,3,0,False,False,False,False,7.6,False,False,train,day after,1
2000-01-13 00:10:00,1,,,False,0.0,0.0,1.743,1.0,0.0,0.0,0.0,0.0,0.0,0.0,0.0,,,True,2.0,0.0,,3.67,0.332,0,3,0,False,False,False,True,7.1,False,False,train,day after,1
2000-01-13 00:15:00,1,10.8,synthetic,False,0.0,0.0,1.525,1.0,0.0,0.0,0.0,0.0,0.0,0.0,0.0,37.2,3.0,False,1.0,0.0,,3.75,0.29,0,3,0,False,False,False,False,6.3,False,False,train,day after,1
2000-01-13 00:20:00,1,9.3,synthetic,False,0.0,0.0,1.307,1.0,0.0,0.0,0.0,0.0,0.0,0.0,0.0,,,True,3.0,0.0,,3.83,0.252,0,3,0,False,False,False,False,6.5,False,False,train,day after,1
2000-01-13 00:25:00,1,9.3,synthetic,False,0.0,0.0,1.089,1.0,0.0,0.0,0.0,0.0,0.0,0.0,0.0,73.3,3.0,False,3.0,0.0,,3.92,0.218,0,3,0,False,False,False,False,6.3,False,False,train,day after,1
2000-01-13 00:30:00,1,8.6,synthetic,False,0.0,0.0,0.871,1.0,0.0,0.0,0.0,0.0,0.0,0.0,0.0,49.5,1.0,False,0.0,0.0,,4.0,0.189,0,3,0,False,False,False,False,5.7,False,False,train,day after,1
2000-01-13 00:35:00,1,7.6,synthetic,False,0.0,0.0,0.654,1.0,0.0,0.0,0.0,0.0,0.0,0.0,0.0,,,True,1.0,0.0,,4.08,0.164,0,3,0,False,False,False,False,5.7,False,False,train,day after,1
2000-01-13 00:40:00,1,7.1,synthetic,False,0.0,0.0,0.436,1.0,0.0,0.0,0.0,0.0,0.0,0.0,0.0,,,True,2.0,0.0,,4.17,0.144,0,3,0,False,False,False,False,5.9,False,False,train,day after,1
2000-01-13 00:45:00,1,6.3,synthetic,False,0.0,0.0,0.218,1.0,0.0,0.0,0.0,0.0,0.0,0.0,0.0,58.8,3.0,False,1.0,0.0,,4.25,0.126,0,3,0,False,False,False,False,6.2,False,False,train,day after,1
2000-01-13 00:50:00,1,6.5,synthetic,False,0.0,0.0,0.0,1.0,0.0,0.0,0.0,0.0,0.0,0.0,0.0,60.7,1.0,False,2.0,0.0,,4.33,0.108,0,3,0,False,False,False,False,5.9,False,False,train,day after,1
2000-01-13 00:55:00,1,6.3,synthetic,False,0.0,0.0,0.0,1.0,0.0,0.0,0.0,0.0,0.0,0.0,0.0,,,True,1.0,0.0,,4.42,0.09,0,3,0,False,False,False,False,6.2,False,False,train,day after,1
2000-01-13 01:00:00,1,5.7,synthetic,False,0.0,0.0,0.0,0.0,1.0,0.0,0.0,0.1078,0.0,0.0,0.0,67.0,1.0,False,2.0,0.0,,4.5,0.072,1,3,0,False,False,False,False,6.1,False,False,train,day after,1
2000-01-13 01:05:00,1,5.7,synthetic,False,0.0,0.0,0.0,0.0,1.0,0.0,0.0,0.1078,0.0,0.0,0.0,43.4,2.0,False,0.0,0.0,,4.58,0.159,1,3,0,False,False,False,False,5.5,False,False,train,day after,1
2000-01-13 01:10:00,1,5.9,synthetic,False,0.0,0.0,0.0,0.0,1.0,0.0,0.0,0.1078,0.0,0.0,0.0,63.5,2.0,False,0.0,0.0,,4.67,0.243,1,3,0,False,False,False,False,5.1,True,True,train,day after,1
2000-01-13 01:15:00,1,6.2,synthetic,False,0.0,0.0,0.0,0.0,1.0,0.0,0.0,0.1078,0.0,0.0,0.0,56.5,3.0,False,1.0,0.0,,4.75,0.323,1,3,0,False,False,False,False,3.9,True,True,train,day after,1
2000-01-13 01:20:00,1,5.9,synthetic,False,0.0,0.0,0.0,0.0,1.0,0.0,0.0,0.1078,0.0,0.0,0.0,65.5,2.0,False,1.0,0.0,,4.83,0.404,1,3,0,False,False,False,False,3.7,True,True,train,day after,1
2000-01-13 01:25:00,1,6.2,synthetic,False,0.0,0.0,0.0,0.0,1.0,0.0,0.0,0.1078,0.0,0.0,0.0,64.2,2.0,False,3.0,0.0,,4.92,0.485,1,3,0,False,False,False,False,3.3,True,True,train,day after,1
2000-01-13 01:30:00,1,6.1,synthetic,False,0.0,0.0,0.0,0.0,1.0,0.0,0.0,0.1078,0.0,0.0,0.0,42.4,1.0,False,0.0,0.0,,5.0,0.566,1,3,0,False,False,False,False,3.6,True,True,train,day after,1
2000-01-13 01:35:00,1,5.5,synthetic,False,0.0,0.0,0.0,0.0,1.0,0.0,0.0,0.1078,0.0,0.0,0.0,,,True,1.0,0.0,,5.08,0.645,1,3,0,False,False,False,False,4.0,True,True,train,day after,1
2000-01-13 01:40:00,1,5.1,synthetic,False,0.0,0.0,0.0,0.0,1.0,0.0,0.0,0.1078,0.0,0.0,0.0,,,True,1.0,0.0,,5.17,0.719,1,3,0,False,False,False,False,4.1,True,True,train,day after,1
2000-01-13 01:45:00,1,3.9,synthetic,False,0.0,0.0,0.0,0.0,1.0,0.0,0.0,0.1078,0.0,0.0,0.0,,,True,2.0,0.0,,5.25,0.788,1,3,0,False,False,False,False,3.1,True,True,train,day after,1
2000-01-13 01:50:00,1,3.7,synthetic,False,0.0,0.0,0.0,0.0,1.0,0.0,0.0,0.1078,0.0,0.0,0.0,60.9,2.0,False,3.0,0.0,,5.33,0.853,1,3,0,False,False,False,False,3.3,True,True,train,day after,1
2000-01-13 01:55:00,1,3.3,synthetic,False,0.0,0.0,0.0,0.0,1.0,0.0,0.0,0.1078,0.0,0.0,0.0,,,True,1.0,0.0,,5.42,0.914,1,3,0,False,False,False,False,3.8,True,True,train,day after,1
2000-01-13 02:00:00,1,3.6,synthetic,False,0.0,0.0,0.0,0.0,1.0,0.0,0.0,0.1078,0.0,0.0,0.0,52.6,3.0,False,1.0,0.0,,5.5,0.97,2,3,0,False,False,False,False,3.1,True,True,train,day after,1
2000-01-13 02:05:00,1,4.0,synthetic,False,0.0,0.0,0.0,0.0,1.0,0.0,0.0,0.1078,0.0,0.0,0.0,,,True,2.0,0.0,,5.58,1.022,2,3,0,False,False,False,False,3.4,True,True,train,day after,1
2000-01-13 02:10:00,1,4.1,synthetic,False,0.0,0.0,0.0,0.0,1.0,0.0,0.0,0.1078,0.0,0.0,0.0,62.2,4.0,False,0.0,0.0,,5.67,1.069,2,3,0,False,False,False,False,3.3,True,True,train,day after,1
2000-01-13 02:15:00,1,3.1,synthetic,False,0.0,0.0,0.0,0.0,1.0,0.0,0.0,0.1078,0.0,0.0,0.0,,,True,2.0,0.0,,5.75,1.112,2,3,0,False,False,False,False,3.3,True,True,train,day after,1
2000-01-13 02:20:00,1,3.3,synthetic,False,0.0,0.0,0.0,0.0,1.0,0.0,0.0,0.1078,0.0,0.0,0.0,52.9,3.0,False,1.0,0.0,,5.83,1.15,2,3,0,False,False,False,False,3.7,True,True,train,day after,1
2000-01-13 02:25:00,1,3.8,synthetic,False,0.0,0.0,0.0,0.0,1.0,0.0,0.0,0.1078,0.0,0.0,0.0,,,True,2.0,0.0,,5.92,1.184,2,3,0,False,False,False,False,3.2,True,True,train,day after,1
2000-01-13 02:30:00,1,3.1,synthetic,False,0.0,0.0,0.0,0.0,1.0,0.0,0.0,0.1078,0.0,0.0,0.0,,,True,0.0,0.0,,6.0,1.213,2,3,0,False,False,False,False,2.5,True,True,train,day after,1
2000-01-13 02:35:00,1,3.4,synthetic,False,0.0,0.0,0.0,0.0,1.0,0.0,0.0,0.1078,0.0,0.0,0.0,61.8,2.0,False,2.0,0.0,,6.08,1.237,2,3,0,False,False,False,False,2.6,True,True,train,day after,1
2000-01-13 02:40:00,1,3.3,synthetic,False,0.0,0.0,0.0,0.0,1.0,0.0,0.0,0.1078,0.0,0.0,0.0,63.5,1.0,False,1.0,0.0,,6.17,1.258,2,3,0,False,False,False,False,,True,False,train,day after,1
2000-01-13 02:45:00,1,3.3,synthetic,False,0.0,0.0,0.0,0.0,1.0,0.0,0.0,0.1078,0.0,0.0,0.0,63.2,1.0,False,2.0,0.0,,6.25,1.273,2,3,0,False,False,False,False,,True,False,train,day after,1
2000-01-13 02:50:00,1,3.7,synthetic,False,0.0,0.0,0.0,0.0,1.0,0.0,0.0,0.1078,0.0,0.0,0.0,63.3,5.0,False,3.0,0.0,,6.33,1.285,2,3,0,False,False,False,False,3.1,True,True,train,day after,1
2000-01-13 02:55:00,1,3.2,synthetic,False,0.0,0.0,0.0,0.0,1.0,0.0,0.0,0.1078,0.0,0.0,0.0,,,True,1.0,0.0,,6.42,1.291,2,3,0,False,False,False,False,3.2,True,True,train,day after,1
2000-01-13 03:00:00,1,2.5,synthetic,False,0.0,0.0,0.0,0.0,1.0,0.0,0.0,0.1078,0.0,0.0,0.0,44.6,5.0,False,1.0,0.0,,6.5,1.294,3,3,0,False,False,False,False,3.6,True,True,train,day after,1
2000-01-13 03:05:00,1,2.6,synthetic,False,0.0,0.0,0.0,0.0,1.0,0.0,0.0,0.1078,0.0,0.0,0.0,,,True,0.0,0.0,,6.58,1.294,3,3,0,False,False,False,False,4.1,True,True,train,day after,1
2000-01-13 03:10:00,1,,,False,0.0,0.0,0.0,0.0,1.0,0.0,0.0,0.1078,0.0,0.0,0.0,48.6,4.0,False,2.0,0.0,,6.67,1.294,3,3,0,False,False,False,True,3.9,False,False,train,day after,1
2000-01-13 03:15:00,1,,,False,0.0,0.0,0.0,1.0,0.0,0.0,0.0,0.0,0.0,0.0,0.0,60.0,4.0,False,0.0,0.0,,6.75,1.294,3,3,0,False,False,False,True,3.7,False,False,train,day after,1
2000-01-13 03:20:00,1,3.1,synthetic,False,0.0,0.0,0.0,1.0,0.0,0.0,0.0,0.0,0.0,0.0,0.0,,,True,2.0,0.0,,6.83,1.188,3,3,0,False,False,False,False,4.4,False,False,train,day after,1
2000-01-13 03:25:00,1,3.2,synthetic,False,0.0,0.0,0.0,1.0,0.0,0.0,0.0,0.0,0.0,0.0,0.0,,,True,2.0,0.0,,6.92,1.087,3,3,0,False,False,False,False,4.7,False,False,train,day after,1
2000-01-13 03:30:00,1,3.6,synthetic,False,0.0,0.0,0.0,1.0,0.0,0.0,0.0,0.0,0.0,0.0,0.0,,,True,2.0,0.0,,7.0,0.99,3,3,0,False,False,False,False,4.6,False,False,train,day after,1
2000-01-13 03:35:00,1,4.1,synthetic,False,0.0,0.0,0.0,1.0,0.0,0.0,0.0,0.0,0.0,0.0,0.0,51.7,2.0,False,0.0,0.0,,7.08,0.898,3,3,0,False,False,False,False,3.9,False,False,train,day after,1
2000-01-13 03:40:00,1,3.9,synthetic,False,0.0,0.0,0.0,1.0,0.0,0.0,0.0,0.0,0.0,0.0,0.0,52.2,2.0,False,2.0,0.0,,7.17,0.811,3,3,0,False,False,False,False,3.9,False,False,train,day after,1
2000-01-13 03:45:00,1,3.7,synthetic,False,0.0,0.0,0.0,1.0,0.0,0.0,0.0,0.0,0.0,0.0,0.0,43.5,1.0,False,0.0,0.0,,7.25,0.728,3,3,0,False,False,False,False,4.6,False,False,train,day after,1
2000-01-13 03:50:00,1,4.4,synthetic,False,0.0,0.0,0.0,1.0,0.0,0.0,0.0,0.0,0.0,0.0,0.0,53.5,3.0,False,0.0,0.0,,7.33,0.649,3,3,0,False,False,False,False,4.8,False,False,train,day after,1
2000-01-13 03:55:00,1,4.7,synthetic,False,0.0,0.0,0.0,1.0,0.0,0.0,0.0,0.0,0.0,0.0,0.0,,,True,0.0,0.0,,7.42,0.575,3,3,0,False,False,False,False,4.3,False,False,train,day after,1
2000-01-13 04:00:00,1,4.6,synthetic,False,0.0,0.0,0.0,1.0,0.0,0.0,0.0,0.0,0.0,0.0,0.0,,,True,2.0,0.0,,7.5,0.505,4,3,0,False,False,False,False,5.0,False,False,train,day after,1
2000-01-13 04:05:00,1,3.9,synthetic,False,0.0,0.0,0.0,1.0,0.0,0.0,0.0,0.0,0.0,0.0,0.0,42.4,5.0,False,0.0,0.0,,7.58,0.44,4,3,0,False,False,False,False,5.0,False,False,train,day after,1
2000-01-13 04:10:00,1,3.9,synthetic,False,0.0,0.0,0.0,1.0,0.0,0.0,0.0,0.0,0.0,0.0,0.0,62.7,4.0,False,3.0,0.0,,7.67,0.38,4,3,0,False,False,False,False,4.8,False,False,train,day after,1
2000-01-13 04:15:00,1,4.6,synthetic,False,0.0,0.0,0.0,1.0,0.0,0.0,0.0,0.0,0.0,0.0,0.0,,,True,0.0,0.0,,7.75,0.323,4,3,0,False,False,False,False,5.1,True,True,train,day after,1
2000-01-13 04:20:00,1,4.8,synthetic,False,0.0,0.0,0.0,1.0,0.0,0.0,0.0,0.0,0.0,0.0,0.0,53.1,3.0,False,1.0,0.0,,7.83,0.272,4,3,0,False,False,False,False,4.5,True,True,train,day after,1
2000-01-13 04:25:00,1,4.3,synthetic,False,0.0,0.0,0.0,1.0,0.0,0.0,0.0,0.0,0.0,0.0,0.0,61.0,2.0,False,0.0,0.0,,7.92,0.225,4,3,0,False,False,False,False,4.6,True,True,train,day after,1
2000-01-13 04:30:00,1,5.0,synthetic,False,0.0,0.0,0.0,1.0,0.0,0.0,0.0,0.0,0.0,0.0,0.0,,,True,1.0,0.0,,8.0,0.182,4,3,0,False,False,False,False,5.0,True,True,train,day after,1
2000-01-13 04:35:00,1,5.0,synthetic,False,0.0,0.0,0.0,1.0,0.0,0.0,0.0,0.0,0.0,0.0,0.0,57.6,2.0,False,1.0,0.0,,8.08,0.144,4,3,0,False,False,False,False,4.7,True,True,train,day after,1
2000-01-13 04:40:00,1,4.8,synthetic,False,0.0,0.0,0.0,1.0,0.0,0.0,0.0,0.0,0.0,0.0,0.0,60.7,2.0,False,2.0,0.0,,8.17,0.11,4,3,0,False,False,False,False,4.4,True,True,train,day after,1
2000-01-13 04:45:00,1,5.1,synthetic,False,0.0,0.0,0.0,1.0,0.0,0.0,0.0,0.0,0.0,0.0,0.0,51.3,3.0,False,4.0,0.0,,8.25,0.081,4,3,0,False,False,False,False,4.4,True,True,train,day after,1
2000-01-13 04:50:00,1,4.5,synthetic,False,0.0,0.0,0.0,1.0,0.0,0.0,0.0,0.0,0.0,0.0,0.0,57.6,4.0,False,3.0,0.0,,8.33,0.056,4,3,0,False,False,False,False,4.6,True,True,train,day after,1
2000-01-13 04:55:00,1,4.6,synthetic,False,0.0,0.0,0.0,1.0,0.0,0.0,0.0,0.0,0.0,0.0,0.0,46.5,4.0,False,0.0,0.0,,8.42,0.036,4,3,0,False,False,False,False,4.9,True,True,train,day after,1
2000-01-13 05:00:00,1,5.0,synthetic,False,0.0,0.0,0.0,1.0,0.0,0.0,0.0,0.0,0.0,0.0,0.0,49.6,1.0,False,0.0,0.0,,8.5,0.02,5,3,0,False,False,False,False,5.0,True,True,train,day after,1
2000-01-13 05:05:00,1,4.7,synthetic,False,0.0,0.0,0.0,1.0,0.0,0.0,0.0,0.0,0.0,0.0,0.0,55.2,2.0,False,2.0,0.0,,8.58,0.009,5,3,0,False,False,False,False,5.0,True,True,train,day after,1
2000-01-13 05:10:00,1,4.4,synthetic,False,0.0,0.0,0.0,1.0,0.0,0.0,0.0,0.0,0.0,0.0,0.0,,,True,0.0,0.0,,8.67,0.002,5,3,0,False,False,False,False,4.5,True,True,train,day after,1
2000-01-13 05:15:00,1,4.4,synthetic,False,0.0,0.0,0.0,1.0,0.0,0.0,0.0,0.0,0.0,0.0,0.0,,,True,2.0,0.0,,8.75,0.0,5,3,0,False,False,False,False,4.7,True,True,train,day after,1
2000-01-13 05:20:00,1,4.6,synthetic,False,0.0,0.0,0.0,1.0,0.0,0.0,0.0,0.0,0.0,0.0,0.0,54.3,3.0,False,0.0,0.0,,8.83,0.0,5,3,0,False,False,False,False,4.9,True,True,train,day after,1
2000-01-13 05:25:00,1,4.9,synthetic,False,0.0,0.0,0.0,1.0,0.0,0.0,0.0,0.0,0.0,0.0,0.0,41.6,2.0,False,0.0,0.0,,8.92,0.0,5,3,0,False,False,False,False,4.4,True,True,train,day after,1
2000-01-13 05:30:00,1,5.0,synthetic,False,0.0,0.0,0.0,1.0,0.0,0.0,0.0,0.0,0.0,0.0,0.0,,,True,1.0,0.0,,9.0,0.0,5,3,0,False,False,False,False,4.3,True,True,train,day after,1
2000-01-13 05:35:00,1,5.0,synthetic,False,0.0,0.0,0.0,1.0,0.0,0.0,0.0,0.0,0.0,0.0,0.0,33.5,1.0,False,3.0,0.0,,9.08,0.0,5,3,0,False,False,False,False,4.3,True,True,train,day after,1
2000-01-13 05:40:00,1,4.5,synthetic,False,0.0,0.0,0.0,1.0,0.0,0.0,0.0,0.0,0.0,0.0,0.0,53.7,3.0,False,0.0,0.0,,9.17,0.0,5,3,0,False,False,False,False,4.2,True,True,train,day after,1
2000-01-13 05:45:00,1,4.7,synthetic,False,0.0,0.0,0.0,1.0,0.0,0.0,0.0,0.0,0.0,0.0,0.0,52.3,1.0,False,1.0,0.0,,9.25,0.0,5,3,0,False,False,False,False,4.2,True,True,train,day after,1
2000-01-13 05:50:00,1,4.9,synthetic,False,0.0,0.0,0.0,1.0,0.0,0.0,0.0,0.0,0.0,0.0,0.0,50.4,5.0,False,1.0,0.0,,9.33,0.0,5,3,0,False,False,False,False,4.0,True,True,train,day after,1
2000-01-13 05:55:00,1,4.4,synthetic,False,0.0,0.0,0.0,1.0,0.0,0.0,0.0,0.0,0.0,0.0,0.0,58.2,2.0,False,1.0,0.0,,9.42,0.0,5,3,0,False,False,False,False,,True,False,train,day after,1
2000-01-13 06:00:00,1,4.3,synthetic,False,0.0,0.0,0.0,1.0,0.0,0.0,0.0,0.0,0.0,0.0,0.0,,,True,1.0,0.0,,9.5,0.0,6,3,0,False,False,False,False,4.2,True,True,train,day after,1
2000-01-13 06:05:00,1,4.3,synthetic,False,0.0,0.0,0.0,1.0,0.0,0.0,0.0,0.0,0.0,0.0,0.0,,,True,1.0,0.0,,9.58,0.0,6,3,0,False,False,False,False,4.5,True,True,train,day after,1
2000-01-13 06:10:00,1,4.2,synthetic,False,0.0,0.0,0.0,1.0,0.0,0.0,0.0,0.0,0.0,0.0,0.0,42.2,2.0,False,2.0,0.0,,9.67,0.0,6,3,0,False,False,False,False,4.2,True,True,train,day after,1
2000-01-13 06:15:00,1,4.2,synthetic,False,0.0,0.0,0.0,1.0,0.0,0.0,0.0,0.0,0.0,0.0,0.0,56.8,5.0,False,1.0,0.0,,9.75,0.0,6,3,0,False,False,False,False,4.2,True,True,train,day after,1
2000-01-13 06:20:00,1,4.0,synthetic,False,0.0,0.0,0.0,1.0,0.0,0.0,0.0,0.0,0.0,0.0,0.0,51.6,4.0,False,0.0,0.0,,9.83,0.0,6,3,0,False,False,False,False,4.4,True,True,train,day after,1
2000-01-13 06:25:00,1,,,False,0.0,0.0,0.0,1.0,0.0,0.0,0.0,0.0,0.0,0.0,0.0,,,True,1.0,0.0,,9.92,0.0,6,3,0,False,False,False,True,3.7,False,False,train,day after,1
2000-01-13 06:30:00,1,4.2,synthetic,False,0.0,0.0,0.0,1.0,0.0,0.0,0.0,0.0,0.0,0.0,0.0,59.4,3.0,False,1.0,0.0,,10.0,0.0,6,3,0,False,False,False,False,3.9,False,False,train,day after,1
2000-01-13 06:35:00,1,4.5,synthetic,False,0.0,0.0,0.0,1.0,0.0,0.0,0.0,0.0,0.0,0.0,0.0,,,True,1.0,0.0,,10.08,0.0,6,3,0,False,False,False,False,4.3,False,False,train,day after,1
2000-01-13 06:40:00,1,4.2,synthetic,False,0.0,0.0,0.0,1.0,0.0,0.0,0.0,0.0,0.0,0.0,0.0,,,True,2.0,0.0,,10.17,0.0,6,3,0,False,False,False,False,4.1,False,False,train,day after,1
2000-01-13 06:45:00,1,4.2,synthetic,False,0.0,0.0,0.0,1.0,0.0,0.0,0.0,0.0,0.0,0.0,0.0,,,True,0.0,0.0,,10.25,0.0,6,3,0,False,False,False,False,4.6,False,False,train,day after,1
2000-01-13 06:50:00,1,4.4,synthetic,False,0.0,0.0,0.0,1.0,0.0,0.0,0.0,0.0,0.0,0.0,0.0,,,True,2.0,0.0,,10.33,0.0,6,3,0,False,False,False,False,4.3,False,False,train,day after,1
2000-01-13 06:55:00,1,3.7,synthetic,False,0.0,0.0,0.0,0.0,1.0,0.0,0.0,0.1078,0.0,0.0,0.0,,,True,1.0,0.0,,10.42,0.0,6,3,0,False,False,False,False,4.0,False,False,train,day after,1
2000-01-13 07:00:00,1,3.9,synthetic,False,0.0,0.0,0.0,0.0,1.0,0.0,0.0,0.1078,0.0,0.0,0.0,,,True,25.0,0.0,,10.5,0.106,7,3,0,False,False,False,False,3.8,False,False,train,day after,1
2000-01-13 07:05:00,1,4.3,synthetic,False,0.0,0.0,0.0,0.0,1.0,0.0,0.0,0.1078,0.0,0.0,0.0,50.0,2.0,False,20.0,0.0,,10.58,0.207,7,3,0,False,False,False,False,3.5,False,False,train,day after,1
2000-01-13 07:10:00,1,4.1,synthetic,False,0.0,0.0,0.0,0.0,1.0,0.0,0.0,0.1078,0.0,0.0,0.0,64.6,3.0,False,20.0,0.0,,10.67,0.303,7,3,0,False,False,False,False,4.0,False,False,train,day after,1
2000-01-13 07:15:00,1,4.6,synthetic,False,0.0,0.0,0.0,0.0,1.0,0.0,0.0,0.1078,0.0,0.0,0.0,47.3,5.0,False,20.0,0.0,,10.75,0.395,7,3,0,False,False,False,False,4.3,False,False,train,day after,1
2000-01-13 07:20:00,1,4.3,synthetic,False,0.0,0.0,0.0,0.0,1.0,0.0,0.0,0.1078,0.0,0.0,0.0,,,True,25.0,0.0,,10.83,0.483,7,3,0,False,False,False,False,4.7,False,False,train,day after,1
2000-01-13 07:25:00,1,4.0,synthetic,False,0.0,0.0,0.0,0.0,1.0,0.0,0.0,0.1078,0.0,0.0,0.0,52.6,3.0,False,36.0,0.0,,10.92,0.566,7,3,0,False,False,False,False,5.0,True,True,train,day after,1
2000-01-13 07:30:00,1,3.8,synthetic,False,0.0,0.0,0.0,0.0,1.0,0.0,0.0,0.1078,0.0,0.0,0.0,46.5,3.0,False,27.0,0.0,,11.0,0.645,7,3,0,False,False,False,False,5.3,True,True,train,day after,1
2000-01-13 07:35:00,1,3.5,synthetic,False,0.0,0.0,0.0,0.0,1.0,0.0,0.0,0.1078,0.0,0.0,0.0,47.2,4.0,False,38.0,0.0,,11.08,0.719,7,3,0,False,False,False,False,6.1,True,True,train,day after,1
2000-01-13 07:40:00,1,4.0,synthetic,False,0.1,35.0,0.1,0.0,1.0,0.0,0.0,0.1078,0.0,0.0,0.0,37.8,2.0,False,29.0,0.0,,11.17,0.788,7,3,0,False,False,False,False,6.2,True,True,train,day after,1
2000-01-13 07:45:00,1,4.3,synthetic,False,0.0,0.0,0.096,1.0,0.0,0.0,0.0,0.0,0.0,0.0,0.0,,,True,22.0,0.0,,11.25,0.853,7,3,0,False,False,False,False,6.8,True,True,train,day after,1
2000-01-13 07:50:00,1,4.7,synthetic,False,0.0,0.0,0.092,1.0,0.0,0.0,0.0,0.0,0.0,0.0,0.0,47.1,4.0,False,22.0,0.0,,11.33,0.809,7,3,0,False,False,False,False,7.0,True,True,train,day after,1
2000-01-13 07:55:00,1,5.0,synthetic,False,0.0,0.0,0.088,1.0,0.0,0.0,0.0,0.0,0.0,0.0,0.0,57.9,2.0,False,15.0,0.0,,11.42,0.764,7,3,0,False,False,False,False,7.1,True,True,train,day after,1
2000-01-13 08:00:00,1,5.3,synthetic,False,0.0,0.0,0.083,1.0,0.0,0.0,0.0,0.0,0.0,0.0,0.0,43.3,2.0,False,33.0,0.0,,11.5,0.719,8,3,0,False,False,False,False,7.4,True,True,train,day after,1
2000-01-13 08:05:00,1,6.1,synthetic,False,1.85,11.5,1.931,1.0,0.0,0.0,0.0,0.0,0.0,0.0,0.0,45.0,2.0,False,24.0,0.0,,11.58,0.674,8,3,0,False,False,False,False,8.0,True,True,train,day after,1
2000-01-13 08:10:00,1,6.2,synthetic,False,0.0,0.0,1.849,1.0,0.0,0.0,0.0,0.0,0.0,0.0,0.0,,,True,26.0,0.0,,11.67,0.629,8,3,0,False,False,False,False,8.6,True,True,train,day after,1
2000-01-13 08:15:00,1,6.8,synthetic,False,0.0,0.0,1.768,1.0,0.0,0.0,0.0,0.0,0.0,0.0,0.0,54.7,5.0,False,25.0,0.0,,11.75,0.584,8,3,0,False,False,False,False,8.4,True,True,train,day after,1
2000-01-13 08:20:00,1,7.0,synthetic,False,0.0,0.0,1.687,1.0,0.0,0.0,0.0,0.0,0.0,0.0,0.0,46.1,5.0,False,20.0,0.0,,11.83,0.539,8,3,0,False,False,False,False,8.2,True,True,train,day after,1
2000-01-13 08:25:00,1,7.1,synthetic,False,0.0,0.0,1.605,1.0,0.0,0.0,0.0,0.0,0.0,0.0,0.0,46.5,4.0,False,16.0,0.0,,11.92,0.494,8,3,0,False,False,False,False,8.5,True,True,train,day after,1
2000-01-13 08:30:00,1,7.4,synthetic,False,0.0,0.0,1.524,1.0,0.0,0.0,0.0,0.0,0.0,0.0,0.0,42.3,1.0,False,32.0,0.0,,12.0,0.449,8,3,0,False,False,False,False,7.5,True,True,train,day after,1
2000-01-13 08:35:00,1,8.0,synthetic,False,0.0,0.0,1.443,0.0,1.0,0.0,0.0,0.1078,0.0,0.0,0.0,46.3,1.0,False,24.0,0.0,,12.08,0.404,8,3,0,False,False,False,False,7.7,True,True,train,day after,1
2000-01-13 08:40:00,1,8.6,synthetic,False,0.0,0.0,1.361,0.0,1.0,0.0,0.0,0.1078,0.0,0.0,0.0,50.0,3.0,False,21.0,0.0,,12.17,0.465,8,3,0,False,False,False,False,7.6,True,True,train,day after,1
2000-01-13 08:45:00,1,8.4,synthetic,False,0.0,0.0,1.28,0.0,1.0,0.0,0.0,0.1078,0.0,0.0,0.0,,,True,29.0,0.0,,12.25,0.521,8,3,0,False,False,False,False,7.4,True,True,train,day after,1
2000-01-13 08:50:00,1,8.2,synthetic,False,0.0,0.0,1.199,0.0,1.0,0.0,0.0,0.1078,0.0,0.0,0.0,54.3,3.0,False,26.0,0.0,,12.33,0.573,8,3,0,False,False,False,False,7.3,True,True,train,day after,1
2000-01-13 08:55:00,1,8.5,synthetic,False,0.0,0.0,1.118,0.0,1.0,0.0,0.0,0.1078,0.0,0.0,0.0,54.8,5.0,False,28.0,0.0,,12.42,0.62,8,3,0,False,False,False,False,7.7,True,True,train,day after,1
2000-01-13 09:00:00,1,7.5,synthetic,False,0.0,0.0,1.036,0.0,1.0,0.0,0.0,0.1078,0.0,0.0,0.0,53.7,5.0,False,26.0,0.0,,12.5,0.665,9,3,0,False,False,False,False,7.8,True,True,train,day after,1
2000-01-13 09:05:00,1,7.7,synthetic,False,0.0,0.0,0.955,0.0,1.0,0.0,0.0,0.1078,0.0,0.0,0.0,,,True,33.0,0.0,,12.58,0.71,9,3,0,False,False,False,False,7.5,True,True,train,day after,1
2000-01-13 09:10:00,1,7.6,synthetic,False,0.0,0.0,0.874,0.0,1.0,0.0,0.0,0.1078,0.0,0.0,0.0,42.8,5.0,False,24.0,0.0,,12.67,0.755,9,3,0,False,False,False,False,,True,False,train,day after,1
2000-01-13 09:15:00,1,7.4,synthetic,False,0.0,0.0,0.792,0.0,1.0,0.0,0.0,0.1078,0.0,0.0,0.0,52.1,1.0,False,17.0,0.0,,12.75,0.8,9,3,0,False,False,False,False,8.2,True,True,train,day after,1
2000-01-13 09:20:00,1,7.3,synthetic,False,0.0,0.0,0.711,0.0,1.0,0.0,0.0,0.1078,0.0,0.0,0.0,60.8,4.0,False,22.0,0.0,,12.83,0.844,9,3,0,False,False,False,False,8.1,True,True,train,day after,1
2000-01-13 09:25:00,1,7.7,synthetic,False,0.0,0.0,0.63,0.0,1.0,0.0,0.0,0.1078,0.0,0.0,0.0,,,True,32.0,0.0,,12.92,0.889,9,3,0,False,False,False,False,9.4,True,True,train,day after,1
2000-01-13 09:30:00,1,7.8,synthetic,False,0.0,0.0,0.548,0.0,1.0,0.0,0.0,0.1078,0.0,0.0,0.0,50.1,1.0,False,16.0,0.0,,13.0,0.934,9,3,0,False,False,False,False,9.3,True,True,train,day after,1
2000-01-13 09:35:00,1,7.5,synthetic,False,1.63,46.7,2.093,0.0,1.0,0.0,0.0,0.1078,0.0,0.0,0.0,41.4,3.0,False,34.0,0.0,,13.08,0.979,9,3,0,False,False,False,False,,True,False,train,day after,1
2000-01-13 09:40:00,1,,,False,0.0,0.0,1.943,0.0,1.0,0.0,0.0,0.1078,0.0,0.0,0.0,,,True,34.0,0.0,,13.17,1.024,9,3,0,False,False,False,True,10.9,False,False,train,day after,1
2000-01-13 09:45:00,1,8.2,synthetic,False,0.0,0.0,1.799,0.0,1.0,0.0,0.0,0.1078,0.0,0.0,0.0,47.1,5.0,False,22.0,0.0,,13.25,1.069,9,3,0,False,False,False,False,10.9,False,False,train,day after,1
2000-01-13 09:50:00,1,8.1,synthetic,False,0.0,0.0,1.654,0.0,1.0,0.0,0.0,0.1078,0.0,0.0,0.0,,,True,25.0,0.0,,13.33,1.112,9,3,0,False,False,False,False,10.9,False,False,train,day after,1
2000-01-13 09:55:00,1,9.4,synthetic,False,0.0,0.0,1.509,0.0,0.0,1.0,0.0,0.0833,0.0,0.0,0.0,,,True,24.0,0.0,,13.42,1.15,9,3,0,False,False,False,False,10.4,False,False,train,day after,1
2000-01-13 10:00:00,1,9.3,synthetic,False,0.0,0.0,1.364,0.0,1.0,0.0,0.0,0.1078,0.0,0.0,0.0,49.1,2.0,False,20.0,0.0,,13.5,1.16,10,3,0,False,False,False,False,10.4,False,False,train,day after,1
2000-01-13 10:05:00,1,,,False,0.0,0.0,1.219,0.0,1.0,0.0,0.0,0.1078,0.0,0.0,0.0,43.0,5.0,False,20.0,0.0,,13.58,1.19,10,3,0,False,False,False,True,10.5,False,False,train,day after,1
2000-01-13 10:10:00,1,10.9,synthetic,False,3.25,19.1,4.401,0.0,1.0,0.0,0.0,0.1078,0.0,0.0,0.0,,,True,23.0,0.0,,13.67,1.216,10,3,0,False,False,False,False,10.3,False,False,train,day after,1
2000-01-13 10:15:00,1,10.9,synthetic,False,0.0,0.0,4.198,0.0,1.0,0.0,0.0,0.1078,0.0,0.0,0.0,56.6,4.0,False,26.0,0.0,,13.75,1.237,10,3,0,False,False,False,False,10.7,False,False,train,day after,1
2000-01-13 10:20:00,1,10.9,synthetic,False,0.0,0.0,3.995,0.0,1.0,0.0,0.0,0.1078,0.0,0.0,0.0,,,True,33.0,0.0,,13.83,1.253,10,3,0,False,False,False,False,10.1,False,False,train,day after,1
2000-01-13 10:25:00,1,10.4,synthetic,False,0.0,0.0,3.792,0.0,1.0,0.0,0.0,0.1078,0.0,0.0,0.0,48.9,1.0,False,28.0,0.0,,13.92,1.266,10,3,0,False,False,False,False,10.1,False,False,train,day after,1
2000-01-13 10:30:00,1,10.4,synthetic,False,0.0,0.0,3.589,0.0,1.0,0.0,0.0,0.1078,0.0,0.0,0.0,40.7,2.0,False,24.0,0.0,,14.0,1.273,10,3,0,False,False,False,False,9.4,False,False,train,day after,1
2000-01-13 10:35:00,1,10.5,synthetic,False,0.0,0.0,3.386,0.0,1.0,0.0,0.0,0.1078,0.0,0.0,0.0,46.7,4.0,False,25.0,0.0,,14.08,1.277,10,3,0,False,False,False,False,8.9,False,False,train,day after,1
2000-01-13 10:40:00,1,10.3,synthetic,False,0.0,0.0,3.183,0.0,1.0,0.0,0.0,0.1078,0.0,0.0,0.0,,,True,30.0,0.0,,14.17,1.278,10,3,0,False,False,False,False,9.3,False,False,train,day after,1
2000-01-13 10:45:00,1,10.7,synthetic,False,0.0,0.0,2.979,0.0,1.0,0.0,0.0,0.1078,0.0,0.0,0.0,47.5,3.0,False,31.0,0.0,,14.25,1.279,10,3,0,False,False,False,False,9.2,False,False,train,day after,1
2000-01-13 10:50:00,1,10.1,synthetic,False,0.0,0.0,2.776,0.0,1.0,0.0,0.0,0.1078,0.0,0.0,0.0,,,True,26.0,0.0,,14.33,1.28,10,3,0,False,False,False,False,,False,False,train,day after,1
2000-01-13 10:55:00,1,10.1,synthetic,False,0.0,0.0,2.573,0.0,1.0,0.0,0.0,0.1078,0.0,0.0,0.0,,,True,27.0,0.0,,14.42,1.281,10,3,0,False,False,False,False,9.0,False,False,train,day after,1
2000-01-13 11:00:00,1,9.4,synthetic,False,0.47,0.0,2.843,0.0,1.0,0.0,0.0,0.1078,0.0,0.0,0.0,51.3,3.0,False,24.0,0.0,,14.5,1.282,11,3,0,False,False,False,False,9.1,False,False,train,day after,1
2000-01-13 11:05:00,1,8.9,synthetic,False,0.0,0.0,2.62,0.0,1.0,0.0,0.0,0.1078,0.0,0.0,0.0,54.0,5.0,False,25.0,0.0,,14.58,1.283,11,3,0,False,False,False,False,8.8,True,True,train,day after,1
2000-01-13 11:10:00,1,9.3,synthetic,False,0.0,0.0,2.397,0.0,1.0,0.0,0.0,0.1078,0.0,0.0,0.0,,,True,21.0,0.0,,14.67,1.284,11,3,0,False,False,False,False,8.8,True,True,train,day after,1
2000-01-13 11:15:00,1,9.2,synthetic,False,0.0,0.0,2.174,0.0,1.0,0.0,0.0,0.1078,0.0,0.0,0.0,45.9,2.0,False,24.0,0.0,,14.75,1.285,11,3,0,False,False,False,False,8.7,True,True,train,day after,1
2000-01-13 11:20:00,1,,,False,0.0,0.0,1.951,0.0,1.0,0.0,0.0,0.1078,0.0,0.0,0.0,39.0,5.0,False,22.0,0.0,,14.83,1.286,11,3,0,False,False,False,True,8.3,False,False,train,day after,1
2000-01-13 11:25:00,1,9.0,synthetic,False,0.0,0.0,1.729,1.0,0.0,0.0,0.0,0.0,0.0,0.0,0.0,,,True,29.0,0.0,,14.92,1.287,11,3,0,False,False,False,False,8.1,False,False,train,day after,1
2000-01-13 11:30:00,1,9.1,synthetic,False,8.84,14.3,10.35,1.0,0.0,0.0,0.0,0.0,0.0,0.0,0.0,,,True,28.0,0.0,,15.0,1.182,11,3,0,False,False,False,False,7.7,False,False,train,day after,1
2000-01-13 11:35:00,1,8.8,synthetic,False,0.0,0.0,9.759,1.0,0.0,0.0,0.0,0.0,0.0,0.0,0.0,43.4,1.0,False,21.0,0.0,,15.08,1.082,11,3,0,False,False,False,False,,False,False,train,day after,1
2000-01-13 11:40:00,1,8.8,synthetic,False,0.0,0.0,9.235,1.0,0.0,0.0,0.0,0.0,0.0,0.0,0.0,,,True,25.0,0.0,,15.17,0.987,11,3,0,False,False,False,False,6.1,False,False,train,day after,1
2000-01-13 11:45:00,1,8.7,synthetic,False,0.0,0.0,8.712,1.0,0.0,0.0,0.0,0.0,0.0,0.0,0.0,50.9,5.0,False,28.0,0.0,,15.25,0.896,11,3,0,False,False,False,False,5.7,False,False,train,day after,1
2000-01-13 11:50:00,1,8.3,synthetic,False,0.0,0.0,8.188,1.0,0.0,0.0,0.0,0.0,0.0,0.0,0.0,,,True,21.0,0.0,,15.33,0.809,11,3,0,False,False,False,False,6.2,False,False,train,day after,1
2000-01-13 11:55:00,1,8.1,synthetic,False,0.0,0.0,7.664,1.0,0.0,0.0,0.0,0.0,0.0,0.0,0.0,,,True,23.0,0.0,,15.42,0.727,11,3,0,False,False,False,False,6.6,False,False,train,day after,1
2000-01-13 12:00:00,1,7.7,synthetic,False,0.0,0.0,7.141,1.0,0.0,0.0,0.0,0.0,0.0,0.0,0.0,49.6,4.0,False,25.0,0.0,,15.5,0.649,12,3,0,False,False,False,False,6.6,False,False,train,day after,1
2000-01-13 12:05:00,1,,,False,0.0,0.0,6.617,1.0,0.0,0.0,0.0,0.0,0.0,0.0,0.0,,,True,32.0,0.0,,15.58,0.575,12,3,0,False,False,False,True,6.5,False,False,train,day after,1
2000-01-13 12:10:00,1,6.1,synthetic,False,0.0,0.0,6.094,1.0,0.0,0.0,0.0,0.0,0.0,0.0,0.0,,,True,34.0,0.0,,15.67,0.505,12,3,0,False,False,False,False,6.8,False,False,train,day after,1
2000-01-13 12:15:00,1,5.7,synthetic,False,4.18,35.0,9.89,1.0,0.0,0.0,0.0,0.0,0.0,0.0,0.0,,,True,23.0,0.0,,15.75,0.44,12,3,0,False,False,False,False,7.7,False,False,train,day after,1
2000-01-13 12:20:00,1,6.2,synthetic,False,0.0,0.0,9.327,1.0,0.0,0.0,0.0,0.0,0.0,0.0,0.0,,,True,22.0,0.0,,15.83,0.38,12,3,0,False,False,False,False,8.4,False,False,train,day after,1
2000-01-13 12:25:00,1,6.6,synthetic,False,5.04,25.1,13.805,1.0,0.0,0.0,0.0,0.0,0.0,0.0,0.0,,,True,17.0,0.0,,15.92,0.323,12,3,0,False,False,False,False,8.9,False,False,train,day after,1
2000-01-13 12:30:00,1,6.6,synthetic,False,0.0,0.0,13.032,1.0,0.0,0.0,0.0,0.0,0.0,0.0,0.0,,,True,32.0,0.0,,16.0,0.272,12,3,0,False,False,False,False,8.4,False,False,train,day after,1
2000-01-13 12:35:00,1,6.5,synthetic,False,0.0,0.0,12.259,1.0,0.0,0.0,0.0,0.0,0.0,0.0,0.0,,,True,20.0,0.0,,16.08,0.225,12,3,0,False,False,False,False,8.8,False,False,train,day after,1
2000-01-13 12:40:00,1,6.8,synthetic,False,0.0,0.0,11.487,0.0,1.0,0.0,0.0,0.1078,0.0,0.0,0.0,52.9,4.0,False,23.0,0.0,,16.17,0.182,12,3,0,False,False,False,False,9.6,False,False,train,day after,1
2000-01-13 12:45:00,1,7.7,synthetic,False,0.0,0.0,10.714,0.0,1.0,0.0,0.0,0.1078,0.0,0.0,0.0,,,True,28.0,0.0,,16.25,0.249,12,3,0,False,False,False,False,10.3,False,False,train,day after,1
2000-01-13 12:50:00,1,8.4,synthetic,False,0.0,0.0,9.942,0.0,1.0,0.0,0.0,0.1078,0.0,0.0,0.0,47.4,4.0,False,17.0,0.0,,16.33,0.317,12,3,0,False,False,False,False,,False,False,train,day after,1
2000-01-13 12:55:00,1,8.9,synthetic,False,0.0,0.0,9.169,0.0,1.0,0.0,0.0,0.1078,0.0,0.0,0.0,54.8,3.0,False,23.0,0.0,,16.42,0.384,12,3,0,False,False,False,False,9.9,False,False,train,day after,1
2000-01-13 13:00:00,1,8.4,synthetic,False,0.0,0.0,8.396,0.0,1.0,0.0,0.0,0.1078,0.0,0.0,0.0,,,True,19.0,0.0,,16.5,0.451,13,3,0,False,False,False,False,9.5,False,False,train,day after,1
2000-01-13 13:05:00,1,8.8,synthetic,False,0.0,0.0,7.644,0.0,1.0,0.0,0.0,0.1078,0.0,0.0,0.0,,,True,23.0,0.0,,16.58,0.519,13,3,0,False,False,False,False,9.4,True,True,train,day after,1
2000-01-13 13:10:00,1,9.6,synthetic,False,0.0,0.0,6.891,0.0,1.0,0.0,0.0,0.1078,0.0,0.0,0.0,,,True,22.0,0.0,,16.67,0.586,13,3,0,False,False,False,False,9.1,True,True,train,day after,1
2000-01-13 13:15:00,1,10.3,synthetic,False,0.0,0.0,6.138,0.0,1.0,0.0,0.0,0.1078,0.0,0.0,0.0,,,True,32.0,0.0,,16.75,0.654,13,3,0,False,False,False,False,8.8,True,True,train,day after,1
2000-01-13 13:20:00,1,,,False,0.0,0.0,5.385,0.0,1.0,0.0,0.0,0.1078,0.0,0.0,0.0,49.1,3.0,False,18.0,0.0,,16.83,0.721,13,3,0,False,False,False,True,8.1,False,False,train,day after,1
2000-01-13 13:25:00,1,9.9,synthetic,False,0.0,0.0,4.632,0.0,1.0,0.0,0.0,0.1078,0.0,0.0,0.0,,,True,19.0,0.0,,16.92,0.788,13,3,0,False,False,False,False,8.4,False,False,train,day after,1
2000-01-13 13:30:00,1,9.5,synthetic,False,0.0,0.0,3.879,0.0,1.0,0.0,0.0,0.1078,0.0,0.0,0.0,51.8,2.0,False,30.0,0.0,,17.0,0.853,13,3,0,False,False,False,False,8.2,False,False,train,day after,1
2000-01-13 13:35:00,1,9.4,synthetic,False,0.92,23.9,4.414,0.0,1.0,0.0,0.0,0.1078,0.0,0.0,0.0,52.6,5.0,False,21.0,0.0,,17.08,0.914,13,3,0,False,False,False,False,7.8,False,False,train,day after,1
2000-01-13 13:40:00,1,9.1,synthetic,False,0.0,0.0,3.991,0.0,1.0,0.0,0.0,0.1078,0.0,0.0,0.0,55.8,4.0,False,23.0,0.0,,17.17,0.97,13,3,0,False,False,False,False,7.6,False,False,train,day after,1
2000-01-13 13:45:00,1,8.8,synthetic,False,0.0,0.0,3.569,0.0,1.0,0.0,0.0,0.1078,0.0,0.0,0.0,,,True,27.0,0.0,,17.25,1.022,13,3,0,False,False,False,False,7.1,False,False,train,day after,1
2000-01-13 13:50:00,1,8.1,synthetic,False,0.0,0.0,3.146,0.0,1.0,0.0,0.0,0.1078,0.0,0.0,0.0,46.4,1.0,False,29.0,0.0,,17.33,1.069,13,3,0,False,False,False,False,7.8,False,False,train,day after,1
2000-01-13 13:55:00,1,8.4,synthetic,False,0.0,0.0,2.723,0.0,1.0,0.0,0.0,0.1078,0.0,0.0,0.0,,,True,20.0,0.0,,17.42,1.112,13,3,0,False,False,False,False,8.3,False,False,train,day after,1
2000-01-13 14:00:00,1,8.2,synthetic,False,0.0,0.0,2.301,0.0,1.0,0.0,0.0,0.1078,0.0,0.0,0.0,57.4,5.0,False,31.0,0.0,,17.5,1.15,14,3,0,False,False,False,False,8.1,False,False,train,day after,1
2000-01-13 14:05:00,1,7.8,synthetic,False,0.0,0.0,1.878,0.0,1.0,0.0,0.0,0.1078,0.0,0.0,0.0,55.8,3.0,False,27.0,0.0,,17.58,1.184,14,3,0,False,False,False,False,8.9,False,False,train,day after,1
2000-01-13 14:10:00,1,7.6,synthetic,False,0.0,0.0,1.455,0.0,1.0,0.0,0.0,0.1078,0.0,0.0,0.0,62.9,1.0,False,34.0,0.0,,17.67,1.213,14,3,0,False,False,False,False,8.7,False,False,train,day after,1
2000-01-13 14:15:00,1,7.1,synthetic,False,0.0,0.0,1.033,0.0,1.0,0.0,0.0,0.1078,0.0,0.0,0.0,55.0,5.0,False,25.0,0.0,,17.75,1.237,14,3,0,False,False,False,False,9.3,False,False,train,day after,1
2000-01-13 14:20:00,1,7.8,synthetic,False,0.0,0.0,0.784,0.0,1.0,0.0,0.0,0.1078,0.0,0.0,0.0,42.5,3.0,False,23.0,0.0,,17.83,1.258,14,3,0,False,False,False,False,8.8,True,True,train,day after,1
2000-01-13 14:25:00,1,8.3,synthetic,False,2.21,44.1,2.746,0.0,1.0,0.0,0.0,0.1078,0.0,0.0,0.0,,,True,28.0,0.0,,17.92,1.273,14,3,0,False,False,False,False,8.6,True,True,train,day after,1
2000-01-13 14:30:00,1,8.1,synthetic,False,0.0,0.0,2.616,0.0,1.0,0.0,0.0,0.1078,0.0,0.0,0.0,,,True,19.0,0.0,,18.0,1.285,14,3,0,False,False,False,False,8.4,True,True,train,day after,1
2000-01-13 14:35:00,1,8.9,synthetic,False,0.0,0.0,2.485,0.0,1.0,0.0,0.0,0.1078,0.0,0.0,0.0,42.5,3.0,False,23.0,0.0,,18.08,1.291,14,3,0,False,False,False,False,8.8,True,True,train,day after,1
2000-01-13 14:40:00,1,8.7,synthetic,False,0.0,0.0,2.355,0.0,1.0,0.0,0.0,0.1078,0.0,0.0,0.0,,,True,26.0,0.0,,18.17,1.294,14,3,0,False,False,False,False,9.3,True,True,train,day after,1
2000-01-13 14:45:00,1,9.3,synthetic,False,0.0,0.0,2.225,0.0,1.0,0.0,0.0,0.1078,0.0,0.0,0.0,49.4,4.0,False,34.0,0.0,,18.25,1.294,14,3,0,False,False,False,False,9.4,True,True,train,day after,1
2000-01-13 14:50:00,1,8.8,synthetic,False,0.0,0.0,2.094,0.0,1.0,0.0,0.0,0.1078,0.0,0.0,0.0,63.1,4.0,False,22.0,0.0,,18.33,1.294,14,3,0,False,False,False,False,10.0,True,True,train,day after,1
2000-01-13 14:55:00,1,8.6,synthetic,False,1.96,21.8,3.921,0.0,1.0,0.0,0.0,0.1078,0.0,0.0,0.0,,,True,25.0,0.0,,18.42,1.294,14,3,0,False,False,False,False,10.8,True,True,train,day after,1
2000-01-13 15:00:00,1,8.4,synthetic,False,0.0,0.0,3.709,0.0,1.0,0.0,0.0,0.1078,0.0,0.0,0.0,63.5,3.0,False,21.0,0.0,,18.5,1.294,15,3,0,False,False,False,False,10.6,True,True,train,day after,1
2000-01-13 15:05:00,1,8.8,synthetic,False,0.0,0.0,3.497,0.0,1.0,0.0,0.0,0.1078,0.0,0.0,0.0,65.6,1.0,False,28.0,0.0,,18.58,1.294,15,3,0,False,False,False,False,10.3,True,True,train,day after,1
2000-01-13 15:10:00,1,9.3,synthetic,False,0.0,0.0,3.285,0.0,1.0,0.0,0.0,0.1078,0.0,0.0,0.0,61.2,4.0,False,18.0,0.0,,18.67,1.294,15,3,0,False,False,False,False,10.3,True,True,train,day after,1
2000-01-13 15:15:00,1,9.4,synthetic,False,0.0,0.0,3.073,0.0,1.0,0.0,0.0,0.1078,0.0,0.0,0.0,,,True,29.0,0.0,,18.75,1.294,15,3,0,False,False,False,False,10.9,True,True,train,day after,1
2000-01-13 15:20:00,1,10.0,synthetic,False,0.0,0.0,2.861,0.0,1.0,0.0,0.0,0.1078,0.0,0.0,0.0,53.1,5.0,False,28.0,0.0,,18.83,1.294,15,3,0,False,False,False,False,11.3,True,True,train,day after,1
2000-01-13 15:25:00,1,10.8,synthetic,False,0.0,0.0,2.649,0.0,0.0,1.0,0.0,0.0833,0.0,0.0,0.0,52.0,5.0,False,31.0,0.0,,18.92,1.294,15,3,0,False,False,False,False,10.8,True,True,train,day after,1
2000-01-13 15:30:00,1,10.6,synthetic,False,0.0,0.0,2.437,0.0,1.0,0.0,0.0,0.1078,0.0,0.0,0.0,,,True,25.0,0.0,,19.0,1.27,15,3,0,False,False,False,False,10.2,True,True,train,day after,1
2000-01-13 15:35:00,1,10.3,synthetic,False,0.0,0.0,2.225,0.0,1.0,0.0,0.0,0.1078,0.0,0.0,0.0,71.0,5.0,False,32.0,0.0,,19.08,1.271,15,3,0,False,False,False,False,9.6,True,True,train,day after,1
2000-01-13 15:40:00,1,10.3,synthetic,False,0.0,0.0,2.052,0.0,1.0,0.0,0.0,0.1078,0.0,0.0,0.0,,,True,22.0,0.0,,19.17,1.272,15,3,0,False,False,False,False,9.3,True,True,train,day after,1
2000-01-13 15:45:00,1,10.9,synthetic,False,0.0,0.0,1.878,0.0,1.0,0.0,0.0,0.1078,0.0,0.0,0.0,45.2,5.0,False,18.0,0.0,,19.25,1.273,15,3,0,False,False,False,False,8.8,True,True,train,day after,1
2000-01-13 15:50:00,1,11.3,synthetic,False,0.0,0.0,1.704,0.0,1.0,0.0,0.0,0.1078,0.0,0.0,0.0,,,True,19.0,0.0,,19.33,1.274,15,3,0,False,False,False,False,8.4,True,True,train,day after,1
2000-01-13 15:55:00,1,10.8,synthetic,False,0.0,0.0,1.531,0.0,1.0,0.0,0.0,0.1078,0.0,0.0,0.0,43.7,4.0,False,29.0,0.0,,19.42,1.275,15,3,0,False,False,False,False,8.2,True,True,train,day after,1
2000-01-13 16:00:00,1,10.2,synthetic,False,0.0,0.0,1.357,0.0,1.0,0.0,0.0,0.1078,0.0,0.0,0.0,44.4,3.0,False,21.0,0.0,,19.5,1.276,16,3,0,False,False,False,False,7.6,True,True,train,day after,1
2000-01-13 16:05:00,1,9.6,synthetic,False,0.0,0.0,1.184,0.0,1.0,0.0,0.0,0.1078,0.0,0.0,0.0,42.7,2.0,False,18.0,0.0,,19.58,1.277,16,3,0,False,False,False,False,8.2,True,True,train,day after,1
2000-01-13 16:10:00,1,9.3,synthetic,False,0.0,0.0,1.01,0.0,0.0,1.0,0.0,0.0833,0.0,0.0,0.0,58.3,1.0,False,21.0,0.0,,19.67,1.278,16,3,0,False,False,False,False,8.3,True,True,train,day after,1
2000-01-13 16:15:00,1,8.8,synthetic,False,0.0,0.0,0.836,0.0,1.0,0.0,0.0,0.1078,0.0,0.0,0.0,48.1,2.0,False,16.0,0.0,,19.75,1.255,16,3,0,False,False,False,False,8.4,True,True,train,day after,1
2000-01-13 16:20:00,1,8.4,synthetic,False,0.0,0.0,0.663,0.0,1.0,0.0,0.0,0.1078,0.0,0.0,0.0,55.3,5.0,False,27.0,0.0,,19.83,1.257,16,3,0,False,False,False,False,7.8,True,True,train,day after,1
2000-01-13 16:25:00,1,8.2,synthetic,False,0.0,0.0,0.489,0.0,1.0,0.0,0.0,0.1078,0.0,0.0,0.0,55.3,4.0,False,30.0,0.0,,19.92,1.259,16,3,0,False,False,False,False,7.4,True,True,train,day after,1
2000-01-13 16:30:00,1,7.6,synthetic,False,0.0,0.0,0.408,0.0,1.0,0.0,0.0,0.1078,0.0,0.0,0.0,,,True,28.0,0.0,,20.0,1.261,16,3,0,False,False,False,False,7.1,True,True,train,day after,1
2000-01-13 16:35:00,1,8.2,synthetic,False,0.0,0.0,0.326,0.0,1.0,0.0,0.0,0.1078,0.0,0.0,0.0,71.9,5.0,False,22.0,0.0,,20.08,1.263,16,3,0,False,False,False,False,7.4,True,True,train,day after,1
2000-01-13 16:40:00,1,8.3,synthetic,False,0.0,0.0,0.245,0.0,1.0,0.0,0.0,0.1078,0.0,0.0,0.0,59.2,5.0,False,19.0,0.0,,20.17,1.265,16,3,0,False,False,False,False,7.7,True,True,train,day after,1
2000-01-13 16:45:00,1,8.4,synthetic,False,0.0,0.0,0.163,0.0,1.0,0.0,0.0,0.1078,0.0,0.0,0.0,,,True,28.0,0.0,,20.25,1.267,16,3,0,False,False,False,False,8.2,True,True,train,day after,1
2000-01-13 16:50:00,1,7.8,synthetic,False,0.0,0.0,0.082,0.0,1.0,0.0,0.0,0.1078,0.0,0.0,0.0,66.5,2.0,False,23.0,0.0,,20.33,1.269,16,3,0,False,False,False,False,8.0,True,True,train,day after,1
2000-01-13 16:55:00,1,7.4,synthetic,False,0.0,0.0,0.0,0.0,1.0,0.0,0.0,0.1078,0.0,0.0,0.0,68.3,5.0,False,19.0,0.0,,20.42,1.271,16,3,0,False,False,False,False,7.4,True,True,train,day after,1
2000-01-13 17:00:00,1,7.1,synthetic,False,1.88,33.5,1.885,0.0,1.0,0.0,0.0,0.1078,0.0,0.0,0.0,47.5,1.0,False,18.0,0.0,,20.5,1.273,17,3,0,False,False,False,False,7.8,True,True,train,day after,1
2000-01-13 17:05:00,1,7.4,synthetic,False,0.0,0.0,1.806,0.0,1.0,0.0,0.0,0.1078,0.0,0.0,0.0,72.3,5.0,False,26.0,0.0,,20.58,1.275,17,3,0,False,False,False,False,9.1,True,True,train,day after,1
2000-01-13 17:10:00,1,7.7,synthetic,False,0.0,0.0,1.728,0.0,1.0,0.0,0.0,0.1078,0.0,0.0,0.0,65.2,5.0,False,19.0,0.0,,20.67,1.277,17,3,0,False,False,False,False,10.2,True,True,train,day after,1
2000-01-13 17:15:00,1,8.2,synthetic,False,0.0,0.0,1.649,0.0,1.0,0.0,0.0,0.1078,0.0,0.0,0.0,58.8,1.0,False,20.0,0.0,,20.75,1.279,17,3,0,False,False,False,False,11.5,True,True,train,day after,1
2000-01-13 17:20:00,1,8.0,synthetic,False,0.0,0.0,1.571,0.0,1.0,0.0,0.0,0.1078,0.0,0.0,0.0,,,True,19.0,0.0,,20.83,1.281,17,3,0,False,False,False,False,12.7,True,True,train,day after,1
2000-01-13 17:25:00,1,7.4,synthetic,False,4.85,11.4,6.34,0.0,1.0,0.0,0.0,0.1078,0.0,0.0,0.0,65.2,1.0,False,23.0,0.0,,20.92,1.283,17,3,0,False,False,False,False,13.2,True,True,train,day after,1
2000-01-13 17:30:00,1,7.8,synthetic,False,5.32,68.1,11.378,0.0,1.0,0.0,0.0,0.1078,0.0,0.0,0.0,59.7,2.0,False,28.0,0.0,,21.0,1.285,17,3,0,False,False,False,False,14.0,True,True,train,day after,1
2000-01-13 17:35:00,1,9.1,synthetic,False,0.0,0.0,10.876,0.0,1.0,0.0,0.0,0.1078,0.0,0.0,0.0,71.5,5.0,False,32.0,0.0,,21.08,1.286,17,3,0,False,False,False,False,14.5,True,True,train,day after,1
2000-01-13 17:40:00,1,10.2,synthetic,False,0.0,0.0,10.374,0.0,1.0,0.0,0.0,0.1078,0.0,0.0,0.0,65.4,2.0,False,31.0,0.0,,21.17,1.287,17,3,0,False,False,False,False,15.3,True,True,train,day after,1
2000-01-13 17:45:00,1,11.5,synthetic,False,0.0,0.0,9.872,0.0,1.0,0.0,0.0,0.1078,0.0,0.0,0.0,59.3,4.0,False,21.0,0.0,,21.25,1.288,17,3,0,False,False,False,False,16.5,True,True,train,day after,1
2000-01-13 17:50:00,1,12.7,synthetic,False,0.0,0.0,9.37,0.0,1.0,0.0,0.0,0.1078,0.0,0.0,0.0,61.7,5.0,False,18.0,0.0,,21.33,1.289,17,3,0,False,False,False,False,17.2,True,True,train,day after,1
2000-01-13 17:55:00,1,13.2,synthetic,False,0.0,0.0,8.867,0.0,1.0,0.0,0.0,0.1078,0.0,0.0,0.0,57.1,1.0,False,21.0,0.0,,21.42,1.29,17,3,0,False,False,False,False,17.5,True,True,train,day after,1
2000-01-13 18:00:00,1,14.0,synthetic,False,0.0,0.0,8.365,0.0,1.0,0.0,0.0,0.1078,0.0,0.0,0.0,,,True,28.0,0.0,,21.5,1.291,18,3,0,False,False,False,False,18.7,True,True,train,day after,1
2000-01-13 18:05:00,1,14.5,synthetic,False,0.0,0.0,7.863,0.0,1.0,0.0,0.0,0.1078,0.0,0.0,0.0,54.0,1.0,False,24.0,0.0,,21.58,1.292,18,3,0,False,False,False,False,19.0,True,True,train,day after,1
2000-01-13 18:10:00,1,15.3,synthetic,False,0.0,0.0,7.361,0.0,1.0,0.0,0.0,0.1078,0.0,0.0,0.0,46.1,3.0,False,13.0,0.0,,21.67,1.293,18,3,0,False,False,False,False,18.9,True,True,train,day after,1
2000-01-13 18:15:00,1,16.5,synthetic,False,0.0,0.0,6.859,0.0,1.0,0.0,0.0,0.1078,0.0,0.0,0.0,55.6,4.0,False,23.0,0.0,,21.75,1.294,18,3,0,False,False,False,False,18.5,True,True,train,day after,1
2000-01-13 18:20:00,1,17.2,synthetic,False,0.0,0.0,6.357,0.0,0.0,1.0,0.0,0.0833,0.0,0.0,0.0,61.0,4.0,False,29.0,0.0,,21.83,1.294,18,3,0,False,False,False,False,18.1,True,True,train,day after,1
2000-01-13 18:25:00,1,17.5,synthetic,False,0.0,0.0,5.855,0.0,1.0,0.0,0.0,0.1078,0.0,0.0,0.0,53.8,1.0,False,31.0,0.0,,21.92,1.27,18,3,0,False,False,False,False,18.0,True,True,train,day after,1
2000-01-13 18:30:00,1,18.7,synthetic,False,0.0,0.0,5.353,0.0,1.0,0.0,0.0,0.1078,0.0,0.0,0.0,,,True,31.0,0.0,,22.0,1.271,18,3,0,False,False,False,False,17.0,True,True,train,day after,1
2000-01-13 18:35:00,1,19.0,synthetic,False,0.0,0.0,4.85,0.0,1.0,0.0,0.0,0.1078,0.0,0.0,0.0,67.0,5.0,False,31.0,0.0,,22.08,1.272,18,3,0,False,False,False,False,16.3,True,True,train,day after,1
2000-01-13 18:40:00,1,18.9,synthetic,False,0.0,0.0,4.348,0.0,1.0,0.0,0.0,0.1078,0.0,0.0,0.0,70.5,4.0,False,24.0,0.0,,22.17,1.273,18,3,0,False,False,False,False,15.9,True,True,train,day after,1
2000-01-13 18:45:00,1,18.5,synthetic,False,3.71,25.1,7.558,0.0,1.0,0.0,0.0,0.1078,0.0,0.0,0.0,,,True,35.0,0.0,,22.25,1.274,18,3,0,False,False,False,False,15.3,True,True,train,day after,1
2000-01-13 18:50:00,1,18.1,synthetic,False,0.0,0.0,6.901,0.0,1.0,0.0,0.0,0.1078,0.0,0.0,0.0,49.0,2.0,False,23.0,0.0,,22.33,1.275,18,3,0,False,False,False,False,15.1,True,True,train,day after,1
2000-01-13 18:55:00,1,18.0,synthetic,False,0.0,0.0,6.244,0.0,1.0,0.0,0.0,0.1078,0.0,0.0,0.0,,,True,32.0,0.0,,22.42,1.276,18,3,0,False,False,False,False,14.9,True,True,train,day after,1
2000-01-13 19:00:00,1,17.0,synthetic,False,0.0,0.0,5.588,0.0,1.0,0.0,0.0,0.1078,0.0,0.0,0.0,60.9,2.0,False,29.0,0.0,,22.5,1.277,19,3,0,False,False,False,False,15.7,True,True,train,day after,1
2000-01-13 19:05:00,1,16.3,synthetic,False,0.0,0.0,5.009,0.0,1.0,0.0,0.0,0.1078,0.0,0.0,0.0,,,True,21.0,0.0,,22.58,1.278,19,3,0,False,False,False,False,15.0,True,True,train,day after,1
2000-01-13 19:10:00,1,15.9,synthetic,False,0.0,0.0,4.431,0.0,1.0,0.0,0.0,0.1078,0.0,0.0,0.0,,,True,18.0,0.0,,22.67,1.279,19,3,0,False,False,False,False,14.9,True,True,train,day after,1
2000-01-13 19:15:00,1,15.3,synthetic,False,0.0,0.0,3.853,0.0,1.0,0.0,0.0,0.1078,0.0,0.0,0.0,65.0,3.0,False,33.0,0.0,,22.75,1.28,19,3,0,False,False,False,False,14.5,True,True,train,day after,1
2000-01-13 19:20:00,1,15.1,synthetic,False,0.0,0.0,3.275,0.0,1.0,0.0,0.0,0.1078,0.0,0.0,0.0,55.5,3.0,False,22.0,0.0,,22.83,1.281,19,3,0,False,False,False,False,13.6,True,True,train,day after,1
2000-01-13 19:25:00,1,14.9,synthetic,False,0.0,0.0,2.696,0.0,1.0,0.0,0.0,0.1078,0.0,0.0,0.0,,,True,18.0,0.0,,22.92,1.282,19,3,0,False,False,False,False,12.8,True,True,train,day after,1
2000-01-13 19:30:00,1,15.7,synthetic,False,0.0,0.0,2.32,0.0,1.0,0.0,0.0,0.1078,0.0,0.0,0.0,62.4,1.0,False,29.0,0.0,,23.0,1.283,19,3,0,False,False,False,False,11.8,True,True,train,day after,1
2000-01-13 19:35:00,1,15.0,synthetic,False,0.0,0.0,2.165,0.0,1.0,0.0,0.0,0.1078,0.0,0.0,0.0,68.4,4.0,False,29.0,0.0,,23.08,1.284,19,3,0,False,False,False,False,10.8,True,True,train,day after,1
2000-01-13 19:40:00,1,14.9,synthetic,False,0.0,0.0,2.011,0.0,1.0,0.0,0.0,0.1078,0.0,0.0,0.0,57.1,4.0,False,18.0,0.0,,23.17,1.285,19,3,0,False,False,False,False,10.1,True,True,train,day after,1
2000-01-13 19:45:00,1,14.5,synthetic,False,0.0,0.0,1.856,0.0,1.0,0.0,0.0,0.1078,0.0,0.0,0.0,61.5,2.0,False,28.0,0.0,,23.25,1.286,19,3,0,False,False,False,False,,True,False,train,day after,1
2000-01-13 19:50:00,1,13.6,synthetic,False,0.0,0.0,1.701,0.0,1.0,0.0,0.0,0.1078,0.0,0.0,0.0,61.4,3.0,False,24.0,0.0,,23.33,1.287,19,3,0,False,False,False,False,9.6,True,True,train,day after,1
2000-01-13 19:55:00,1,12.8,synthetic,False,0.0,0.0,1.547,0.0,1.0,0.0,0.0,0.1078,0.0,0.0,0.0,56.2,5.0,False,15.0,0.0,,23.42,1.288,19,3,0,False,False,False,False,9.6,True,True,train,day after,1
2000-01-13 20:00:00,1,11.8,synthetic,False,0.0,0.0,1.392,0.0,1.0,0.0,0.0,0.1078,0.0,0.0,0.0,53.5,5.0,False,24.0,0.0,,23.5,1.289,20,3,0,False,False,False,False,9.2,True,True,train,day after,1
2000-01-13 20:05:00,1,10.8,synthetic,False,0.0,0.0,1.237,0.0,1.0,0.0,0.0,0.1078,0.0,0.0,0.0,60.7,1.0,False,20.0,0.0,,23.58,1.29,20,3,0,False,False,False,False,9.4,True,True,train,day after,1
2000-01-13 20:10:00,1,10.1,synthetic,False,0.0,0.0,1.083,0.0,1.0,0.0,0.0,0.1078,0.0,0.0,0.0,,,True,28.0,0.0,,23.67,1.291,20,3,0,False,False,False,False,8.6,True,True,train,day after,1
2000-01-13 20:15:00,1,,,False,0.0,0.0,0.928,0.0,1.0,0.0,0.0,0.1078,0.0,0.0,0.0,59.8,4.0,False,18.0,0.0,,23.75,1.292,20,3,0,False,False,False,True,8.6,False,False,train,day after,1
2000-01-13 20:20:00,1,9.6,synthetic,False,0.0,0.0,0.773,0.0,1.0,0.0,0.0,0.1078,0.0,0.0,0.0,67.4,1.0,False,17.0,0.0,,23.83,1.293,20,3,0,False,False,False,False,7.9,False,False,train,day after,1
2000-01-13 20:25:00,1,9.6,synthetic,False,0.0,0.0,0.619,0.0,1.0,0.0,0.0,0.1078,0.0,0.0,0.0,,,True,27.0,0.0,,23.92,1.294,20,3,0,False,False,False,False,7.8,False,False,train,day after,1
2000-01-13 20:30:00,1,9.2,synthetic,False,0.0,0.0,0.464,0.0,1.0,0.0,0.0,0.1078,0.0,0.0,0.0,52.8,3.0,False,28.0,0.0,,24.0,1.294,20,3,0,False,False,False,False,7.6,False,False,train,day after,1
2000-01-13 20:35:00,1,9.4,synthetic,False,0.0,0.0,0.309,0.0,1.0,0.0,0.0,0.1078,0.0,0.0,0.0,53.5,1.0,False,29.0,0.0,,24.08,1.294,20,3,0,False,False,False,False,7.0,False,False,train,day after,1
2000-01-13 20:40:00,1,8.6,synthetic,False,0.0,0.0,0.155,0.0,1.0,0.0,0.0,0.1078,0.0,0.0,0.0,,,True,23.0,0.0,,24.17,1.294,20,3,0,False,False,False,False,7.6,False,False,train,day after,1
2000-01-13 20:45:00,1,8.6,synthetic,False,0.0,0.0,0.0,0.0,1.0,0.0,0.0,0.1078,0.0,0.0,0.0,64.7,4.0,False,21.0,0.0,,24.25,1.294,20,3,0,False,False,False,False,7.7,False,False,train,day after,1
2000-01-13 20:50:00,1,7.9,synthetic,False,0.0,0.0,0.0,0.0,1.0,0.0,0.0,0.1078,0.0,0.0,0.0,78.2,4.0,False,26.0,0.0,,24.33,1.294,20,3,0,False,False,False,False,8.0,False,False,train,day after,1
2000-01-13 20:55:00,1,7.8,synthetic,False,0.0,0.0,0.0,0.0,1.0,0.0,0.0,0.1078,0.0,0.0,0.0,72.5,1.0,False,23.0,0.0,,24.42,1.294,20,3,0,False,False,False,False,7.3,False,False,train,day after,1
2000-01-13 21:00:00,1,7.6,synthetic,False,0.0,0.0,0.0,0.0,1.0,0.0,0.0,0.1078,0.0,0.0,0.0,,,True,34.0,0.0,,24.5,1.294,21,3,0,False,False,False,False,7.6,False,False,train,day after,1
2000-01-13 21:05:00,1,7.0,synthetic,False,0.0,0.0,0.0,0.0,1.0,0.0,0.0,0.1078,0.0,0.0,0.0,61.8,4.0,False,20.0,0.0,,24.58,1.294,21,3,0,False,False,False,False,7.3,False,False,train,day after,1
2000-01-13 21:10:00,1,7.6,synthetic,False,0.0,0.0,0.0,0.0,0.0,1.0,0.0,0.0833,0.0,0.0,0.0,,,True,27.0,0.0,,24.67,1.294,21,3,0,False,False,False,False,6.9,False,False,train,day after,1
2000-01-13 21:15:00,1,7.7,synthetic,False,0.0,0.0,0.0,0.0,1.0,0.0,0.0,0.1078,0.0,0.0,0.0,56.4,4.0,False,18.0,0.0,,24.75,1.27,21,3,0,False,False,False,False,6.3,True,True,train,day after,1
2000-01-13 21:20:00,1,8.0,synthetic,False,0.0,0.0,0.0,0.0,1.0,0.0,0.0,0.1078,0.0,0.0,0.0,61.6,2.0,False,27.0,0.0,,24.83,1.271,21,3,0,False,False,False,False,5.7,True,True,train,day after,1
2000-01-13 21:25:00,1,7.3,synthetic,False,0.0,0.0,0.0,0.0,1.0,0.0,0.0,0.1078,0.0,0.0,0.0,57.6,2.0,False,30.0,0.0,,24.92,1.272,21,3,0,False,False,False,False,6.0,True,True,train,day after,1
2000-01-13 21:30:00,1,7.6,synthetic,False,0.0,0.0,0.0,0.0,1.0,0.0,0.0,0.1078,0.0,0.0,0.0,77.0,3.0,False,29.0,0.0,,25.0,1.273,21,3,0,False,False,False,False,6.0,True,True,train,day after,1
2000-01-13 21:35:00,1,7.3,synthetic,False,0.0,0.0,0.0,0.0,1.0,0.0,0.0,0.1078,0.0,0.0,0.0,65.0,5.0,False,18.0,0.0,,25.08,1.274,21,3,0,False,False,False,False,5.7,True,True,train,day after,1
2000-01-13 21:40:00,1,6.9,synthetic,False,0.0,0.0,0.0,0.0,1.0,0.0,0.0,0.1078,0.0,0.0,0.0,,,True,30.0,0.0,,25.17,1.275,21,3,0,False,False,False,False,5.1,True,True,train,day after,1
2000-01-13 21:45:00,1,6.3,synthetic,False,0.0,0.0,0.0,0.0,1.0,0.0,0.0,0.1078,0.0,0.0,0.0,53.9,3.0,False,33.0,0.0,,25.25,1.276,21,3,0,False,False,False,False,5.1,True,True,train,day after,1
2000-01-13 21:50:00,1,5.7,synthetic,False,0.0,0.0,0.0,0.0,1.0,0.0,0.0,0.1078,0.0,0.0,0.0,,,True,21.0,0.0,,25.33,1.277,21,3,0,False,False,False,False,5.6,True,True,train,day after,1
2000-01-13 21:55:00,1,6.0,synthetic,False,0.0,0.0,0.0,0.0,1.0,0.0,0.0,0.1078,0.0,0.0,0.0,52.5,3.0,False,27.0,0.0,,25.42,1.278,21,3,0,False,False,False,False,5.6,True,True,train,day after,1
2000-01-13 22:00:00,1,6.0,synthetic,False,0.0,0.0,0.0,0.0,1.0,0.0,0.0,0.1078,0.0,0.0,0.0,,,True,24.0,0.0,,25.5,1.279,22,3,0,False,False,False,False,6.3,True,True,train,day after,1
2000-01-13 22:05:00,1,5.7,synthetic,False,0.0,0.0,0.0,0.0,1.0,0.0,0.0,0.1078,0.0,0.0,0.0,61.8,2.0,False,21.0,0.0,,25.58,1.28,22,3,0,False,False,False,False,6.0,True,True,train,day after,1
2000-01-13 22:10:00,1,5.1,synthetic,False,0.0,0.0,0.0,0.0,1.0,0.0,0.0,0.1078,0.0,0.0,0.0,,,True,22.0,0.0,,25.67,1.281,22,3,0,False,False,False,False,,True,False,train,day after,1
2000-01-13 22:15:00,1,5.1,synthetic,False,0.0,0.0,0.0,0.0,1.0,0.0,0.0,0.1078,0.0,0.0,0.0,73.2,5.0,False,34.0,0.0,,25.75,1.282,22,3,0,False,False,False,False,6.9,True,True,train,day after,1
2000-01-13 22:20:00,1,5.6,synthetic,False,0.0,0.0,0.0,0.0,1.0,0.0,0.0,0.1078,0.0,0.0,0.0,,,True,25.0,0.0,,25.83,1.283,22,3,0,False,False,False,False,6.8,True,True,train,day after,1
2000-01-13 22:25:00,1,5.6,synthetic,False,0.0,0.0,0.0,0.0,1.0,0.0,0.0,0.1078,0.0,0.0,0.0,,,True,16.0,0.0,,25.92,1.284,22,3,0,False,False,False,False,6.6,True,True,train,day after,1
2000-01-13 22:30:00,1,6.3,synthetic,False,0.0,0.0,0.0,0.0,1.0,0.0,0.0,0.1078,0.0,0.0,0.0,55.2,4.0,False,27.0,0.0,,26.0,1.285,22,3,0,False,False,False,False,6.1,True,True,train,day after,1
2000-01-13 22:35:00,1,6.0,synthetic,False,0.0,0.0,0.0,0.0,1.0,0.0,0.0,0.1078,0.0,0.0,0.0,,,True,23.0,0.0,,26.08,1.286,22,3,0,False,False,False,False,6.4,True,True,train,day after,1
2000-01-13 22:40:00,1,,,False,0.0,0.0,0.0,0.0,1.0,0.0,0.0,0.1078,0.0,0.0,0.0,55.8,2.0,False,21.0,0.0,,26.17,1.287,22,3,0,False,False,False,True,6.7,False,False,train,day after,1
2000-01-13 22:45:00,1,6.9,synthetic,False,0.0,0.0,0.0,0.0,1.0,0.0,0.0,0.1078,0.0,0.0,0.0,56.5,1.0,False,25.0,0.0,,26.25,1.288,22,3,0,False,False,False,False,6.7,False,False,train,day after,1
2000-01-13 22:50:00,1,6.8,synthetic,False,0.0,0.0,0.0,0.0,1.0,0.0,0.0,0.1078,0.0,0.0,0.0,,,True,28.0,0.0,,26.33,1.289,22,3,0,False,False,False,False,6.6,False,False,train,day after,1
2000-01-13 22:55:00,1,6.6,synthetic,False,0.0,0.0,0.0,0.0,1.0,0.0,0.0,0.1078,0.0,0.0,0.0,,,True,25.0,0.0,,26.42,1.29,22,3,0,False,False,False,False,6.7,False,False,train,day after,1
2000-01-13 23:00:00,1,6.1,synthetic,False,0.0,0.0,0.0,0.0,1.0,0.0,0.0,0.1078,0.0,0.0,0.0,,,True,1.0,0.0,,26.5,1.291,23,3,0,False,False,False,False,7.2,False,False,train,day after,1
2000-01-13 23:05:00,1,6.4,synthetic,False,0.0,0.0,0.0,0.0,1.0,0.0,0.0,0.1078,0.0,0.0,0.0,51.6,2.0,False,0.0,0.0,,26.58,1.292,23,3,0,False,False,False,False,6.9,False,False,train,day after,1
2000-01-13 23:10:00,1,6.7,synthetic,False,0.0,0.0,0.0,0.0,1.0,0.0,0.0,0.1078,0.0,0.0,0.0,,,True,3.0,0.0,,26.67,1.293,23,3,0,False,False,False,False,6.1,False,False,train,day after,1
2000-01-13 23:15:00,1,6.7,synthetic,False,0.0,0.0,0.0,0.0,0.0,1.0,0.0,0.0833,0.0,0.0,0.0,59.0,2.0,False,0.0,0.0,,26.75,1.294,23,3,0,False,False,False,False,6.0,False,False,train,day after,1
2000-01-13 23:20:00,1,6.6,synthetic,False,0.0,0.0,0.0,0.0,1.0,0.0,0.0,0.1078,0.0,0.0,0.0,,,True,0.0,0.0,,26.83,1.27,23,3,0,False,False,False,False,6.2,False,False,train,day after,1
2000-01-13 23:25:00,1,6.7,synthetic,False,0.0,0.0,0.0,0.0,1.0,0.0,0.0,0.1078,0.0,0.0,0.0,,,True,1.0,0.0,,26.92,1.271,23,3,0,False,False,False,False,5.9,False,False,train,day after,1
2000-01-13 23:30:00,1,7.2,synthetic,False,0.0,0.0,0.0,0.0,1.0,0.0,0.0,0.1078,0.0,0.0,0.0,44.2,3.0,False,1.0,0.0,,27.0,1.272,23,3,0,False,False,False,False,6.1,False,False,train,day after,1
2000-01-13 23:35:00,1,6.9,synthetic,False,0.0,0.0,0.0,0.0,1.0,0.0,0.0,0.1078,0.0,0.0,0.0,64.7,1.0,False,2.0,0.0,,27.08,1.273,23,3,0,False,False,False,False,6.5,False,False,boundary_excluded,day after,1
2000-01-13 23:40:00,1,6.1,synthetic,False,0.0,0.0,0.0,0.0,1.0,0.0,0.0,0.1078,0.0,0.0,0.0,58.1,2.0,False,0.0,0.0,,27.17,1.274,23,3,0,False,False,False,False,6.2,True,True,boundary_excluded,day after,1
2000-01-13 23:45:00,1,6.0,synthetic,False,0.0,0.0,0.0,0.0,1.0,0.0,0.0,0.1078,0.0,0.0,0.0,59.5,2.0,False,2.0,0.0,,27.25,1.275,23,3,0,False,False,False,False,5.8,True,True,boundary_excluded,day after,1
2000-01-13 23:50:00,1,6.2,synthetic,False,0.0,0.0,0.0,0.0,1.0,0.0,0.0,0.1078,0.0,0.0,0.0,51.5,4.0,False,1.0,0.0,,27.33,1.276,23,3,0,False,False,False,False,5.9,True,True,boundary_excluded,day after,1
2000-01-13 23:55:00,1,5.9,synthetic,False,0.0,0.0,0.0,0.0,1.0,0.0,0.0,0.1078,0.0,0.0,0.0,56.2,2.0,False,1.0,0.0,,27.42,1.277,23,3,0,False,False,False,False,5.7,True,True,boundary_excluded,day after,1
2000-01-14 00:00:00,1,6.1,synthetic,False,0.0,0.0,0.0,0.0,1.0,0.0,0.0,0.1078,0.0,0.0,0.0,60.6,4.0,False,1.0,0.0,,27.5,1.278,0,4,0,False,False,False,False,6.1,True,True,test,2 days after,1
2000-01-14 00:05:00,1,6.5,synthetic,False,0.0,0.0,0.0,0.0,1.0,0.0,0.0,0.1078,0.0,0.0,0.0,68.8,5.0,False,1.0,0.0,,27.58,1.279,0,4,0,False,False,False,False,6.0,True,True,test,2 days after,1
2000-01-14 00:10:00,1,6.2,synthetic,False,0.0,0.0,0.0,0.0,1.0,0.0,0.0,0.1078,0.0,0.0,0.0,57.9,5.0,False,1.0,0.0,,27.67,1.28,0,4,0,False,False,False,False,6.2,True,True,test,2 days after,1
2000-01-14 00:15:00,1,5.8,synthetic,False,0.0,0.0,0.0,0.0,0.0,1.0,0.0,0.0833,0.0,0.0,0.0,62.3,3.0,False,1.0,0.0,,27.75,1.281,0,4,0,False,False,False,False,6.5,True,True,test,2 days after,1
2000-01-14 00:20:00,1,5.9,synthetic,False,0.0,0.0,0.0,0.0,1.0,0.0,0.0,0.1078,0.0,0.0,0.0,,,True,0.0,0.0,,27.83,1.258,0,4,0,False,False,False,False,6.6,True,True,test,2 days after,1
2000-01-14 00:25:00,1,5.7,synthetic,False,0.0,0.0,0.0,0.0,1.0,0.0,0.0,0.1078,0.0,0.0,0.0,,,True,1.0,0.0,,27.92,1.26,0,4,0,False,False,False,False,6.2,True,True,test,2 days after,1
2000-01-14 00:30:00,1,6.1,synthetic,False,0.0,0.0,0.0,0.0,1.0,0.0,0.0,0.1078,0.0,0.0,0.0,59.6,2.0,False,1.0,0.0,,28.0,1.262,0,4,0,False,False,False,False,6.2,True,True,test,2 days after,1
2000-01-14 00:35:00,1,6.0,synthetic,False,0.0,0.0,0.0,0.0,1.0,0.0,0.0,0.1078,0.0,0.0,0.0,65.4,1.0,False,2.0,0.0,,28.08,1.264,0,4,0,False,False,False,False,6.3,True,True,test,2 days after,1
2000-01-14 00:40:00,1,6.2,synthetic,False,0.0,0.0,0.0,0.0,1.0,0.0,0.0,0.1078,0.0,0.0,0.0,52.3,2.0,False,3.0,0.0,,28.17,1.266,0,4,0,False,False,False,False,6.0,True,True,test,2 days after,1
2000-01-14 00:45:00,1,6.5,synthetic,False,0.0,0.0,0.0,0.0,1.0,0.0,0.0,0.1078,0.0,0.0,0.0,,,True,1.0,0.0,,28.25,1.268,0,4,0,False,False,False,False,5.8,True,True,test,2 days after,1
2000-01-14 00:50:00,1,6.6,synthetic,False,0.0,0.0,0.0,0.0,1.0,0.0,0.0,0.1078,0.0,0.0,0.0,,,True,1.0,0.0,,28.33,1.27,0,4,0,False,False,False,False,5.6,True,True,test,2 days after,1
2000-01-14 00:55:00,1,6.2,synthetic,False,0.0,0.0,0.0,0.0,1.0,0.0,0.0,0.1078,0.0,0.0,0.0,48.9,3.0,False,0.0,0.0,,28.42,1.272,0,4,0,False,False,False,False,5.7,True,True,test,2 days after,1
2000-01-14 01:00:00,1,6.2,synthetic,False,0.0,0.0,0.0,0.0,1.0,0.0,0.0,0.1078,0.0,0.0,0.0,44.7,3.0,False,0.0,0.0,,28.5,1.274,1,4,0,False,False,False,False,5.3,True,True,test,2 days after,1
2000-01-14 01:05:00,1,6.3,synthetic,False,0.0,0.0,0.0,0.0,1.0,0.0,0.0,0.1078,0.0,0.0,0.0,50.1,2.0,False,1.0,0.0,,28.58,1.276,1,4,0,False,False,False,False,5.0,True,True,test,2 days after,1
2000-01-14 01:10:00,1,6.0,synthetic,False,0.0,0.0,0.0,0.0,1.0,0.0,0.0,0.1078,0.0,0.0,0.0,42.9,1.0,False,0.0,0.0,,28.67,1.278,1,4,0,False,False,False,False,5.2,True,True,test,2 days after,1
2000-01-14 01:15:00,1,5.8,synthetic,False,0.0,0.0,0.0,1.0,0.0,0.0,0.0,0.0,0.0,0.0,0.0,61.0,3.0,False,2.0,0.0,,28.75,1.28,1,4,0,False,False,False,False,5.2,True,True,test,2 days after,1
2000-01-14 01:20:00,1,5.6,synthetic,False,0.0,0.0,0.0,1.0,0.0,0.0,0.0,0.0,0.0,0.0,0.0,71.9,2.0,False,1.0,0.0,,28.83,1.176,1,4,0,False,False,False,False,6.3,True,True,test,2 days after,1
2000-01-14 01:25:00,1,5.7,synthetic,False,0.0,0.0,0.0,1.0,0.0,0.0,0.0,0.0,0.0,0.0,0.0,,,True,0.0,0.0,,28.92,1.076,1,4,0,False,False,False,False,5.8,True,True,test,2 days after,1
2000-01-14 01:30:00,1,5.3,synthetic,False,0.0,0.0,0.0,1.0,0.0,0.0,0.0,0.0,0.0,0.0,0.0,,,True,3.0,0.0,,29.0,0.981,1,4,0,False,False,False,False,6.2,True,True,test,2 days after,1
2000-01-14 01:35:00,1,5.0,synthetic,False,0.0,0.0,0.0,1.0,0.0,0.0,0.0,0.0,0.0,0.0,0.0,62.6,4.0,False,1.0,0.0,,29.08,0.89,1,4,0,False,False,False,False,6.4,True,True,test,2 days after,1
2000-01-14 01:40:00,1,5.2,synthetic,False,0.0,0.0,0.0,1.0,0.0,0.0,0.0,0.0,0.0,0.0,0.0,42.3,3.0,False,0.0,0.0,,29.17,0.803,1,4,0,False,False,False,False,6.5,True,True,test,2 days after,1
2000-01-14 01:45:00,1,5.2,synthetic,False,0.0,0.0,0.0,1.0,0.0,0.0,0.0,0.0,0.0,0.0,0.0,61.3,1.0,False,0.0,0.0,,29.25,0.721,1,4,0,False,False,False,False,6.1,True,True,test,2 days after,1
2000-01-14 01:50:00,1,6.3,synthetic,False,0.0,0.0,0.0,1.0,0.0,0.0,0.0,0.0,0.0,0.0,0.0,,,True,2.0,0.0,,29.33,0.643,1,4,0,False,False,False,False,6.7,True,True,test,2 days after,1
2000-01-14 01:55:00,1,5.8,synthetic,False,0.0,0.0,0.0,1.0,0.0,0.0,0.0,0.0,0.0,0.0,0.0,63.6,2.0,False,0.0,0.0,,29.42,0.57,1,4,0,False,False,False,False,6.6,True,True,test,2 days after,1
2000-01-14 02:00:00,1,6.2,synthetic,False,0.0,0.0,0.0,1.0,0.0,0.0,0.0,0.0,0.0,0.0,0.0,34.2,2.0,False,0.0,0.0,,29.5,0.502,2,4,0,False,False,False,False,6.8,True,True,test,2 days after,1
2000-01-14 02:05:00,1,6.4,synthetic,False,0.0,0.0,0.0,1.0,0.0,0.0,0.0,0.0,0.0,0.0,0.0,,,True,0.0,0.0,,29.58,0.438,2,4,0,False,False,False,False,6.6,True,True,test,2 days after,1
2000-01-14 02:10:00,1,6.5,synthetic,False,0.0,0.0,0.0,1.0,0.0,0.0,0.0,0.0,0.0,0.0,0.0,53.6,1.0,False,1.0,0.0,,29.67,0.378,2,4,0,False,False,False,False,5.9,True,True,test,2 days after,1
2000-01-14 02:15:00,1,6.1,synthetic,False,0.0,0.0,0.0,1.0,0.0,0.0,0.0,0.0,0.0,0.0,0.0,53.1,2.0,False,1.0,0.0,,29.75,0.323,2,4,0,False,False,False,False,6.1,True,True,test,2 days after,1
2000-01-14 02:20:00,1,6.7,synthetic,False,0.0,0.0,0.0,1.0,0.0,0.0,0.0,0.0,0.0,0.0,0.0,65.2,2.0,False,0.0,0.0,,29.83,0.272,2,4,0,False,False,False,False,6.3,True,True,test,2 days after,1
2000-01-14 02:25:00,1,6.6,synthetic,False,0.0,0.0,0.0,1.0,0.0,0.0,0.0,0.0,0.0,0.0,0.0,45.7,2.0,False,1.0,0.0,,29.92,0.225,2,4,0,False,False,False,False,6.6,True,True,test,2 days after,1
2000-01-14 02:30:00,1,6.8,synthetic,False,0.0,0.0,0.0,1.0,0.0,0.0,0.0,0.0,0.0,0.0,0.0,61.3,1.0,False,1.0,0.0,,30.0,0.182,2,4,0,False,False,False,False,7.1,True,True,test,2 days after,1
2000-01-14 02:35:00,1,6.6,synthetic,False,0.0,0.0,0.0,1.0,0.0,0.0,0.0,0.0,0.0,0.0,0.0,,,True,2.0,0.0,,30.08,0.144,2,4,0,False,False,False,False,7.0,True,True,test,2 days after,1
2000-01-14 02:40:00,1,5.9,synthetic,False,0.0,0.0,0.0,1.0,0.0,0.0,0.0,0.0,0.0,0.0,0.0,,,True,1.0,0.0,,30.17,0.11,2,4,0,False,False,False,False,7.8,True,True,test,2 days after,1
2000-01-14 02:45:00,1,6.1,synthetic,False,0.0,0.0,0.0,1.0,0.0,0.0,0.0,0.0,0.0,0.0,0.0,46.1,2.0,False,0.0,0.0,,30.25,0.081,2,4,0,False,False,False,False,7.7,True,True,test,2 days after,1
2000-01-14 02:50:00,1,6.3,synthetic,False,0.0,0.0,0.0,1.0,0.0,0.0,0.0,0.0,0.0,0.0,0.0,,,True,0.0,0.0,,30.33,0.056,2,4,0,False,False,False,False,7.4,True,True,test,2 days after,1
2000-01-14 02:55:00,1,6.6,synthetic,False,0.0,0.0,0.0,1.0,0.0,0.0,0.0,0.0,0.0,0.0,0.0,,,True,0.0,0.0,,30.42,0.036,2,4,0,False,False,False,False,8.1,True,True,test,2 days after,1
2000-01-14 03:00:00,1,7.1,synthetic,False,0.0,0.0,0.0,1.0,0.0,0.0,0.0,0.0,0.0,0.0,0.0,56.9,2.0,False,3.0,0.0,,30.5,0.02,3,4,0,False,False,False,False,8.6,True,True,test,2 days after,1
2000-01-14 03:05:00,1,7.0,synthetic,False,0.0,0.0,0.0,1.0,0.0,0.0,0.0,0.0,0.0,0.0,0.0,,,True,1.0,0.0,,30.58,0.009,3,4,0,False,False,False,False,8.6,True,True,test,2 days after,1
2000-01-14 03:10:00,1,7.8,synthetic,False,0.0,0.0,0.0,1.0,0.0,0.0,0.0,0.0,0.0,0.0,0.0,,,True,1.0,0.0,,30.67,0.002,3,4,0,False,False,False,False,8.3,True,True,test,2 days after,1
2000-01-14 03:15:00,1,7.7,synthetic,False,0.0,0.0,0.0,1.0,0.0,0.0,0.0,0.0,0.0,0.0,0.0,52.9,3.0,False,3.0,0.0,,30.75,0.0,3,4,0,False,False,False,False,7.8,True,True,test,2 days after,1
2000-01-14 03:20:00,1,7.4,synthetic,False,0.0,0.0,0.0,1.0,0.0,0.0,0.0,0.0,0.0,0.0,0.0,51.5,1.0,False,2.0,0.0,,30.83,0.0,3,4,0,False,False,False,False,,True,False,test,2 days after,1
2000-01-14 03:25:00,1,8.1,synthetic,False,0.0,0.0,0.0,1.0,0.0,0.0,0.0,0.0,0.0,0.0,0.0,,,True,1.0,0.0,,30.92,0.0,3,4,0,False,False,False,False,8.0,True,True,test,2 days after,1
2000-01-14 03:30:00,1,8.6,synthetic,False,0.0,0.0,0.0,1.0,0.0,0.0,0.0,0.0,0.0,0.0,0.0,68.8,2.0,False,0.0,0.0,,31.0,0.0,3,4,0,False,False,False,False,8.0,True,True,test,2 days after,1
2000-01-14 03:35:00,1,8.6,synthetic,False,0.0,0.0,0.0,1.0,0.0,0.0,0.0,0.0,0.0,0.0,0.0,49.1,5.0,False,1.0,0.0,,31.08,0.0,3,4,0,False,False,False,False,8.3,True,True,test,2 days after,1
2000-01-14 03:40:00,1,8.3,synthetic,False,0.0,0.0,0.0,1.0,0.0,0.0,0.0,0.0,0.0,0.0,0.0,,,True,3.0,0.0,,31.17,0.0,3,4,0,False,False,False,False,8.8,True,True,test,2 days after,1
2000-01-14 03:45:00,1,7.8,synthetic,False,0.0,0.0,0.0,1.0,0.0,0.0,0.0,0.0,0.0,0.0,0.0,,,True,2.0,0.0,,31.25,0.0,3,4,0,False,False,False,False,9.1,True,True,test,2 days after,1
2000-01-14 03:50:00,1,,,False,0.0,0.0,0.0,1.0,0.0,0.0,0.0,0.0,0.0,0.0,0.0,54.0,5.0,False,2.0,0.0,,31.33,0.0,3,4,0,False,False,False,True,9.0,False,False,test,2 days after,1
2000-01-14 03:55:00,1,8.0,synthetic,False,0.0,0.0,0.0,1.0,0.0,0.0,0.0,0.0,0.0,0.0,0.0,,,True,5.0,0.0,,31.42,0.0,3,4,0,False,False,False,False,9.1,False,False,test,2 days after,1
2000-01-14 04:00:00,1,8.0,synthetic,False,0.0,0.0,0.0,1.0,0.0,0.0,0.0,0.0,0.0,0.0,0.0,,,True,3.0,0.0,,31.5,0.0,4,4,0,False,False,False,False,9.1,False,False,test,2 days after,1
2000-01-14 04:05:00,1,8.3,synthetic,False,0.0,0.0,0.0,0.0,1.0,0.0,0.0,0.1078,0.0,0.0,0.0,50.2,3.0,False,1.0,0.0,,31.58,0.0,4,4,0,False,False,False,False,8.8,False,False,test,2 days after,1
2000-01-14 04:10:00,1,8.8,synthetic,False,0.0,0.0,0.0,1.0,0.0,0.0,0.0,0.0,0.0,0.0,0.0,,,True,1.0,0.0,,31.67,0.106,4,4,0,False,False,False,False,8.5,False,False,test,2 days after,1
2000-01-14 04:15:00,1,9.1,synthetic,False,0.0,0.0,0.0,1.0,0.0,0.0,0.0,0.0,0.0,0.0,0.0,47.8,4.0,False,2.0,0.0,,31.75,0.101,4,4,0,False,False,False,False,8.8,False,False,test,2 days after,1
2000-01-14 04:20:00,1,9.0,synthetic,False,0.0,0.0,0.0,1.0,0.0,0.0,0.0,0.0,0.0,0.0,0.0,,,True,3.0,0.0,,31.83,0.097,4,4,0,False,False,False,False,9.2,False,False,test,2 days after,1
2000-01-14 04:25:00,1,9.1,synthetic,False,0.0,0.0,0.0,1.0,0.0,0.0,0.0,0.0,0.0,0.0,0.0,38.5,1.0,False,1.0,0.0,,31.92,0.092,4,4,0,False,False,False,False,9.8,False,False,test,2 days after,1
2000-01-14 04:30:00,1,9.1,synthetic,False,0.0,0.0,0.0,1.0,0.0,0.0,0.0,0.0,0.0,0.0,0.0,41.0,5.0,False,1.0,0.0,,32.0,0.088,4,4,0,False,False,False,False,9.5,False,False,test,2 days after,1
2000-01-14 04:35:00,1,8.8,synthetic,False,0.0,0.0,0.0,1.0,0.0,0.0,0.0,0.0,0.0,0.0,0.0,55.9,4.0,False,1.0,0.0,,32.08,0.083,4,4,0,False,False,False,False,8.9,False,False,test,2 days after,1
2000-01-14 04:40:00,1,8.5,synthetic,False,0.0,0.0,0.0,1.0,0.0,0.0,0.0,0.0,0.0,0.0,0.0,49.3,5.0,False,1.0,0.0,,32.17,0.079,4,4,0,False,False,False,False,9.1,False,False,test,2 days after,1
2000-01-14 04:45:00,1,8.8,synthetic,False,0.0,0.0,0.0,1.0,0.0,0.0,0.0,0.0,0.0,0.0,0.0,,,True,3.0,0.0,,32.25,0.074,4,4,0,False,False,False,False,9.8,False,False,test,2 days after,1
2000-01-14 04:50:00,1,9.2,synthetic,False,0.0,0.0,0.0,1.0,0.0,0.0,0.0,0.0,0.0,0.0,0.0,51.5,4.0,False,1.0,0.0,,32.33,0.07,4,4,0,False,False,False,False,9.9,True,True,test,2 days after,1
2000-01-14 04:55:00,1,9.8,synthetic,False,0.0,0.0,0.0,1.0,0.0,0.0,0.0,0.0,0.0,0.0,0.0,42.8,3.0,False,3.0,0.0,,32.42,0.065,4,4,0,False,False,False,False,9.7,True,True,test,2 days after,1
2000-01-14 05:00:00,1,9.5,synthetic,False,0.0,0.0,0.0,1.0,0.0,0.0,0.0,0.0,0.0,0.0,0.0,65.6,5.0,False,1.0,0.0,,32.5,0.061,5,4,0,False,False,False,False,9.4,True,True,test,2 days after,1
2000-01-14 05:05:00,1,8.9,synthetic,False,0.0,0.0,0.0,1.0,0.0,0.0,0.0,0.0,0.0,0.0,0.0,,,True,1.0,0.0,,32.58,0.056,5,4,0,False,False,False,False,8.8,True,True,test,2 days after,1
2000-01-14 05:10:00,1,9.1,synthetic,False,0.0,0.0,0.0,1.0,0.0,0.0,0.0,0.0,0.0,0.0,0.0,,,True,2.0,0.0,,32.67,0.052,5,4,0,False,False,False,False,9.1,True,True,test,2 days after,1
2000-01-14 05:15:00,1,9.8,synthetic,False,0.0,0.0,0.0,1.0,0.0,0.0,0.0,0.0,0.0,0.0,0.0,53.1,2.0,False,1.0,0.0,,32.75,0.047,5,4,0,False,False,False,False,9.1,True,True,test,2 days after,1
2000-01-14 05:20:00,1,9.9,synthetic,False,0.0,0.0,0.0,1.0,0.0,0.0,0.0,0.0,0.0,0.0,0.0,,,True,1.0,0.0,,32.83,0.043,5,4,0,False,False,False,False,8.9,True,True,test,2 days after,1
2000-01-14 05:25:00,1,9.7,synthetic,False,0.0,0.0,0.0,1.0,0.0,0.0,0.0,0.0,0.0,0.0,0.0,,,True,1.0,0.0,,32.92,0.038,5,4,0,False,False,False,False,9.0,True,True,test,2 days after,1
2000-01-14 05:30:00,1,9.4,synthetic,False,0.0,0.0,0.0,0.0,1.0,0.0,0.0,0.1078,0.0,0.0,0.0,,,True,0.0,0.0,,33.0,0.034,5,4,0,False,False,False,False,9.3,True,True,test,2 days after,1
2000-01-14 05:35:00,1,8.8,synthetic,False,0.0,0.0,0.0,1.0,0.0,0.0,0.0,0.0,0.0,0.0,0.0,,,True,0.0,0.0,,33.08,0.135,5,4,0,False,False,False,False,9.0,True,True,test,2 days after,1
2000-01-14 05:40:00,1,9.1,synthetic,False,0.0,0.0,0.0,1.0,0.0,0.0,0.0,0.0,0.0,0.0,0.0,46.4,2.0,False,3.0,0.0,,33.17,0.126,5,4,0,False,False,False,False,8.9,True,True,test,2 days after,1
2000-01-14 05:45:00,1,9.1,synthetic,False,0.0,0.0,0.0,1.0,0.0,0.0,0.0,0.0,0.0,0.0,0.0,53.6,5.0,False,2.0,0.0,,33.25,0.117,5,4,0,False,False,False,False,8.8,True,True,test,2 days after,1
2000-01-14 05:50:00,1,8.9,synthetic,False,0.0,0.0,0.0,1.0,0.0,0.0,0.0,0.0,0.0,0.0,0.0,,,True,0.0,0.0,,33.33,0.108,5,4,0,False,False,False,False,7.7,True,True,test,2 days after,1
2000-01-14 05:55:00,1,9.0,synthetic,False,0.0,0.0,0.0,1.0,0.0,0.0,0.0,0.0,0.0,0.0,0.0,,,True,0.0,0.0,,33.42,0.099,5,4,0,False,False,False,False,7.5,True,True,test,2 days after,1
2000-01-14 06:00:00,1,9.3,synthetic,False,0.0,0.0,0.0,1.0,0.0,0.0,0.0,0.0,0.0,0.0,0.0,,,True,2.0,0.0,,33.5,0.09,6,4,0,False,False,False,False,7.4,True,True,test,2 days after,1
2000-01-14 06:05:00,1,9.0,synthetic,False,0.0,0.0,0.0,1.0,0.0,0.0,0.0,0.0,0.0,0.0,0.0,64.9,3.0,False,1.0,0.0,,33.58,0.081,6,4,0,False,False,False,False,7.9,True,True,test,2 days after,1
2000-01-14 06:10:00,1,8.9,synthetic,False,0.0,0.0,0.0,1.0,0.0,0.0,0.0,0.0,0.0,0.0,0.0,61.6,4.0,False,1.0,0.0,,33.67,0.074,6,4,0,False,False,False,False,8.0,True,True,test,2 days after,1
2000-01-14 06:15:00,1,8.8,synthetic,False,0.0,0.0,0.0,1.0,0.0,0.0,0.0,0.0,0.0,0.0,0.0,35.3,5.0,False,1.0,0.0,,33.75,0.07,6,4,0,False,False,False,False,8.0,True,True,test,2 days after,1
2000-01-14 06:20:00,1,7.7,synthetic,False,0.0,0.0,0.0,0.0,1.0,0.0,0.0,0.1078,0.0,0.0,0.0,,,True,1.0,0.0,,33.83,0.065,6,4,0,False,False,False,False,8.6,True,True,test,2 days after,1
2000-01-14 06:25:00,1,7.5,synthetic,False,0.0,0.0,0.0,0.0,1.0,0.0,0.0,0.1078,0.0,0.0,0.0,,,True,1.0,0.0,,33.92,0.166,6,4,0,False,False,False,False,9.2,True,True,test,2 days after,1
2000-01-14 06:30:00,1,7.4,synthetic,False,0.0,0.0,0.0,0.0,1.0,0.0,0.0,0.1078,0.0,0.0,0.0,,,True,1.0,0.0,,34.0,0.263,6,4,0,False,False,False,False,9.0,True,True,test,2 days after,1
2000-01-14 06:35:00,1,7.9,synthetic,False,0.0,0.0,0.0,0.0,1.0,0.0,0.0,0.1078,0.0,0.0,0.0,52.9,2.0,False,0.0,0.0,,34.08,0.355,6,4,0,False,False,False,False,8.8,True,True,test,2 days after,1
2000-01-14 06:40:00,1,8.0,synthetic,False,0.0,0.0,0.0,0.0,1.0,0.0,0.0,0.1078,0.0,0.0,0.0,53.2,1.0,False,0.0,0.0,,34.17,0.442,6,4,0,False,False,False,False,9.1,True,True,test,2 days after,1
2000-01-14 06:45:00,1,8.0,synthetic,False,0.0,0.0,0.0,0.0,1.0,0.0,0.0,0.1078,0.0,0.0,0.0,63.1,4.0,False,3.0,0.0,,34.25,0.526,6,4,0,False,False,False,False,9.0,True,True,test,2 days after,1
2000-01-14 06:50:00,1,8.6,synthetic,False,0.0,0.0,0.0,0.0,1.0,0.0,0.0,0.1078,0.0,0.0,0.0,,,True,1.0,0.0,,34.33,0.604,6,4,0,False,False,False,False,9.3,True,True,test,2 days after,1
2000-01-14 06:55:00,1,9.2,synthetic,False,0.0,0.0,0.0,0.0,1.0,0.0,0.0,0.1078,0.0,0.0,0.0,57.7,4.0,False,3.0,0.0,,34.42,0.678,6,4,0,False,False,False,False,9.3,True,True,test,2 days after,1
2000-01-14 07:00:00,1,9.0,synthetic,False,0.0,0.0,0.0,0.0,1.0,0.0,0.0,0.1078,0.0,0.0,0.0,47.6,3.0,False,18.0,0.0,,34.5,0.748,7,4,0,False,False,False,False,8.9,True,True,test,2 days after,1
2000-01-14 07:05:00,1,8.8,synthetic,False,0.0,0.0,0.0,0.0,1.0,0.0,0.0,0.1078,0.0,0.0,0.0,,,True,27.0,0.0,,34.58,0.813,7,4,0,False,False,False,False,8.2,True,True,test,2 days after,1
2000-01-14 07:10:00,1,9.1,synthetic,False,0.0,0.0,0.0,0.0,1.0,0.0,0.0,0.1078,0.0,0.0,0.0,41.1,4.0,False,16.0,0.0,,34.67,0.874,7,4,0,False,False,False,False,8.3,True,True,test,2 days after,1
2000-01-14 07:15:00,1,9.0,synthetic,False,0.0,0.0,0.0,0.0,1.0,0.0,0.0,0.1078,0.0,0.0,0.0,47.2,1.0,False,25.0,0.0,,34.75,0.93,7,4,0,False,False,False,False,8.2,True,True,test,2 days after,1
2000-01-14 07:20:00,1,9.3,synthetic,False,0.0,0.0,0.0,0.0,1.0,0.0,0.0,0.1078,0.0,0.0,0.0,,,True,22.0,0.0,,34.83,0.981,7,4,0,False,False,False,False,7.8,True,True,test,2 days after,1
2000-01-14 07:25:00,1,9.3,synthetic,False,0.0,0.0,0.0,0.0,1.0,0.0,0.0,0.1078,0.0,0.0,0.0,,,True,23.0,0.0,,34.92,1.029,7,4,0,False,False,False,False,7.9,True,True,test,2 days after,1
2000-01-14 07:30:00,1,8.9,synthetic,False,0.0,0.0,0.0,0.0,1.0,0.0,0.0,0.1078,0.0,0.0,0.0,55.6,5.0,False,29.0,0.0,,35.0,1.071,7,4,0,False,False,False,False,,True,False,test,2 days after,1
2000-01-14 07:35:00,1,8.2,synthetic,False,0.0,0.0,0.0,0.0,1.0,0.0,0.0,0.1078,0.0,0.0,0.0,37.5,3.0,False,20.0,0.0,,35.08,1.112,7,4,0,False,False,False,False,7.5,True,True,test,2 days after,1
2000-01-14 07:40:00,1,8.3,synthetic,False,0.0,0.0,0.0,0.0,1.0,0.0,0.0,0.1078,0.0,0.0,0.0,,,True,22.0,0.0,,35.17,1.15,7,4,0,False,False,False,False,7.1,True,True,test,2 days after,1
2000-01-14 07:45:00,1,8.2,synthetic,False,0.0,0.0,0.0,0.0,0.561,0.0,0.439,0.0605,0.0,0.0,0.0,45.6,5.0,False,26.0,0.0,,35.25,1.184,7,4,0,False,False,True,False,7.0,True,False,test,2 days after,1
2000-01-14 07:50:00,1,7.8,synthetic,False,0.0,0.0,0.0,0.0,1.0,0.0,0.0,0.1078,0.0,0.0,0.0,49.1,2.0,False,26.0,0.0,,35.33,1.166,7,4,0,False,False,False,False,6.8,True,True,test,2 days after,1
2000-01-14 07:55:00,1,7.9,synthetic,False,0.0,0.0,0.0,0.0,1.0,0.0,0.0,0.1078,0.0,0.0,0.0,50.6,5.0,False,27.0,0.0,,35.42,1.193,7,4,0,False,False,False,False,6.9,True,True,test,2 days after,1
2000-01-14 08:00:00,1,,,False,0.0,0.0,0.0,0.0,1.0,0.0,0.0,0.1078,0.0,0.0,0.0,,,True,23.0,0.0,,35.5,1.215,8,4,0,False,False,False,True,6.5,False,False,test,2 days after,1
2000-01-14 08:05:00,1,7.5,synthetic,False,0.0,0.0,0.0,0.0,1.0,0.0,0.0,0.1078,0.0,0.0,0.0,37.8,4.0,False,33.0,0.0,,35.58,1.233,8,4,0,False,False,False,False,6.2,False,False,test,2 days after,1
2000-01-14 08:10:00,1,7.1,synthetic,False,0.0,0.0,0.0,0.0,1.0,0.0,0.0,0.1078,0.0,0.0,0.0,54.5,1.0,False,15.0,0.0,,35.67,1.246,8,4,0,False,False,False,False,6.4,False,False,test,2 days after,1
2000-01-14 08:15:00,1,7.0,synthetic,False,0.0,0.0,0.0,0.0,1.0,0.0,0.0,0.1078,0.0,0.0,0.0,50.0,1.0,False,25.0,0.0,,35.75,1.255,8,4,0,False,False,False,False,6.0,False,False,test,2 days after,1
2000-01-14 08:20:00,1,6.8,synthetic,False,0.0,0.0,0.0,0.0,1.0,0.0,0.0,0.1078,0.0,0.0,0.0,,,True,29.0,0.0,,35.83,1.259,8,4,0,False,False,False,False,6.6,False,False,test,2 days after,1
2000-01-14 08:25:00,1,6.9,synthetic,False,0.0,0.0,0.0,0.0,1.0,0.0,0.0,0.1078,0.0,0.0,0.0,66.5,5.0,False,20.0,0.0,,35.92,1.261,8,4,0,False,False,False,False,7.1,False,False,test,2 days after,1
2000-01-14 08:30:00,1,6.5,synthetic,False,0.0,0.0,0.0,0.0,1.0,0.0,0.0,0.1078,0.0,0.0,0.0,45.3,5.0,False,33.0,0.0,,36.0,1.263,8,4,0,False,False,False,False,7.0,False,False,test,2 days after,1
2000-01-14 08:35:00,1,6.2,synthetic,False,0.0,0.0,0.0,0.0,1.0,0.0,0.0,0.1078,0.0,0.0,0.0,,,True,24.0,0.0,,36.08,1.265,8,4,0,False,False,False,False,6.8,False,False,test,2 days after,1
2000-01-14 08:40:00,1,6.4,synthetic,False,0.0,0.0,0.0,0.0,1.0,0.0,0.0,0.1078,0.0,0.0,0.0,,,True,25.0,0.0,,36.17,1.267,8,4,0,False,False,False,False,6.9,False,False,test,2 days after,1
2000-01-14 08:45:00,1,6.0,synthetic,False,0.0,0.0,0.0,0.0,0.0,1.0,0.0,0.0833,0.0,0.0,0.0,,,True,25.0,0.0,,36.25,1.269,8,4,0,False,False,False,False,7.2,False,False,test,2 days after,1
2000-01-14 08:50:00,1,6.6,synthetic,False,0.0,0.0,0.0,0.0,1.0,0.0,0.0,0.1078,0.0,0.0,0.0,57.8,5.0,False,31.0,0.0,,36.33,1.247,8,4,0,False,False,False,False,7.4,False,False,test,2 days after,1
2000-01-14 08:55:00,1,7.1,synthetic,False,0.0,0.0,0.0,0.0,1.0,0.0,0.0,0.1078,0.0,0.0,0.0,38.1,2.0,False,19.0,0.0,,36.42,1.25,8,4,0,False,False,False,False,7.7,False,False,test,2 days after,1
2000-01-14 09:00:00,1,7.0,synthetic,False,0.0,0.0,0.0,0.0,1.0,0.0,0.0,0.1078,0.0,0.0,0.0,49.2,1.0,False,27.0,0.0,,36.5,1.253,9,4,0,False,False,False,False,7.8,True,True,test,2 days after,1
2000-01-14 09:05:00,1,6.8,synthetic,False,0.0,0.0,0.0,0.0,1.0,0.0,0.0,0.1078,0.0,0.0,0.0,41.9,3.0,False,34.0,0.0,,36.58,1.256,9,4,0,False,False,False,False,8.0,True,True,test,2 days after,1
2000-01-14 09:10:00,1,6.9,synthetic,False,0.0,0.0,0.0,0.0,1.0,0.0,0.0,0.1078,0.0,0.0,0.0,,,True,23.0,0.0,,36.67,1.259,9,4,0,False,False,False,False,8.2,True,True,test,2 days after,1
2000-01-14 09:15:00,1,7.2,synthetic,False,0.0,0.0,0.0,0.0,1.0,0.0,0.0,0.1078,0.0,0.0,0.0,,,True,13.0,0.0,,36.75,1.262,9,4,0,False,False,False,False,8.3,True,True,test,2 days after,1
2000-01-14 09:20:00,1,7.4,synthetic,False,0.0,0.0,0.0,0.0,1.0,0.0,0.0,0.1078,0.0,0.0,0.0,49.4,1.0,False,23.0,0.0,,36.83,1.265,9,4,0,False,False,False,False,8.3,True,True,test,2 days after,1
2000-01-14 09:25:00,1,7.7,synthetic,False,0.0,0.0,0.0,0.0,1.0,0.0,0.0,0.1078,0.0,0.0,0.0,,,True,27.0,0.0,,36.92,1.268,9,4,0,False,False,False,False,8.4,True,True,test,2 days after,1
2000-01-14 09:30:00,1,7.8,synthetic,False,0.0,0.0,0.0,0.0,1.0,0.0,0.0,0.1078,0.0,0.0,0.0,,,True,26.0,0.0,,37.0,1.271,9,4,0,False,False,False,False,8.6,True,True,test,2 days after,1
2000-01-14 09:35:00,1,8.0,synthetic,False,0.0,0.0,0.0,0.0,1.0,0.0,0.0,0.1078,0.0,0.0,0.0,,,True,21.0,0.0,,37.08,1.274,9,4,0,False,False,False,False,8.2,True,True,test,2 days after,1
2000-01-14 09:40:00,1,8.2,synthetic,False,0.0,0.0,0.0,0.0,1.0,0.0,0.0,0.1078,0.0,0.0,0.0,62.4,3.0,False,24.0,0.0,,37.17,1.277,9,4,0,False,False,False,False,8.7,True,True,test,2 days after,1
2000-01-14 09:45:00,1,8.3,synthetic,False,0.0,0.0,0.0,0.0,1.0,0.0,0.0,0.1078,0.0,0.0,0.0,46.9,2.0,False,25.0,0.0,,37.25,1.28,9,4,0,False,False,False,False,9.1,True,True,test,2 days after,1
2000-01-14 09:50:00,1,8.3,synthetic,False,0.0,0.0,0.0,0.0,1.0,0.0,0.0,0.1078,0.0,0.0,0.0,,,True,28.0,0.0,,37.33,1.282,9,4,0,False,False,False,False,9.5,True,True,test,2 days after,1
2000-01-14 09:55:00,1,8.4,synthetic,False,0.0,0.0,0.0,0.0,1.0,0.0,0.0,0.1078,0.0,0.0,0.0,44.9,3.0,False,26.0,0.0,,37.42,1.283,9,4,0,False,False,False,False,10.0,True,True,test,2 days after,1
2000-01-14 10:00:00,1,8.6,synthetic,False,0.0,0.0,0.0,0.0,1.0,0.0,0.0,0.1078,0.0,0.0,0.0,53.7,2.0,False,26.0,0.0,,37.5,1.284,10,4,0,False,False,False,False,10.5,True,True,test,2 days after,1
2000-01-14 10:05:00,1,8.2,synthetic,False,3.85,37.8,3.852,0.0,0.0,1.0,0.0,0.0833,0.0,0.0,0.0,52.9,4.0,False,26.0,0.0,,37.58,1.285,10,4,0,False,False,False,False,,True,False,test,2 days after,1
2000-01-14 10:10:00,1,8.7,synthetic,False,0.0,0.0,3.691,0.0,1.0,0.0,0.0,0.1078,0.0,0.0,0.0,49.6,2.0,False,22.0,0.0,,37.67,1.262,10,4,0,False,False,False,False,11.8,True,True,test,2 days after,1
2000-01-14 10:15:00,1,9.1,synthetic,False,0.0,0.0,3.531,0.0,1.0,0.0,0.0,0.1078,0.0,0.0,0.0,47.4,3.0,False,21.0,0.0,,37.75,1.264,10,4,0,False,False,False,False,11.8,True,True,test,2 days after,1
2000-01-14 10:20:00,1,9.5,synthetic,False,0.0,0.0,3.37,0.0,0.0,1.0,0.0,0.0833,0.0,0.0,0.0,32.4,1.0,False,29.0,0.0,,37.83,1.266,10,4,0,False,False,False,False,12.6,True,True,test,2 days after,1
2000-01-14 10:25:00,1,10.0,synthetic,False,0.0,0.0,3.21,0.0,1.0,0.0,0.0,0.1078,0.0,0.0,0.0,57.3,2.0,False,27.0,0.0,,37.92,1.244,10,4,0,False,False,False,False,12.6,True,True,test,2 days after,1
2000-01-14 10:30:00,1,10.5,synthetic,False,0.0,0.0,3.049,0.0,1.0,0.0,0.0,0.1078,0.0,0.0,0.0,50.8,1.0,False,17.0,0.0,,38.0,1.247,10,4,0,False,False,False,False,13.3,True,True,test,2 days after,1
2000-01-14 10:35:00,1,,,False,0.0,0.0,2.889,0.0,1.0,0.0,0.0,0.1078,0.0,0.0,0.0,48.4,4.0,False,25.0,0.0,,38.08,1.25,10,4,0,False,False,False,True,13.9,False,False,test,2 days after,1
2000-01-14 10:40:00,1,11.8,synthetic,False,0.0,0.0,2.728,0.0,0.0,1.0,0.0,0.0833,0.0,0.0,0.0,54.8,4.0,False,17.0,0.0,,38.17,1.253,10,4,0,False,False,False,False,14.0,False,False,test,2 days after,1
2000-01-14 10:45:00,1,11.8,synthetic,False,0.0,0.0,2.568,0.0,1.0,0.0,0.0,0.1078,0.0,0.0,0.0,62.5,5.0,False,25.0,0.0,,38.25,1.232,10,4,0,False,False,False,False,13.1,False,False,test,2 days after,1
2000-01-14 10:50:00,1,12.6,synthetic,False,0.0,0.0,2.407,0.0,1.0,0.0,0.0,0.1078,0.0,0.0,0.0,52.2,5.0,False,26.0,0.0,,38.33,1.236,10,4,0,False,False,False,False,12.7,False,False,test,2 days after,1
2000-01-14 10:55:00,1,12.6,synthetic,False,0.0,0.0,2.247,0.0,1.0,0.0,0.0,0.1078,0.0,0.0,0.0,49.2,3.0,False,33.0,0.0,,38.42,1.239,10,4,0,False,False,False,False,12.8,False,False,test,2 days after,1
2000-01-14 11:00:00,1,13.3,synthetic,False,0.0,0.0,2.086,0.0,1.0,0.0,0.0,0.1078,0.0,0.0,0.0,41.6,1.0,False,20.0,0.0,,38.5,1.242,11,4,0,False,False,False,False,13.2,False,False,test,2 days after,1
2000-01-14 11:05:00,1,13.9,synthetic,False,0.0,0.0,1.926,0.0,1.0,0.0,0.0,0.1078,0.0,0.0,0.0,52.6,4.0,False,30.0,0.0,,38.58,1.245,11,4,0,False,False,False,False,12.9,False,False,test,2 days after,1
2000-01-14 11:10:00,1,14.0,synthetic,False,0.0,0.0,1.765,0.0,1.0,0.0,0.0,0.1078,0.0,0.0,0.0,38.4,1.0,False,15.0,0.0,,38.67,1.248,11,4,0,False,False,False,False,12.5,False,False,test,2 days after,1
2000-01-14 11:15:00,1,13.1,synthetic,False,0.0,0.0,1.605,0.0,1.0,0.0,0.0,0.1078,0.0,0.0,0.0,,,True,26.0,0.0,,38.75,1.251,11,4,0,False,False,False,False,11.9,False,False,test,2 days after,1
2000-01-14 11:20:00,1,12.7,synthetic,False,0.0,0.0,1.444,0.0,1.0,0.0,0.0,0.1078,0.0,0.0,0.0,48.5,1.0,False,24.0,0.0,,38.83,1.254,11,4,0,False,False,False,False,12.0,False,False,test,2 days after,1
2000-01-14 11:25:00,1,12.8,synthetic,False,0.0,0.0,1.284,0.0,1.0,0.0,0.0,0.1078,0.0,0.0,0.0,42.1,1.0,False,26.0,0.0,,38.92,1.257,11,4,0,False,False,False,False,12.0,False,False,test,2 days after,1
2000-01-14 11:30:00,1,13.2,synthetic,False,0.0,0.0,1.123,0.0,1.0,0.0,0.0,0.1078,0.0,0.0,0.0,54.8,5.0,False,26.0,0.0,,39.0,1.26,11,4,0,False,False,False,False,12.0,False,False,test,2 days after,1
2000-01-14 11:35:00,1,12.9,synthetic,False,0.0,0.0,0.963,1.0,0.0,0.0,0.0,0.0,0.0,0.0,0.0,,,True,20.0,0.0,,39.08,1.263,11,4,0,False,False,False,False,11.4,True,True,test,2 days after,1
2000-01-14 11:40:00,1,12.5,synthetic,False,0.0,0.0,0.802,1.0,0.0,0.0,0.0,0.0,0.0,0.0,0.0,,,True,16.0,0.0,,39.17,1.161,11,4,0,False,False,False,False,11.8,True,True,test,2 days after,1
2000-01-14 11:45:00,1,11.9,synthetic,False,0.0,0.0,0.642,1.0,0.0,0.0,0.0,0.0,0.0,0.0,0.0,56.6,5.0,False,28.0,0.0,,39.25,1.063,11,4,0,False,False,False,False,12.0,True,True,test,2 days after,1
2000-01-14 11:50:00,1,12.0,synthetic,False,0.0,0.0,0.481,1.0,0.0,0.0,0.0,0.0,0.0,0.0,0.0,48.2,5.0,False,27.0,0.0,,39.33,0.969,11,4,0,False,False,False,False,11.0,True,True,test,2 days after,1
2000-01-14 11:55:00,1,12.0,synthetic,False,0.0,0.0,0.321,1.0,0.0,0.0,0.0,0.0,0.0,0.0,0.0,53.2,2.0,False,21.0,0.0,,39.42,0.88,11,4,0,False,False,False,False,10.3,True,True,test,2 days after,1
2000-01-14 12:00:00,1,12.0,synthetic,False,0.0,0.0,0.16,1.0,0.0,0.0,0.0,0.0,0.0,0.0,0.0,53.7,5.0,False,21.0,0.0,,39.5,0.796,12,4,0,False,False,False,False,10.1,True,True,test,2 days after,1
2000-01-14 12:05:00,1,11.4,synthetic,False,0.0,0.0,0.0,1.0,0.0,0.0,0.0,0.0,0.0,0.0,0.0,53.5,5.0,False,21.0,0.0,,39.58,0.716,12,4,0,False,False,False,False,9.3,True,True,test,2 days after,1
2000-01-14 12:10:00,1,11.8,synthetic,False,0.0,0.0,0.0,1.0,0.0,0.0,0.0,0.0,0.0,0.0,0.0,40.2,3.0,False,29.0,0.0,,39.67,0.64,12,4,0,False,False,False,False,8.6,True,True,test,2 days after,1
2000-01-14 12:15:00,1,12.0,synthetic,False,0.0,0.0,0.0,1.0,0.0,0.0,0.0,0.0,0.0,0.0,0.0,47.5,4.0,False,23.0,0.0,,39.75,0.568,12,4,0,False,False,False,False,8.9,True,True,test,2 days after,1
2000-01-14 12:20:00,1,11.0,synthetic,False,0.0,0.0,0.0,1.0,0.0,0.0,0.0,0.0,0.0,0.0,0.0,,,True,30.0,0.0,,39.83,0.5,12,4,0,False,False,False,False,8.8,True,True,test,2 days after,1
2000-01-14 12:25:00,1,10.3,synthetic,False,0.0,0.0,0.0,1.0,0.0,0.0,0.0,0.0,0.0,0.0,0.0,58.9,4.0,False,25.0,0.0,,39.92,0.437,12,4,0,False,False,False,False,8.3,True,True,test,2 days after,1
2000-01-14 12:30:00,1,10.1,synthetic,False,0.0,0.0,0.0,1.0,0.0,0.0,0.0,0.0,0.0,0.0,0.0,,,True,24.0,0.0,,40.0,0.377,12,4,0,False,False,False,False,8.0,True,True,test,2 days after,1
2000-01-14 12:35:00,1,9.3,synthetic,False,2.42,10.2,2.416,1.0,0.0,0.0,0.0,0.0,0.0,0.0,0.0,45.6,4.0,False,25.0,0.0,,40.08,0.322,12,4,0,False,False,False,False,8.1,True,True,test,2 days after,1
2000-01-14 12:40:00,1,8.6,synthetic,False,0.0,0.0,2.315,1.0,0.0,0.0,0.0,0.0,0.0,0.0,0.0,48.6,5.0,False,16.0,0.0,,40.17,0.271,12,4,0,False,False,False,False,8.4,True,True,test,2 days after,1
2000-01-14 12:45:00,1,8.9,synthetic,False,0.0,0.0,2.215,1.0,0.0,0.0,0.0,0.0,0.0,0.0,0.0,,,True,32.0,0.0,,40.25,0.225,12,4,0,False,False,False,False,9.3,True,True,test,2 days after,1
2000-01-14 12:50:00,1,8.8,synthetic,False,0.0,0.0,2.114,1.0,0.0,0.0,0.0,0.0,0.0,0.0,0.0,53.3,2.0,False,26.0,0.0,,40.33,0.182,12,4,0,False,False,False,False,9.6,True,True,test,2 days after,1
2000-01-14 12:55:00,1,8.3,synthetic,False,0.0,0.0,2.013,1.0,0.0,0.0,0.0,0.0,0.0,0.0,0.0,46.3,5.0,False,26.0,0.0,,40.42,0.144,12,4,0,False,False,False,False,10.1,True,True,test,2 days after,1
2000-01-14 13:00:00,1,8.0,synthetic,False,0.0,0.0,1.913,1.0,0.0,0.0,0.0,0.0,0.0,0.0,0.0,67.5,3.0,False,22.0,0.0,,40.5,0.11,13,4,0,False,False,False,False,10.9,True,True,test,2 days after,1
2000-01-14 13:05:00,1,8.1,synthetic,False,0.0,0.0,1.812,1.0,0.0,0.0,0.0,0.0,0.0,0.0,0.0,47.8,1.0,False,19.0,0.0,,40.58,0.081,13,4,0,False,False,False,False,10.6,True,True,test,2 days after,1
2000-01-14 13:10:00,1,8.4,synthetic,False,0.0,0.0,1.711,1.0,0.0,0.0,0.0,0.0,0.0,0.0,0.0,47.2,3.0,False,21.0,0.0,,40.67,0.056,13,4,0,False,False,False,False,11.7,True,True,test,2 days after,1
2000-01-14 13:15:00,1,9.3,synthetic,False,0.0,0.0,1.611,1.0,0.0,0.0,0.0,0.0,0.0,0.0,0.0,,,True,22.0,0.0,,40.75,0.036,13,4,0,False,False,False,False,11.4,True,True,test,2 days after,1
2000-01-14 13:20:00,1,9.6,synthetic,False,0.0,0.0,1.51,1.0,0.0,0.0,0.0,0.0,0.0,0.0,0.0,63.1,2.0,False,37.0,0.0,,40.83,0.02,13,4,0,False,False,False,False,11.8,True,True,test,2 days after,1
2000-01-14 13:25:00,1,10.1,synthetic,False,0.0,0.0,1.409,1.0,0.0,0.0,0.0,0.0,0.0,0.0,0.0,55.1,4.0,False,30.0,0.0,,40.92,0.009,13,4,0,False,False,False,False,12.1,True,True,test,2 days after,1
2000-01-14 13:30:00,1,10.9,synthetic,False,0.0,0.0,1.309,1.0,0.0,0.0,0.0,0.0,0.0,0.0,0.0,45.4,4.0,False,30.0,0.0,,41.0,0.002,13,4,0,False,False,False,False,11.9,True,True,test,2 days after,1
2000-01-14 13:35:00,1,10.6,synthetic,False,0.0,0.0,1.208,1.0,0.0,0.0,0.0,0.0,0.0,0.0,0.0,42.2,3.0,False,30.0,0.0,,41.08,0.0,13,4,0,False,False,False,False,,True,False,test,2 days after,1
2000-01-14 13:40:00,1,11.7,synthetic,False,0.0,0.0,1.107,1.0,0.0,0.0,0.0,0.0,0.0,0.0,0.0,26.7,4.0,False,23.0,0.0,,41.17,0.0,13,4,0,False,False,False,False,11.5,True,True,test,2 days after,1
2000-01-14 13:45:00,1,11.4,synthetic,False,0.0,0.0,1.007,1.0,0.0,0.0,0.0,0.0,0.0,0.0,0.0,,,True,22.0,0.0,,41.25,0.0,13,4,0,False,False,False,False,11.9,True,True,test,2 days after,1
2000-01-14 13:50:00,1,11.8,synthetic,False,0.0,0.0,0.906,0.0,1.0,0.0,0.0,0.1078,0.0,0.0,0.0,54.4,5.0,False,36.0,0.0,,41.33,0.0,13,4,0,False,False,False,False,12.1,True,True,test,2 days after,1
2000-01-14 13:55:00,1,12.1,synthetic,False,0.0,0.0,0.805,0.0,1.0,0.0,0.0,0.1078,0.0,0.0,0.0,54.2,4.0,False,28.0,0.0,,41.42,0.106,13,4,0,False,False,False,False,12.1,True,True,test,2 days after,1
2000-01-14 14:00:00,1,11.9,synthetic,False,0.0,0.0,0.705,0.0,1.0,0.0,0.0,0.1078,0.0,0.0,0.0,52.2,4.0,False,23.0,0.0,,41.5,0.207,14,4,0,False,False,False,False,12.1,True,True,test,2 days after,1
2000-01-14 14:05:00,1,,,False,0.0,0.0,0.604,0.0,1.0,0.0,0.0,0.1078,0.0,0.0,0.0,57.1,5.0,False,30.0,0.0,,41.58,0.303,14,4,0,False,False,False,True,11.4,False,False,test,2 days after,1
2000-01-14 14:10:00,1,11.5,synthetic,False,0.0,0.0,0.503,0.0,1.0,0.0,0.0,0.1078,0.0,0.0,0.0,,,True,15.0,0.0,,41.67,0.395,14,4,0,False,False,False,False,10.9,False,False,test,2 days after,1
2000-01-14 14:15:00,1,11.9,synthetic,False,0.0,0.0,0.403,0.0,1.0,0.0,0.0,0.1078,0.0,0.0,0.0,,,True,16.0,0.0,,41.75,0.483,14,4,0,False,False,False,False,11.4,False,False,test,2 days after,1
2000-01-14 14:20:00,1,12.1,synthetic,False,0.0,0.0,0.302,0.0,1.0,0.0,0.0,0.1078,0.0,0.0,0.0,45.1,5.0,False,32.0,0.0,,41.83,0.566,14,4,0,False,False,False,False,11.4,False,False,test,2 days after,1
2000-01-14 14:25:00,1,12.1,synthetic,False,0.0,0.0,0.201,0.0,1.0,0.0,0.0,0.1078,0.0,0.0,0.0,,,True,23.0,0.0,,41.92,0.645,14,4,0,False,False,False,False,11.4,False,False,test,2 days after,1
2000-01-14 14:30:00,1,12.1,synthetic,False,0.0,0.0,0.101,0.0,1.0,0.0,0.0,0.1078,0.0,0.0,0.0,68.5,2.0,False,20.0,0.0,,42.0,0.719,14,4,0,False,False,False,False,11.8,False,False,test,2 days after,1
2000-01-14 14:35:00,1,11.4,synthetic,False,0.0,0.0,0.0,0.0,1.0,0.0,0.0,0.1078,0.0,0.0,0.0,,,True,24.0,0.0,,42.08,0.788,14,4,0,False,False,False,False,12.1,False,False,test,2 days after,1
2000-01-14 14:40:00,1,10.9,synthetic,False,0.0,0.0,0.0,0.0,0.0,1.0,0.0,0.0833,0.0,0.0,0.0,56.1,5.0,False,31.0,0.0,,42.17,0.853,14,4,0,False,False,False,False,12.7,False,False,test,2 days after,1
2000-01-14 14:45:00,1,11.4,synthetic,False,0.0,0.0,0.0,0.0,1.0,0.0,0.0,0.1078,0.0,0.0,0.0,57.6,1.0,False,27.0,0.0,,42.25,0.89,14,4,0,False,False,False,False,12.8,False,False,test,2 days after,1
2000-01-14 14:50:00,1,11.4,synthetic,False,0.0,0.0,0.0,0.0,1.0,0.0,0.0,0.1078,0.0,0.0,0.0,,,True,21.0,0.0,,42.33,0.947,14,4,0,False,False,False,False,12.9,False,False,test,2 days after,1
2000-01-14 14:55:00,1,11.4,synthetic,False,0.0,0.0,0.0,0.0,1.0,0.0,0.0,0.1078,0.0,0.0,0.0,,,True,27.0,0.0,,42.42,1.0,14,4,0,False,False,False,False,13.3,False,False,test,2 days after,1
2000-01-14 15:00:00,1,11.8,synthetic,False,0.0,0.0,0.0,0.0,1.0,0.0,0.0,0.1078,0.0,0.0,0.0,,,True,22.0,0.0,,42.5,1.048,15,4,0,False,False,False,False,12.9,False,False,test,2 days after,1
2000-01-14 15:05:00,1,12.1,synthetic,False,0.0,0.0,0.0,0.0,0.0,1.0,0.0,0.0833,0.0,0.0,0.0,52.3,5.0,False,30.0,0.0,,42.58,1.092,15,4,0,False,False,False,False,13.3,True,True,test,2 days after,1
2000-01-14 15:10:00,1,12.7,synthetic,False,0.0,0.0,0.0,0.0,1.0,0.0,0.0,0.1078,0.0,0.0,0.0,,,True,17.0,0.0,,42.67,1.107,15,4,0,False,False,False,False,13.1,True,True,test,2 days after,1
2000-01-14 15:15:00,1,12.8,synthetic,False,0.0,0.0,0.0,0.0,1.0,0.0,0.0,0.1078,0.0,0.0,0.0,60.6,1.0,False,29.0,0.0,,42.75,1.143,15,4,0,False,False,False,False,11.9,True,True,test,2 days after,1
2000-01-14 15:20:00,1,12.9,synthetic,False,0.0,0.0,0.0,0.0,1.0,0.0,0.0,0.1078,0.0,0.0,0.0,,,True,22.0,0.0,,42.83,1.174,15,4,0,False,False,False,False,11.2,True,True,test,2 days after,1
2000-01-14 15:25:00,1,13.3,synthetic,False,0.0,0.0,0.0,1.0,0.0,0.0,0.0,0.0,0.0,0.0,0.0,,,True,30.0,0.0,,42.92,1.201,15,4,0,False,False,False,False,10.9,True,True,test,2 days after,1
2000-01-14 15:30:00,1,12.9,synthetic,False,0.0,0.0,0.0,1.0,0.0,0.0,0.0,0.0,0.0,0.0,0.0,56.7,2.0,False,14.0,0.0,,43.0,1.117,15,4,0,False,False,False,False,12.2,True,True,test,2 days after,1
2000-01-14 15:35:00,1,13.3,synthetic,False,0.0,0.0,0.0,1.0,0.0,0.0,0.0,0.0,0.0,0.0,0.0,62.5,4.0,False,25.0,0.0,,43.08,1.034,15,4,0,False,False,False,False,12.3,True,True,test,2 days after,1
2000-01-14 15:40:00,1,13.1,synthetic,False,0.0,0.0,0.0,1.0,0.0,0.0,0.0,0.0,0.0,0.0,0.0,,,True,20.0,0.0,,43.17,0.951,15,4,0,False,False,False,False,12.4,True,True,test,2 days after,1
2000-01-14 15:45:00,1,11.9,synthetic,False,0.0,0.0,0.0,1.0,0.0,0.0,0.0,0.0,0.0,0.0,0.0,46.6,5.0,False,24.0,0.0,,43.25,0.868,15,4,0,False,False,False,False,12.7,True,True,test,2 days after,1
2000-01-14 15:50:00,1,11.2,synthetic,False,4.24,24.8,4.24,1.0,0.0,0.0,0.0,0.0,0.0,0.0,0.0,,,True,24.0,0.0,,43.33,0.784,15,4,0,False,False,False,False,12.9,True,True,test,2 days after,1
2000-01-14 15:55:00,1,10.9,synthetic,False,3.64,37.1,7.705,1.0,0.0,0.0,0.0,0.0,0.0,0.0,0.0,,,True,27.0,0.0,,43.42,0.703,15,4,0,False,False,False,False,13.4,True,True,test,2 days after,1
2000-01-14 16:00:00,1,12.2,synthetic,False,0.0,0.0,7.376,1.0,0.0,0.0,0.0,0.0,0.0,0.0,0.0,51.1,3.0,False,34.0,0.0,,43.5,0.627,16,4,0,False,False,False,False,14.0,True,True,test,2 days after,1
2000-01-14 16:05:00,1,12.3,synthetic,False,0.0,0.0,7.048,1.0,0.0,0.0,0.0,0.0,0.0,0.0,0.0,,,True,18.0,0.0,,43.58,0.555,16,4,0,False,False,False,False,14.5,True,True,test,2 days after,1
2000-01-14 16:10:00,1,12.4,synthetic,False,0.0,0.0,6.719,1.0,0.0,0.0,0.0,0.0,0.0,0.0,0.0,,,True,20.0,0.0,,43.67,0.487,16,4,0,False,False,False,False,15.2,True,True,test,2 days after,1
2000-01-14 16:15:00,1,12.7,synthetic,False,0.0,0.0,6.391,1.0,0.0,0.0,0.0,0.0,0.0,0.0,0.0,66.1,3.0,False,25.0,0.0,,43.75,0.424,16,4,0,False,False,False,False,16.1,True,True,test,2 days after,1
2000-01-14 16:20:00,1,12.9,synthetic,False,1.68,31.1,7.743,1.0,0.0,0.0,0.0,0.0,0.0,0.0,0.0,,,True,20.0,0.0,,43.83,0.365,16,4,0,False,False,False,False,17.0,True,True,test,2 days after,1
2000-01-14 16:25:00,1,13.4,synthetic,False,0.0,0.0,7.345,1.0,0.0,0.0,0.0,0.0,0.0,0.0,0.0,,,True,29.0,0.0,,43.92,0.311,16,4,0,False,False,False,False,17.3,True,True,test,2 days after,1
2000-01-14 16:30:00,1,14.0,synthetic,False,0.0,0.0,6.946,1.0,0.0,0.0,0.0,0.0,0.0,0.0,0.0,,,True,27.0,0.0,,44.0,0.262,16,4,0,False,False,False,False,17.2,True,True,test,2 days after,1
2000-01-14 16:35:00,1,14.5,synthetic,False,0.0,0.0,6.548,1.0,0.0,0.0,0.0,0.0,0.0,0.0,0.0,57.0,4.0,False,16.0,0.0,,44.08,0.216,16,4,0,False,False,False,False,16.9,True,True,test,2 days after,1
2000-01-14 16:40:00,1,15.2,synthetic,False,0.0,0.0,6.15,1.0,0.0,0.0,0.0,0.0,0.0,0.0,0.0,,,True,30.0,0.0,,44.17,0.176,16,4,0,False,False,False,False,,True,False,test,2 days after,1
2000-01-14 16:45:00,1,16.1,synthetic,False,0.0,0.0,5.751,1.0,0.0,0.0,0.0,0.0,0.0,0.0,0.0,67.2,4.0,False,25.0,0.0,,44.25,0.139,16,4,0,False,False,False,False,17.1,True,True,test,2 days after,1
2000-01-14 16:50:00,1,17.0,synthetic,False,0.0,0.0,5.353,1.0,0.0,0.0,0.0,0.0,0.0,0.0,0.0,74.9,4.0,False,22.0,0.0,,44.33,0.106,16,4,0,False,False,False,False,,True,False,test,2 days after,1
2000-01-14 16:55:00,1,17.3,synthetic,False,0.0,0.0,4.954,1.0,0.0,0.0,0.0,0.0,0.0,0.0,0.0,58.5,1.0,False,26.0,0.0,,44.42,0.078,16,4,0,False,False,False,False,17.3,True,True,test,2 days after,1
2000-01-14 17:00:00,1,17.2,synthetic,False,0.0,0.0,4.556,1.0,0.0,0.0,0.0,0.0,0.0,0.0,0.0,,,True,23.0,0.0,,44.5,0.055,17,4,0,False,False,False,False,,True,False,test,2 days after,1
2000-01-14 17:05:00,1,16.9,synthetic,False,0.0,0.0,4.158,1.0,0.0,0.0,0.0,0.0,0.0,0.0,0.0,54.0,1.0,False,26.0,0.0,,44.58,0.035,17,4,0,False,False,False,False,16.0,True,True,test,2 days after,1
2000-01-14 17:10:00,1,,,False,0.0,0.0,3.759,1.0,0.0,0.0,0.0,0.0,0.0,0.0,0.0,,,True,20.0,0.0,,44.67,0.02,17,4,0,False,False,False,True,16.0,False,False,test,2 days after,1
2000-01-14 17:15:00,1,17.1,synthetic,False,0.0,0.0,3.361,0.0,1.0,0.0,0.0,0.1078,0.0,0.0,0.0,56.8,3.0,False,14.0,0.0,,44.75,0.009,17,4,0,False,False,False,False,15.7,False,False,test,2 days after,1
2000-01-14 17:20:00,1,,,False,0.0,0.0,2.962,0.0,1.0,0.0,0.0,0.1078,0.0,0.0,0.0,49.3,3.0,False,16.0,0.0,,44.83,0.108,17,4,0,False,False,False,True,14.2,False,False,test,2 days after,1
2000-01-14 17:25:00,1,17.3,synthetic,False,0.0,0.0,2.564,0.0,1.0,0.0,0.0,0.1078,0.0,0.0,0.0,,,True,15.0,0.0,,44.92,0.207,17,4,0,False,False,False,False,14.1,False,False,test,2 days after,1
2000-01-14 17:30:00,1,,,False,0.0,0.0,2.166,0.0,1.0,0.0,0.0,0.1078,0.0,0.0,0.0,62.2,3.0,False,18.0,0.0,,45.0,0.303,17,4,0,False,False,False,True,13.2,False,False,test,2 days after,1
2000-01-14 17:35:00,1,16.0,synthetic,False,0.0,0.0,1.767,0.0,1.0,0.0,0.0,0.1078,0.0,0.0,0.0,68.4,1.0,False,18.0,0.0,,45.08,0.395,17,4,0,False,False,False,False,12.0,False,False,test,2 days after,1
2000-01-14 17:40:00,1,16.0,synthetic,False,0.0,0.0,1.369,0.0,0.217,0.0,0.783,0.0234,0.0,0.0,0.0,,,True,20.0,0.0,,45.17,0.483,17,4,0,False,False,True,False,11.4,False,False,test,2 days after,1
2000-01-14 17:45:00,1,15.7,synthetic,False,0.0,0.0,0.97,0.0,1.0,0.0,0.0,0.1078,0.0,0.0,0.0,,,True,33.0,0.0,,45.25,0.483,17,4,0,False,False,False,False,10.7,False,False,test,2 days after,1
2000-01-14 17:50:00,1,14.2,synthetic,False,0.0,0.0,0.572,0.0,1.0,0.0,0.0,0.1078,0.0,0.0,0.0,,,True,24.0,0.0,,45.33,0.565,17,4,0,False,False,False,False,10.1,False,False,test,2 days after,1
2000-01-14 17:55:00,1,14.1,synthetic,False,0.0,0.0,0.35,0.0,1.0,0.0,0.0,0.1078,0.0,0.0,0.0,53.2,3.0,False,16.0,0.0,,45.42,0.643,17,4,0,False,False,False,False,9.9,False,False,test,2 days after,1
2000-01-14 18:00:00,1,13.2,synthetic,False,0.0,0.0,0.28,0.0,1.0,0.0,0.0,0.1078,0.0,0.0,0.0,55.5,4.0,False,28.0,0.0,,45.5,0.716,18,4,0,False,False,False,False,9.3,False,False,test,2 days after,1
2000-01-14 18:05:00,1,12.0,synthetic,False,0.0,0.0,0.21,0.0,1.0,0.0,0.0,0.1078,0.0,0.0,0.0,51.7,3.0,False,26.0,0.0,,45.58,0.785,18,4,0,False,False,False,False,8.6,False,False,test,2 days after,1
2000-01-14 18:10:00,1,11.4,synthetic,False,0.0,0.0,0.14,0.0,1.0,0.0,0.0,0.1078,0.0,0.0,0.0,,,True,20.0,0.0,,45.67,0.849,18,4,0,False,False,False,False,7.9,False,False,test,2 days after,1
2000-01-14 18:15:00,1,10.7,synthetic,False,0.0,0.0,0.07,1.0,0.0,0.0,0.0,0.0,0.0,0.0,0.0,44.1,4.0,False,18.0,0.0,,45.75,0.909,18,4,0,False,False,False,False,7.8,False,False,test,2 days after,1
2000-01-14 18:20:00,1,10.1,synthetic,False,0.0,0.0,0.0,1.0,0.0,0.0,0.0,0.0,0.0,0.0,0.0,56.0,2.0,False,28.0,0.0,,45.83,0.858,18,4,0,False,False,False,False,6.8,False,False,test,2 days after,1
2000-01-14 18:25:00,1,9.9,synthetic,False,0.0,0.0,0.0,1.0,0.0,0.0,0.0,0.0,0.0,0.0,0.0,56.4,3.0,False,19.0,0.0,,45.92,0.808,18,4,0,False,False,False,False,6.9,False,False,test,2 days after,1
2000-01-14 18:30:00,1,9.3,synthetic,False,0.0,0.0,0.0,1.0,0.0,0.0,0.0,0.0,0.0,0.0,0.0,,,True,22.0,0.0,,46.0,0.758,18,4,0,False,False,False,False,6.2,True,True,test,2 days after,1
2000-01-14 18:35:00,1,8.6,synthetic,False,0.0,0.0,0.0,1.0,0.0,0.0,0.0,0.0,0.0,0.0,0.0,59.9,5.0,False,27.0,0.0,,46.08,0.707,18,4,0,False,False,False,False,6.3,True,True,test,2 days after,1
2000-01-14 18:40:00,1,7.9,synthetic,False,0.0,0.0,0.0,1.0,0.0,0.0,0.0,0.0,0.0,0.0,0.0,56.2,1.0,False,23.0,0.0,,46.17,0.657,18,4,0,False,False,False,False,6.3,True,True,test,2 days after,1
2000-01-14 18:45:00,1,7.8,synthetic,False,0.0,0.0,0.0,1.0,0.0,0.0,0.0,0.0,0.0,0.0,0.0,,,True,29.0,0.0,,46.25,0.606,18,4,0,False,False,False,False,5.9,True,True,test,2 days after,1
2000-01-14 18:50:00,1,6.8,synthetic,False,0.0,0.0,0.0,1.0,0.0,0.0,0.0,0.0,0.0,0.0,0.0,70.7,5.0,False,21.0,0.0,,46.33,0.556,18,4,0,False,False,False,False,5.0,True,True,test,2 days after,1
2000-01-14 18:55:00,1,6.9,synthetic,False,0.0,0.0,0.0,1.0,0.0,0.0,0.0,0.0,0.0,0.0,0.0,64.3,5.0,False,18.0,0.0,,46.42,0.506,18,4,0,False,False,False,False,5.4,True,True,test,2 days after,1
2000-01-14 19:00:00,1,6.2,synthetic,False,0.0,0.0,0.0,1.0,0.0,0.0,0.0,0.0,0.0,0.0,0.0,,,True,21.0,0.0,,46.5,0.455,19,4,0,False,False,False,False,5.6,True,True,test,2 days after,1
2000-01-14 19:05:00,1,6.3,synthetic,False,0.0,0.0,0.0,1.0,0.0,0.0,0.0,0.0,0.0,0.0,0.0,,,True,21.0,0.0,,46.58,0.405,19,4,0,False,False,False,False,5.8,True,True,test,2 days after,1
2000-01-14 19:10:00,1,6.3,synthetic,False,0.0,0.0,0.0,1.0,0.0,0.0,0.0,0.0,0.0,0.0,0.0,55.4,4.0,False,26.0,0.0,,46.67,0.354,19,4,0,False,False,False,False,6.7,True,True,test,2 days after,1
2000-01-14 19:15:00,1,5.9,synthetic,False,0.0,0.0,0.0,1.0,0.0,0.0,0.0,0.0,0.0,0.0,0.0,75.6,3.0,False,24.0,0.0,,46.75,0.304,19,4,0,False,False,False,False,7.5,True,True,test,2 days after,1
2000-01-14 19:20:00,1,5.0,synthetic,False,0.0,0.0,0.0,1.0,0.0,0.0,0.0,0.0,0.0,0.0,0.0,,,True,28.0,0.0,,46.83,0.256,19,4,0,False,False,False,False,8.0,True,True,test,2 days after,1
2000-01-14 19:25:00,1,5.4,synthetic,False,2.8,38.2,2.802,1.0,0.0,0.0,0.0,0.0,0.0,0.0,0.0,,,True,19.0,0.0,,46.92,0.212,19,4,0,False,False,False,False,8.6,True,True,test,2 days after,1
2000-01-14 19:30:00,1,5.6,synthetic,False,0.0,0.0,2.686,1.0,0.0,0.0,0.0,0.0,0.0,0.0,0.0,64.6,1.0,False,33.0,0.0,,47.0,0.173,19,4,0,False,False,False,False,9.4,True,True,test,2 days after,1
2000-01-14 19:35:00,1,5.8,synthetic,False,0.0,0.0,2.569,1.0,0.0,0.0,0.0,0.0,0.0,0.0,0.0,58.1,3.0,False,20.0,0.0,,47.08,0.138,19,4,0,False,False,False,False,10.0,True,True,test,2 days after,1
2000-01-14 19:40:00,1,6.7,synthetic,False,4.04,34.7,6.488,1.0,0.0,0.0,0.0,0.0,0.0,0.0,0.0,71.1,5.0,False,32.0,0.0,,47.17,0.108,19,4,0,False,False,False,False,10.1,True,True,test,2 days after,1
2000-01-14 19:45:00,1,7.5,synthetic,False,0.0,0.0,6.203,1.0,0.0,0.0,0.0,0.0,0.0,0.0,0.0,,,True,21.0,0.0,,47.25,0.081,19,4,0,False,False,False,False,11.3,True,True,test,2 days after,1
2000-01-14 19:50:00,1,8.0,synthetic,False,0.0,0.0,5.918,1.0,0.0,0.0,0.0,0.0,0.0,0.0,0.0,46.6,1.0,False,23.0,0.0,,47.33,0.056,19,4,0,False,False,False,False,11.7,True,True,test,2 days after,1
2000-01-14 19:55:00,1,8.6,synthetic,False,0.0,0.0,5.633,1.0,0.0,0.0,0.0,0.0,0.0,0.0,0.0,60.7,1.0,False,27.0,0.0,,47.42,0.036,19,4,0,False,False,False,False,12.6,True,True,test,2 days after,1
2000-01-14 20:00:00,1,9.4,synthetic,False,0.0,0.0,5.348,0.251,0.0,0.0,0.749,0.0,0.0,0.0,0.0,54.2,4.0,False,27.0,0.0,,47.5,0.02,20,4,0,False,False,True,False,13.9,True,False,test,2 days after,1
2000-01-14 20:05:00,1,10.0,synthetic,False,3.57,46.6,8.631,1.0,0.0,0.0,0.0,0.0,0.0,0.0,0.0,71.3,1.0,False,28.0,0.0,,47.58,0.009,20,4,0,False,False,False,False,13.5,True,True,test,2 days after,1
2000-01-14 20:10:00,1,10.1,synthetic,False,0.0,0.0,8.198,1.0,0.0,0.0,0.0,0.0,0.0,0.0,0.0,63.0,1.0,False,26.0,0.0,,47.67,0.002,20,4,0,False,False,False,False,14.0,True,True,test,2 days after,1
2000-01-14 20:15:00,1,11.3,synthetic,False,0.0,0.0,7.764,1.0,0.0,0.0,0.0,0.0,0.0,0.0,0.0,66.8,1.0,False,31.0,0.0,,47.75,0.0,20,4,0,False,False,False,False,14.4,True,True,test,2 days after,1
2000-01-14 20:20:00,1,11.7,synthetic,False,0.0,0.0,7.33,1.0,0.0,0.0,0.0,0.0,0.0,0.0,0.0,67.5,2.0,False,17.0,0.0,,47.83,0.0,20,4,0,False,False,False,False,14.9,True,True,test,2 days after,1
2000-01-14 20:25:00,1,12.6,synthetic,False,2.71,40.4,9.605,0.0,1.0,0.0,0.0,0.1078,0.0,0.0,0.0,,,True,30.0,0.0,,47.92,0.0,20,4,0,False,False,False,False,15.6,True,True,test,2 days after,1
2000-01-14 20:30:00,1,13.9,synthetic,False,0.0,0.0,9.059,0.0,1.0,0.0,0.0,0.1078,0.0,0.0,0.0,64.1,4.0,False,26.0,0.0,,48.0,0.106,20,4,0,False,False,False,False,15.9,True,True,test,2 days after,1
2000-01-14 20:35:00,1,13.5,synthetic,False,0.0,0.0,8.513,0.0,1.0,0.0,0.0,0.1078,0.0,0.0,0.0,74.3,4.0,False,30.0,0.0,,48.08,0.207,20,4,0,False,False,False,False,15.9,True,True,test,2 days after,1
2000-01-14 20:40:00,1,14.0,synthetic,False,0.0,0.0,7.966,0.0,1.0,0.0,0.0,0.1078,0.0,0.0,0.0,,,True,22.0,0.0,,48.17,0.303,20,4,0,False,False,False,False,15.2,True,True,test,2 days after,1
2000-01-14 20:45:00,1,14.4,synthetic,False,0.0,0.0,7.42,0.0,1.0,0.0,0.0,0.1078,0.0,0.0,0.0,,,True,20.0,0.0,,48.25,0.395,20,4,0,False,False,False,False,14.8,True,True,test,2 days after,1
2000-01-14 20:50:00,1,14.9,synthetic,False,0.0,0.0,6.873,0.0,1.0,0.0,0.0,0.1078,0.0,0.0,0.0,51.4,1.0,False,25.0,0.0,,48.33,0.483,20,4,0,False,False,False,False,14.7,True,True,test,2 days after,1
2000-01-14 20:55:00,1,15.6,synthetic,False,0.0,0.0,6.327,0.0,1.0,0.0,0.0,0.1078,0.0,0.0,0.0,54.6,1.0,False,27.0,0.0,,48.42,0.566,20,4,0,False,False,False,False,14.9,True,True,test,2 days after,1
2000-01-14 21:00:00,1,15.9,synthetic,False,0.0,0.0,5.78,0.0,1.0,0.0,0.0,0.1078,0.0,0.0,0.0,,,True,23.0,0.0,,48.5,0.645,21,4,0,False,False,False,False,14.1,True,True,test,2 days after,1
2000-01-14 21:05:00,1,15.9,synthetic,False,0.0,0.0,5.234,0.0,1.0,0.0,0.0,0.1078,0.0,0.0,0.0,,,True,22.0,0.0,,48.58,0.719,21,4,0,False,False,False,False,13.6,True,True,test,2 days after,1
2000-01-14 21:10:00,1,15.2,synthetic,False,0.0,0.0,4.687,0.0,1.0,0.0,0.0,0.1078,0.0,0.0,0.0,,,True,22.0,0.0,,48.67,0.788,21,4,0,False,False,False,False,12.8,True,True,test,2 days after,1
2000-01-14 21:15:00,1,14.8,synthetic,False,0.0,0.0,4.141,0.0,1.0,0.0,0.0,0.1078,0.0,0.0,0.0,,,True,32.0,0.0,,48.75,0.853,21,4,0,False,False,False,False,12.3,True,True,test,2 days after,1
2000-01-14 21:20:00,1,14.7,synthetic,False,0.0,0.0,3.595,0.0,1.0,0.0,0.0,0.1078,0.0,0.0,0.0,,,True,22.0,0.0,,48.83,0.914,21,4,0,False,False,False,False,11.4,True,True,test,2 days after,1
2000-01-14 21:25:00,1,14.9,synthetic,False,0.0,0.0,3.048,0.0,1.0,0.0,0.0,0.1078,0.0,0.0,0.0,58.4,5.0,False,24.0,0.0,,48.92,0.97,21,4,0,False,False,False,False,10.2,True,True,test,2 days after,1
2000-01-14 21:30:00,1,14.1,synthetic,False,0.0,0.0,2.618,0.0,1.0,0.0,0.0,0.1078,0.0,0.0,0.0,,,True,22.0,0.0,,49.0,1.022,21,4,0,False,False,False,False,10.3,True,True,test,2 days after,1
2000-01-14 21:35:00,1,13.6,synthetic,False,0.0,0.0,2.189,0.0,1.0,0.0,0.0,0.1078,0.0,0.0,0.0,61.4,1.0,False,26.0,0.0,,49.08,1.069,21,4,0,False,False,False,False,9.8,True,True,test,2 days after,1
2000-01-14 21:40:00,1,12.8,synthetic,False,0.0,0.0,1.759,0.0,1.0,0.0,0.0,0.1078,0.0,0.0,0.0,67.8,2.0,False,30.0,0.0,,49.17,1.112,21,4,0,False,False,False,False,8.3,True,True,test,2 days after,1
2000-01-14 21:45:00,1,12.3,synthetic,False,0.0,0.0,1.498,0.0,1.0,0.0,0.0,0.1078,0.0,0.0,0.0,,,True,31.0,0.0,,49.25,1.15,21,4,0,False,False,False,False,,True,False,test,2 days after,1
2000-01-14 21:50:00,1,11.4,synthetic,False,0.0,0.0,1.236,0.0,1.0,0.0,0.0,0.1078,0.0,0.0,0.0,64.0,3.0,False,28.0,0.0,,49.33,1.184,21,4,0,False,False,False,False,7.7,True,True,test,2 days after,1
2000-01-14 21:55:00,1,10.2,synthetic,False,0.0,0.0,0.974,0.0,1.0,0.0,0.0,0.1078,0.0,0.0,0.0,,,True,22.0,0.0,,49.42,1.213,21,4,0,False,False,False,False,8.2,True,True,test,2 days after,1
2000-01-14 22:00:00,1,10.3,synthetic,False,0.0,0.0,0.713,0.0,0.0,1.0,0.0,0.0833,0.0,0.0,0.0,57.7,2.0,False,25.0,0.0,,49.5,1.237,22,4,0,False,False,False,False,8.4,True,True,test,2 days after,1
2000-01-14 22:05:00,1,9.8,synthetic,False,0.0,0.0,0.451,1.0,0.0,0.0,0.0,0.0,0.0,0.0,0.0,,,True,32.0,0.0,,49.58,1.234,22,4,0,False,False,False,False,7.2,True,True,test,2 days after,1
2000-01-14 22:10:00,1,8.3,synthetic,False,0.0,0.0,0.339,1.0,0.0,0.0,0.0,0.0,0.0,0.0,0.0,63.9,1.0,False,27.0,0.0,,49.67,1.145,22,4,0,False,False,False,False,7.0,True,True,test,2 days after,1
2000-01-14 22:15:00,1,,,False,0.0,0.0,0.226,1.0,0.0,0.0,0.0,0.0,0.0,0.0,0.0,52.4,3.0,False,17.0,0.0,,49.75,1.056,22,4,0,False,False,False,True,,False,False,test,2 days after,1
2000-01-14 22:20:00,1,7.7,synthetic,False,0.0,0.0,0.113,1.0,0.0,0.0,0.0,0.0,0.0,0.0,0.0,,,True,25.0,0.0,,49.83,0.967,22,4,0,False,False,False,False,7.1,False,False,test,2 days after,1
2000-01-14 22:25:00,1,8.2,synthetic,False,0.0,0.0,0.0,1.0,0.0,0.0,0.0,0.0,0.0,0.0,0.0,75.8,3.0,False,21.0,0.0,,49.92,0.878,22,4,0,False,False,False,False,6.7,False,False,test,2 days after,1
2000-01-14 22:30:00,1,8.4,synthetic,False,0.0,0.0,0.0,1.0,0.0,0.0,0.0,0.0,0.0,0.0,0.0,59.8,3.0,False,32.0,0.0,,50.0,0.792,22,4,0,False,False,False,False,7.1,False,False,test,2 days after,1
2000-01-14 22:35:00,1,7.2,synthetic,False,0.0,0.0,0.0,1.0,0.0,0.0,0.0,0.0,0.0,0.0,0.0,,,True,25.0,0.0,,50.08,0.71,22,4,0,False,False,False,False,7.1,False,False,test,2 days after,1
2000-01-14 22:40:00,1,7.0,synthetic,False,0.0,0.0,0.0,1.0,0.0,0.0,0.0,0.0,0.0,0.0,0.0,67.3,2.0,False,35.0,0.0,,50.17,0.632,22,4,0,False,False,False,False,7.4,False,False,test,2 days after,1
2000-01-14 22:45:00,1,,,False,0.0,0.0,0.0,1.0,0.0,0.0,0.0,0.0,0.0,0.0,0.0,55.5,4.0,False,22.0,0.0,,50.25,0.559,22,4,0,False,False,False,True,7.7,False,False,test,2 days after,1
2000-01-14 22:50:00,1,7.1,synthetic,False,0.0,0.0,0.0,1.0,0.0,0.0,0.0,0.0,0.0,0.0,0.0,,,True,31.0,0.0,,50.33,0.491,22,4,0,False,False,False,False,7.4,False,False,test,2 days after,1
2000-01-14 22:55:00,1,6.7,synthetic,False,0.0,0.0,0.0,1.0,0.0,0.0,0.0,0.0,0.0,0.0,0.0,59.2,2.0,False,20.0,0.0,,50.42,0.426,22,4,0,False,False,False,False,6.2,False,False,test,2 days after,1
2000-01-14 23:00:00,1,7.1,synthetic,False,0.0,0.0,0.0,1.0,0.0,0.0,0.0,0.0,0.0,0.0,0.0,,,True,3.0,0.0,,50.5,0.367,23,4,0,False,False,False,False,5.6,False,False,test,2 days after,1
2000-01-14 23:05:00,1,7.1,synthetic,False,0.0,0.0,0.0,1.0,0.0,0.0,0.0,0.0,0.0,0.0,0.0,69.4,3.0,False,1.0,0.0,,50.58,0.312,23,4,0,False,False,False,False,5.6,False,False,test,2 days after,1
2000-01-14 23:10:00,1,7.4,synthetic,False,0.0,0.0,0.0,1.0,0.0,0.0,0.0,0.0,0.0,0.0,0.0,46.4,1.0,False,0.0,0.0,,50.67,0.261,23,4,0,False,False,False,False,5.3,False,False,test,2 days after,1
2000-01-14 23:15:00,1,7.7,synthetic,False,0.0,0.0,0.0,1.0,0.0,0.0,0.0,0.0,0.0,0.0,0.0,61.5,4.0,False,0.0,0.0,,50.75,0.215,23,4,0,False,False,False,False,5.1,False,False,test,2 days after,1
2000-01-14 23:20:00,1,7.4,synthetic,False,0.0,0.0,0.0,1.0,0.0,0.0,0.0,0.0,0.0,0.0,0.0,69.2,4.0,False,0.0,0.0,,50.83,0.173,23,4,0,False,False,False,False,5.2,False,False,test,2 days after,1
2000-01-14 23:25:00,1,6.2,synthetic,False,0.0,0.0,0.0,1.0,0.0,0.0,0.0,0.0,0.0,0.0,0.0,,,True,1.0,0.0,,50.92,0.136,23,4,0,False,False,False,False,5.8,False,False,test,2 days after,1
2000-01-14 23:30:00,1,5.6,synthetic,False,0.0,0.0,0.0,1.0,0.0,0.0,0.0,0.0,0.0,0.0,0.0,52.1,4.0,False,3.0,0.0,,51.0,0.103,23,4,0,False,False,False,False,6.0,False,False,test,2 days after,1
2000-01-14 23:35:00,1,5.6,synthetic,False,0.0,0.0,0.0,1.0,0.0,0.0,0.0,0.0,0.0,0.0,0.0,,,True,0.0,0.0,,51.08,0.075,23,4,0,False,False,False,False,6.6,False,False,test,2 days after,1
2000-01-14 23:40:00,1,5.3,synthetic,False,0.0,0.0,0.0,1.0,0.0,0.0,0.0,0.0,0.0,0.0,0.0,,,True,2.0,0.0,,51.17,0.052,23,4,0,False,False,False,False,7.4,False,False,test,2 days after,1
2000-01-14 23:45:00,1,5.1,synthetic,False,0.0,0.0,0.0,1.0,0.0,0.0,0.0,0.0,0.0,0.0,0.0,53.4,4.0,False,3.0,0.0,,51.25,0.032,23,4,0,False,False,False,False,7.2,True,True,test,2 days after,1
2000-01-14 23:50:00,1,5.2,synthetic,False,0.0,0.0,0.0,1.0,0.0,0.0,0.0,0.0,0.0,0.0,0.0,65.5,4.0,False,1.0,0.0,,51.33,0.018,23,4,0,False,False,False,False,7.3,True,True,test,2 days after,1
2000-01-14 23:55:00,1,5.8,synthetic,False,0.0,0.0,0.0,1.0,0.0,0.0,0.0,0.0,0.0,0.0,0.0,,,True,1.0,0.0,,51.42,0.007,23,4,0,False,False,False,False,7.0,True,True,test,2 days after,1
2000-01-15 00:00:00,1,6.0,synthetic,False,0.0,0.0,0.0,1.0,0.0,0.0,0.0,0.0,0.0,0.0,0.0,64.9,2.0,False,2.0,0.0,,51.5,0.002,0,5,0,False,False,False,False,7.1,True,True,test,exercise day,1
2000-01-15 00:05:00,1,6.6,synthetic,False,0.0,0.0,0.0,1.0,0.0,0.0,0.0,0.0,0.0,0.0,0.0,62.7,2.0,False,3.0,0.0,,51.58,0.0,0,5,0,False,False,False,False,7.0,True,True,test,exercise day,1
2000-01-15 00:10:00,1,7.4,synthetic,False,0.0,0.0,0.0,1.0,0.0,0.0,0.0,0.0,0.0,0.0,0.0,60.7,5.0,False,0.0,0.0,,51.67,0.0,0,5,0,False,False,False,False,7.0,True,True,test,exercise day,1
2000-01-15 00:15:00,1,7.2,synthetic,False,0.0,0.0,0.0,1.0,0.0,0.0,0.0,0.0,0.0,0.0,0.0,59.3,1.0,False,2.0,0.0,,51.75,0.0,0,5,0,False,False,False,False,6.6,True,True,test,exercise day,1
2000-01-15 00:20:00,1,7.3,synthetic,False,0.0,0.0,0.0,1.0,0.0,0.0,0.0,0.0,0.0,0.0,0.0,68.4,4.0,False,2.0,0.0,,51.83,0.0,0,5,0,False,False,False,False,5.8,True,True,test,exercise day,1
2000-01-15 00:25:00,1,7.0,synthetic,False,0.0,0.0,0.0,1.0,0.0,0.0,0.0,0.0,0.0,0.0,0.0,66.5,3.0,False,3.0,0.0,,51.92,0.0,0,5,0,False,False,False,False,5.5,True,True,test,exercise day,1
2000-01-15 00:30:00,1,7.1,synthetic,False,0.0,0.0,0.0,1.0,0.0,0.0,0.0,0.0,0.0,0.0,0.0,53.0,4.0,False,2.0,0.0,,52.0,0.0,0,5,0,False,False,False,False,5.1,True,True,test,exercise day,1
2000-01-15 00:35:00,1,7.0,synthetic,False,0.0,0.0,0.0,1.0,0.0,0.0,0.0,0.0,0.0,0.0,0.0,60.4,2.0,False,1.0,0.0,,52.08,0.0,0,5,0,False,False,False,False,5.0,True,True,test,exercise day,1
2000-01-15 00:40:00,1,7.0,synthetic,False,0.0,0.0,0.0,1.0,0.0,0.0,0.0,0.0,0.0,0.0,0.0,,,True,1.0,0.0,,52.17,0.0,0,5,0,False,False,False,False,4.8,True,True,test,exercise day,1
2000-01-15 00:45:00,1,6.6,synthetic,False,0.0,0.0,0.0,1.0,0.0,0.0,0.0,0.0,0.0,0.0,0.0,55.7,2.0,False,1.0,0.0,,52.25,0.0,0,5,0,False,False,False,False,4.4,True,True,test,exercise day,1
2000-01-15 00:50:00,1,5.8,synthetic,False,0.0,0.0,0.0,1.0,0.0,0.0,0.0,0.0,0.0,0.0,0.0,,,True,2.0,0.0,,52.33,0.0,0,5,0,False,False,False,False,5.0,True,True,test,exercise day,1
2000-01-15 00:55:00,1,5.5,synthetic,False,0.0,0.0,0.0,1.0,0.0,0.0,0.0,0.0,0.0,0.0,0.0,,,True,0.0,0.0,,52.42,0.0,0,5,0,False,False,False,False,4.4,True,True,test,exercise day,1
2000-01-15 01:00:00,1,5.1,synthetic,False,0.0,0.0,0.0,1.0,0.0,0.0,0.0,0.0,0.0,0.0,0.0,46.8,5.0,False,3.0,0.0,,52.5,0.0,1,5,0,False,False,False,False,4.4,True,True,test,exercise day,1
2000-01-15 01:05:00,1,5.0,synthetic,False,0.0,0.0,0.0,1.0,0.0,0.0,0.0,0.0,0.0,0.0,0.0,,,True,0.0,0.0,,52.58,0.0,1,5,0,False,False,False,False,4.6,True,True,test,exercise day,1
2000-01-15 01:10:00,1,4.8,synthetic,False,0.0,0.0,0.0,1.0,0.0,0.0,0.0,0.0,0.0,0.0,0.0,50.3,4.0,False,2.0,0.0,,52.67,0.0,1,5,0,False,False,False,False,4.7,True,True,test,exercise day,1
2000-01-15 01:15:00,1,4.4,synthetic,False,0.0,0.0,0.0,1.0,0.0,0.0,0.0,0.0,0.0,0.0,0.0,,,True,0.0,0.0,,52.75,0.0,1,5,0,False,False,False,False,4.4,True,True,test,exercise day,1
2000-01-15 01:20:00,1,5.0,synthetic,False,0.0,0.0,0.0,1.0,0.0,0.0,0.0,0.0,0.0,0.0,0.0,54.2,1.0,False,1.0,0.0,,52.83,0.0,1,5,0,False,False,False,False,4.3,True,True,test,exercise day,1
2000-01-15 01:25:00,1,4.4,synthetic,False,0.0,0.0,0.0,1.0,0.0,0.0,0.0,0.0,0.0,0.0,0.0,,,True,3.0,0.0,,52.92,0.0,1,5,0,False,False,False,False,4.6,True,True,test,exercise day,1
2000-01-15 01:30:00,1,4.4,synthetic,False,0.0,0.0,0.0,1.0,0.0,0.0,0.0,0.0,0.0,0.0,0.0,,,True,0.0,0.0,,53.0,0.0,1,5,0,False,False,False,False,5.1,True,True,test,exercise day,1
2000-01-15 01:35:00,1,4.6,synthetic,False,0.0,0.0,0.0,1.0,0.0,0.0,0.0,0.0,0.0,0.0,0.0,,,True,0.0,0.0,,53.08,0.0,1,5,0,False,False,False,False,5.3,True,True,test,exercise day,1
2000-01-15 01:40:00,1,4.7,synthetic,False,0.0,0.0,0.0,1.0,0.0,0.0,0.0,0.0,0.0,0.0,0.0,49.3,5.0,False,0.0,0.0,,53.17,0.0,1,5,0,False,False,False,False,4.6,True,True,test,exercise day,1
2000-01-15 01:45:00,1,4.4,synthetic,False,0.0,0.0,0.0,1.0,0.0,0.0,0.0,0.0,0.0,0.0,0.0,59.2,1.0,False,0.0,0.0,,53.25,0.0,1,5,0,False,False,False,False,4.9,True,True,test,exercise day,1
2000-01-15 01:50:00,1,4.3,synthetic,False,0.0,0.0,0.0,1.0,0.0,0.0,0.0,0.0,0.0,0.0,0.0,,,True,1.0,0.0,,53.33,0.0,1,5,0,False,False,False,False,5.4,True,True,test,exercise day,1
2000-01-15 01:55:00,1,4.6,synthetic,False,0.0,0.0,0.0,1.0,0.0,0.0,0.0,0.0,0.0,0.0,0.0,43.3,2.0,False,4.0,0.0,,53.42,0.0,1,5,0,False,False,False,False,4.7,True,True,test,exercise day,1
2000-01-15 02:00:00,1,5.1,synthetic,False,0.0,0.0,0.0,1.0,0.0,0.0,0.0,0.0,0.0,0.0,0.0,,,True,1.0,0.0,,53.5,0.0,2,5,0,False,False,False,False,4.6,True,True,test,exercise day,1
2000-01-15 02:05:00,1,5.3,synthetic,False,0.0,0.0,0.0,1.0,0.0,0.0,0.0,0.0,0.0,0.0,0.0,49.4,3.0,False,2.0,0.0,,53.58,0.0,2,5,0,False,False,False,False,5.3,True,True,test,exercise day,1
2000-01-15 02:10:00,1,4.6,synthetic,False,0.0,0.0,0.0,1.0,0.0,0.0,0.0,0.0,0.0,0.0,0.0,60.6,2.0,False,1.0,0.0,,53.67,0.0,2,5,0,False,False,False,False,5.7,True,True,test,exercise day,1
2000-01-15 02:15:00,1,4.9,synthetic,False,0.0,0.0,0.0,1.0,0.0,0.0,0.0,0.0,0.0,0.0,0.0,,,True,1.0,0.0,,53.75,0.0,2,5,0,False,False,False,False,6.2,True,True,test,exercise day,1
2000-01-15 02:20:00,1,5.4,synthetic,False,0.0,0.0,0.0,1.0,0.0,0.0,0.0,0.0,0.0,0.0,0.0,,,True,0.0,0.0,,53.83,0.0,2,5,0,False,False,False,False,6.6,True,True,test,exercise day,1
2000-01-15 02:25:00,1,4.7,synthetic,False,0.0,0.0,0.0,1.0,0.0,0.0,0.0,0.0,0.0,0.0,0.0,57.5,2.0,False,0.0,0.0,,53.92,0.0,2,5,0,False,False,False,False,5.8,True,True,test,exercise day,1
2000-01-15 02:30:00,1,4.6,synthetic,False,0.0,0.0,0.0,1.0,0.0,0.0,0.0,0.0,0.0,0.0,0.0,,,True,1.0,0.0,,54.0,0.0,2,5,0,False,False,False,False,6.3,True,True,test,exercise day,1
2000-01-15 02:35:00,1,5.3,synthetic,False,0.0,0.0,0.0,1.0,0.0,0.0,0.0,0.0,0.0,0.0,0.0,63.4,5.0,False,0.0,0.0,,54.08,0.0,2,5,0,False,False,False,False,6.1,True,True,test,exercise day,1
2000-01-15 02:40:00,1,5.7,synthetic,False,0.0,0.0,0.0,1.0,0.0,0.0,0.0,0.0,0.0,0.0,0.0,66.3,4.0,False,2.0,0.0,,54.17,0.0,2,5,0,False,False,False,False,5.9,True,True,test,exercise day,1
2000-01-15 02:45:00,1,6.2,synthetic,False,0.0,0.0,0.0,1.0,0.0,0.0,0.0,0.0,0.0,0.0,0.0,65.0,5.0,False,0.0,0.0,,54.25,0.0,2,5,0,False,False,False,False,5.9,True,True,test,exercise day,1
2000-01-15 02:50:00,1,6.6,synthetic,False,0.0,0.0,0.0,1.0,0.0,0.0,0.0,0.0,0.0,0.0,0.0,75.3,5.0,False,1.0,0.0,,54.33,0.0,2,5,0,False,False,False,False,6.2,True,True,test,exercise day,1
2000-01-15 02:55:00,1,5.8,synthetic,False,0.0,0.0,0.0,1.0,0.0,0.0,0.0,0.0,0.0,0.0,0.0,59.3,5.0,False,1.0,0.0,,54.42,0.0,2,5,0,False,False,False,False,6.4,True,True,test,exercise day,1
2000-01-15 03:00:00,1,6.3,synthetic,False,0.0,0.0,0.0,1.0,0.0,0.0,0.0,0.0,0.0,0.0,0.0,52.8,5.0,False,0.0,0.0,,54.5,0.0,3,5,0,False,False,False,False,6.8,True,True,test,exercise day,1
2000-01-15 03:05:00,1,6.1,synthetic,False,0.0,0.0,0.0,0.0,1.0,0.0,0.0,0.1078,0.0,0.0,0.0,42.2,4.0,False,1.0,0.0,,54.58,0.0,3,5,0,False,False,False,False,6.7,True,True,test,exercise day,1
2000-01-15 03:10:00,1,5.9,synthetic,False,0.0,0.0,0.0,0.0,1.0,0.0,0.0,0.1078,0.0,0.0,0.0,58.3,3.0,False,0.0,0.0,,54.67,0.106,3,5,0,False,False,False,False,6.6,True,True,test,exercise day,1
2000-01-15 03:15:00,1,5.9,synthetic,False,0.0,0.0,0.0,0.0,1.0,0.0,0.0,0.1078,0.0,0.0,0.0,,,True,0.0,0.0,,54.75,0.207,3,5,0,False,False,False,False,6.4,True,True,test,exercise day,1
2000-01-15 03:20:00,1,6.2,synthetic,False,0.0,0.0,0.0,0.0,1.0,0.0,0.0,0.1078,0.0,0.0,0.0,,,True,2.0,0.0,,54.83,0.303,3,5,0,False,False,False,False,6.0,True,True,test,exercise day,1
2000-01-15 03:25:00,1,6.4,synthetic,False,0.0,0.0,0.0,0.0,1.0,0.0,0.0,0.1078,0.0,0.0,0.0,59.4,4.0,False,3.0,0.0,,54.92,0.395,3,5,0,False,False,False,False,6.1,True,True,test,exercise day,1
2000-01-15 03:30:00,1,6.8,synthetic,False,0.0,0.0,0.0,0.0,1.0,0.0,0.0,0.1078,0.0,0.0,0.0,47.9,1.0,False,1.0,0.0,,55.0,0.483,3,5,0,False,False,False,False,6.0,True,True,test,exercise day,1
2000-01-15 03:35:00,1,6.7,synthetic,False,0.0,0.0,0.0,0.0,1.0,0.0,0.0,0.1078,0.0,0.0,0.0,72.4,4.0,False,2.0,0.0,,55.08,0.566,3,5,0,False,False,False,False,6.1,True,True,test,exercise day,1
2000-01-15 03:40:00,1,6.6,synthetic,False,0.0,0.0,0.0,0.0,1.0,0.0,0.0,0.1078,0.0,0.0,0.0,,,True,1.0,0.0,,55.17,0.645,3,5,0,False,False,False,False,5.5,True,True,test,exercise day,1
2000-01-15 03:45:00,1,6.4,synthetic,False,0.0,0.0,0.0,0.0,1.0,0.0,0.0,0.1078,0.0,0.0,0.0,44.2,4.0,False,1.0,0.0,,55.25,0.719,3,5,0,False,False,False,False,4.8,True,True,test,exercise day,1
2000-01-15 03:50:00,1,6.0,synthetic,False,0.0,0.0,0.0,0.0,1.0,0.0,0.0,0.1078,0.0,0.0,0.0,,,True,0.0,0.0,,55.33,0.788,3,5,0,False,False,False,False,4.2,True,True,test,exercise day,1
2000-01-15 03:55:00,1,6.1,synthetic,False,0.0,0.0,0.0,0.0,1.0,0.0,0.0,0.1078,0.0,0.0,0.0,50.5,2.0,False,1.0,0.0,,55.42,0.853,3,5,0,False,False,False,False,4.9,True,True,test,exercise day,1
2000-01-15 04:00:00,1,6.0,synthetic,False,0.0,0.0,0.0,0.0,1.0,0.0,0.0,0.1078,0.0,0.0,0.0,,,True,0.0,0.0,,55.5,0.914,4,5,0,False,False,False,False,4.8,True,True,test,exercise day,1
2000-01-15 04:05:00,1,6.1,synthetic,False,0.0,0.0,0.0,0.0,1.0,0.0,0.0,0.1078,0.0,0.0,0.0,39.3,4.0,False,1.0,0.0,,55.58,0.97,4,5,0,False,False,False,False,4.5,True,True,test,exercise day,1
2000-01-15 04:10:00,1,5.5,synthetic,False,0.0,0.0,0.0,0.0,1.0,0.0,0.0,0.1078,0.0,0.0,0.0,52.4,1.0,False,1.0,0.0,,55.67,1.022,4,5,0,False,False,False,False,4.8,True,True,test,exercise day,1
2000-01-15 04:15:00,1,4.8,synthetic,False,0.0,0.0,0.0,0.0,1.0,0.0,0.0,0.1078,0.0,0.0,0.0,40.5,4.0,False,1.0,0.0,,55.75,1.069,4,5,0,False,False,False,False,4.7,True,True,test,exercise day,1
2000-01-15 04:20:00,1,4.2,synthetic,False,0.0,0.0,0.0,0.0,1.0,0.0,0.0,0.1078,0.0,0.0,0.0,,,True,3.0,0.0,,55.83,1.112,4,5,0,False,False,False,False,4.5,True,True,test,exercise day,1
2000-01-15 04:25:00,1,4.9,synthetic,False,0.0,0.0,0.0,0.0,1.0,0.0,0.0,0.1078,0.0,0.0,0.0,,,True,2.0,0.0,,55.92,1.15,4,5,0,False,False,False,False,5.0,True,True,test,exercise day,1
2000-01-15 04:30:00,1,4.8,synthetic,False,0.0,0.0,0.0,0.0,1.0,0.0,0.0,0.1078,0.0,0.0,0.0,,,True,0.0,0.0,,56.0,1.184,4,5,0,False,False,False,False,4.0,True,True,test,exercise day,1
2000-01-15 04:35:00,1,4.5,synthetic,False,0.0,0.0,0.0,0.0,1.0,0.0,0.0,0.1078,0.0,0.0,0.0,,,True,1.0,0.0,,56.08,1.213,4,5,0,False,False,False,False,4.2,True,True,test,exercise day,1
2000-01-15 04:40:00,1,4.8,synthetic,False,0.0,0.0,0.0,1.0,0.0,0.0,0.0,0.0,0.0,0.0,0.0,54.0,1.0,False,3.0,0.0,,56.17,1.237,4,5,0,False,False,False,False,4.5,True,True,test,exercise day,1
2000-01-15 04:45:00,1,4.7,synthetic,False,0.0,0.0,0.0,1.0,0.0,0.0,0.0,0.0,0.0,0.0,0.0,45.7,1.0,False,0.0,0.0,,56.25,1.152,4,5,0,False,False,False,False,4.6,True,True,test,exercise day,1
2000-01-15 04:50:00,1,4.5,synthetic,False,0.0,0.0,0.0,1.0,0.0,0.0,0.0,0.0,0.0,0.0,0.0,56.8,5.0,False,0.0,0.0,,56.33,1.067,4,5,0,False,False,False,False,3.9,True,True,test,exercise day,1
2000-01-15 04:55:00,1,5.0,synthetic,False,0.0,0.0,0.0,1.0,0.0,0.0,0.0,0.0,0.0,0.0,0.0,53.2,3.0,False,4.0,0.0,,56.42,0.981,4,5,0,False,False,False,False,3.9,True,True,test,exercise day,1
2000-01-15 05:00:00,1,4.0,synthetic,False,0.0,0.0,0.0,1.0,0.0,0.0,0.0,0.0,0.0,0.0,0.0,,,True,0.0,0.0,,56.5,0.896,5,5,0,False,False,False,False,3.9,True,True,test,exercise day,1
2000-01-15 05:05:00,1,4.2,synthetic,False,0.0,0.0,0.0,1.0,0.0,0.0,0.0,0.0,0.0,0.0,0.0,49.2,4.0,False,0.0,0.0,,56.58,0.811,5,5,0,False,False,False,False,4.6,True,True,test,exercise day,1
2000-01-15 05:10:00,1,4.5,synthetic,False,0.0,0.0,0.0,1.0,0.0,0.0,0.0,0.0,0.0,0.0,0.0,58.0,4.0,False,1.0,0.0,,56.67,0.728,5,5,0,False,False,False,False,4.3,True,True,test,exercise day,1
2000-01-15 05:15:00,1,4.6,synthetic,False,0.0,0.0,0.0,1.0,0.0,0.0,0.0,0.0,0.0,0.0,0.0,52.4,4.0,False,0.0,0.0,,56.75,0.649,5,5,0,False,False,False,False,4.8,True,True,test,exercise day,1
2000-01-15 05:20:00,1,3.9,synthetic,False,0.0,0.0,0.0,1.0,0.0,0.0,0.0,0.0,0.0,0.0,0.0,,,True,2.0,0.0,,56.83,0.575,5,5,0,False,False,False,False,4.5,True,True,test,exercise day,1
2000-01-15 05:25:00,1,3.9,synthetic,False,0.0,0.0,0.0,1.0,0.0,0.0,0.0,0.0,0.0,0.0,0.0,,,True,0.0,0.0,,56.92,0.505,5,5,0,False,False,False,False,4.4,True,True,test,exercise day,1
2000-01-15 05:30:00,1,3.9,synthetic,False,0.0,0.0,0.0,1.0,0.0,0.0,0.0,0.0,0.0,0.0,0.0,,,True,0.0,0.0,,57.0,0.44,5,5,0,False,False,False,False,4.0,True,True,test,exercise day,1
2000-01-15 05:35:00,1,4.6,synthetic,False,0.0,0.0,0.0,1.0,0.0,0.0,0.0,0.0,0.0,0.0,0.0,46.0,1.0,False,2.0,0.0,,57.08,0.38,5,5,0,False,False,False,False,4.2,True,True,test,exercise day,1
2000-01-15 05:40:00,1,4.3,synthetic,False,0.0,0.0,0.0,1.0,0.0,0.0,0.0,0.0,0.0,0.0,0.0,60.5,4.0,False,2.0,0.0,,57.17,0.323,5,5,0,False,False,False,False,4.5,True,True,test,exercise day,1
2000-01-15 05:45:00,1,4.8,synthetic,False,0.0,0.0,0.0,1.0,0.0,0.0,0.0,0.0,0.0,0.0,0.0,51.4,1.0,False,0.0,0.0,,57.25,0.272,5,5,0,False,False,False,False,,True,False,test,exercise day,1
2000-01-15 05:50:00,1,4.5,synthetic,False,0.0,0.0,0.0,1.0,0.0,0.0,0.0,0.0,0.0,0.0,0.0,49.0,5.0,False,1.0,0.0,,57.33,0.225,5,5,0,False,False,False,False,4.7,True,True,test,exercise day,1
2000-01-15 05:55:00,1,4.4,synthetic,False,0.0,0.0,0.0,1.0,0.0,0.0,0.0,0.0,0.0,0.0,0.0,,,True,2.0,0.0,,57.42,0.182,5,5,0,False,False,False,False,5.7,True,True,test,exercise day,1
2000-01-15 06:00:00,1,4.0,synthetic,False,0.0,0.0,0.0,1.0,0.0,0.0,0.0,0.0,0.0,0.0,0.0,,,True,0.0,0.0,,57.5,0.144,6,5,0,False,False,False,False,6.6,True,True,test,exercise day,1
2000-01-15 06:05:00,1,4.2,synthetic,False,1.49,33.1,1.49,1.0,0.0,0.0,0.0,0.0,0.0,0.0,0.0,,,True,3.0,0.0,,57.58,0.11,6,5,0,False,False,False,False,7.4,True,True,test,exercise day,1
2000-01-15 06:10:00,1,4.5,synthetic,False,0.0,0.0,1.428,1.0,0.0,0.0,0.0,0.0,0.0,0.0,0.0,,,True,3.0,0.0,,57.67,0.081,6,5,0,False,False,False,False,7.7,True,True,test,exercise day,1
2000-01-15 06:15:00,1,,,False,0.0,0.0,1.366,0.0,1.0,0.0,0.0,0.1078,0.0,0.0,0.0,54.4,4.0,False,1.0,0.0,,57.75,0.056,6,5,0,False,False,False,True,7.0,False,False,test,exercise day,1
2000-01-15 06:20:00,1,4.7,synthetic,False,0.0,0.0,1.303,0.0,1.0,0.0,0.0,0.1078,0.0,0.0,0.0,,,True,1.0,0.0,,57.83,0.141,6,5,0,False,False,False,False,7.5,False,False,test,exercise day,1
2000-01-15 06:25:00,1,5.7,synthetic,False,0.0,0.0,1.241,0.0,1.0,0.0,0.0,0.1078,0.0,0.0,0.0,56.8,4.0,False,2.0,0.0,,57.92,0.227,6,5,0,False,False,False,False,7.7,False,False,test,exercise day,1
2000-01-15 06:30:00,1,6.6,synthetic,False,0.0,0.0,1.179,0.0,1.0,0.0,0.0,0.1078,0.0,0.0,0.0,,,True,1.0,0.0,,58.0,0.312,6,5,0,False,False,False,False,8.2,False,False,test,exercise day,1
2000-01-15 06:35:00,1,7.4,synthetic,False,0.0,0.0,1.117,0.0,1.0,0.0,0.0,0.1078,0.0,0.0,0.0,43.9,1.0,False,2.0,0.0,,58.08,0.398,6,5,0,False,False,False,False,8.1,False,False,test,exercise day,1
2000-01-15 06:40:00,1,7.7,synthetic,False,0.0,0.0,1.055,0.0,1.0,0.0,0.0,0.1078,0.0,0.0,0.0,35.7,3.0,False,2.0,0.0,,58.17,0.483,6,5,0,False,False,False,False,7.0,False,False,test,exercise day,1
2000-01-15 06:45:00,1,7.0,synthetic,False,0.0,0.0,0.993,0.0,1.0,0.0,0.0,0.1078,0.0,0.0,0.0,52.5,4.0,False,3.0,0.0,,58.25,0.566,6,5,0,False,False,False,False,6.6,False,False,test,exercise day,1
2000-01-15 06:50:00,1,7.5,synthetic,False,0.0,0.0,0.931,0.0,1.0,0.0,0.0,0.1078,0.0,0.0,0.0,39.9,1.0,False,2.0,0.0,,58.33,0.645,6,5,0,False,False,False,False,6.9,False,False,test,exercise day,1
2000-01-15 06:55:00,1,7.7,synthetic,False,0.0,0.0,0.869,0.0,1.0,0.0,0.0,0.1078,0.0,0.0,0.0,,,True,3.0,0.0,,58.42,0.719,6,5,0,False,False,False,False,7.6,False,False,test,exercise day,1
2000-01-15 07:00:00,1,8.2,synthetic,False,0.0,0.0,0.807,0.0,1.0,0.0,0.0,0.1078,0.0,0.0,0.0,40.9,4.0,False,21.0,0.0,,58.5,0.788,7,5,0,False,False,False,False,6.8,False,False,test,exercise day,1
2000-01-15 07:05:00,1,8.1,synthetic,False,0.0,0.0,0.745,0.0,1.0,0.0,0.0,0.1078,0.0,0.0,0.0,53.3,1.0,False,31.0,0.0,,58.58,0.853,7,5,0,False,False,False,False,7.0,False,False,test,exercise day,1
2000-01-15 07:10:00,1,7.0,synthetic,False,0.0,0.0,0.683,0.0,1.0,0.0,0.0,0.1078,0.0,0.0,0.0,37.0,4.0,False,24.0,0.0,,58.67,0.914,7,5,0,False,False,False,False,6.9,False,False,test,exercise day,1
2000-01-15 07:15:00,1,6.6,synthetic,False,0.0,0.0,0.621,0.0,1.0,0.0,0.0,0.1078,0.0,0.0,0.0,45.8,1.0,False,24.0,0.0,,58.75,0.97,7,5,0,False,False,False,False,7.2,True,True,test,exercise day,1
2000-01-15 07:20:00,1,6.9,synthetic,False,0.0,0.0,0.559,0.0,1.0,0.0,0.0,0.1078,0.0,0.0,0.0,,,True,23.0,0.0,,58.83,1.022,7,5,0,False,False,False,False,7.6,True,True,test,exercise day,1
2000-01-15 07:25:00,1,7.6,synthetic,False,0.0,0.0,0.497,0.0,1.0,0.0,0.0,0.1078,0.0,0.0,0.0,,,True,22.0,0.0,,58.92,1.069,7,5,0,False,False,False,False,7.6,True,True,test,exercise day,1
2000-01-15 07:30:00,1,6.8,synthetic,False,0.0,0.0,0.434,0.0,0.0,1.0,0.0,0.0833,0.0,0.0,0.0,64.4,5.0,False,23.0,0.0,,59.0,1.112,7,5,0,False,False,False,False,7.5,True,True,test,exercise day,1
2000-01-15 07:35:00,1,7.0,synthetic,False,0.0,0.0,0.372,0.0,1.0,0.0,0.0,0.1078,0.0,0.0,0.0,52.2,5.0,False,24.0,0.0,,59.08,1.126,7,5,0,False,False,False,False,6.7,True,True,test,exercise day,1
2000-01-15 07:40:00,1,6.9,synthetic,False,0.0,0.0,0.31,0.0,1.0,0.0,0.0,0.1078,0.0,0.0,0.0,46.6,5.0,False,25.0,0.0,,59.17,1.161,7,5,0,False,False,False,False,6.3,True,True,test,exercise day,1
2000-01-15 07:45:00,1,7.2,synthetic,False,0.0,0.0,0.248,0.0,1.0,0.0,0.0,0.1078,0.0,0.0,0.0,53.1,5.0,False,28.0,0.0,,59.25,1.191,7,5,0,False,False,False,False,6.1,True,True,test,exercise day,1
2000-01-15 07:50:00,1,7.6,synthetic,False,0.0,0.0,0.186,0.0,1.0,0.0,0.0,0.1078,0.0,0.0,0.0,51.0,5.0,False,16.0,0.0,,59.33,1.217,7,5,0,False,False,False,False,5.8,True,True,test,exercise day,1
2000-01-15 07:55:00,1,7.6,synthetic,False,0.0,0.0,0.124,0.0,1.0,0.0,0.0,0.1078,0.0,0.0,0.0,43.5,5.0,False,29.0,0.0,,59.42,1.238,7,5,0,False,False,False,False,5.6,True,True,test,exercise day,1
2000-01-15 08:00:00,1,7.5,synthetic,False,0.0,0.0,0.062,0.0,1.0,0.0,0.0,0.1078,0.0,0.0,0.0,59.2,4.0,False,24.0,0.0,,59.5,1.255,8,5,0,False,False,False,False,5.9,True,True,test,exercise day,1
2000-01-15 08:05:00,1,6.7,synthetic,False,0.0,0.0,0.0,0.0,1.0,0.0,0.0,0.1078,0.0,0.0,0.0,54.4,4.0,False,24.0,0.0,,59.58,1.267,8,5,0,False,False,False,False,6.0,True,True,test,exercise day,1
2000-01-15 08:10:00,1,6.3,synthetic,False,0.0,0.0,0.0,0.0,1.0,0.0,0.0,0.1078,0.0,0.0,0.0,46.5,3.0,False,24.0,0.0,,59.67,1.275,8,5,0,False,False,False,False,5.6,True,True,test,exercise day,1
2000-01-15 08:15:00,1,6.1,synthetic,False,0.0,0.0,0.0,0.0,1.0,0.0,0.0,0.1078,0.0,0.0,0.0,47.3,3.0,False,28.0,0.0,,59.75,1.278,8,5,0,False,False,False,False,5.6,True,True,test,exercise day,1
2000-01-15 08:20:00,1,5.8,synthetic,False,0.0,0.0,0.0,0.0,1.0,0.0,0.0,0.1078,0.0,0.0,0.0,47.7,2.0,False,18.0,0.0,,59.83,1.279,8,5,0,False,False,False,False,6.1,True,True,test,exercise day,1
2000-01-15 08:25:00,1,5.6,synthetic,False,0.0,0.0,0.0,0.0,1.0,0.0,0.0,0.1078,0.0,0.0,0.0,46.1,1.0,False,30.0,0.0,,59.92,1.28,8,5,0,False,False,False,False,6.8,True,True,test,exercise day,1
2000-01-15 08:30:00,1,5.9,synthetic,False,0.73,5.0,0.732,0.0,1.0,0.0,0.0,0.1078,0.0,0.0,0.0,56.2,3.0,False,19.0,0.0,,60.0,1.281,8,5,0,False,False,False,False,6.5,True,True,test,exercise day,1
2000-01-15 08:35:00,1,6.0,synthetic,False,0.0,0.0,0.701,0.0,1.0,0.0,0.0,0.1078,0.0,0.0,0.0,44.2,3.0,False,14.0,0.0,,60.08,1.282,8,5,0,False,False,False,False,7.1,True,True,test,exercise day,1
2000-01-15 08:40:00,1,5.6,synthetic,False,4.19,7.9,4.859,0.0,1.0,0.0,0.0,0.1078,0.0,0.0,0.0,,,True,15.0,0.0,,60.17,1.283,8,5,0,False,False,False,False,7.2,True,True,test,exercise day,1
2000-01-15 08:45:00,1,5.6,synthetic,False,0.0,0.0,4.654,0.0,1.0,0.0,0.0,0.1078,0.0,0.0,0.0,,,True,10.0,0.0,,60.25,1.284,8,5,0,False,False,False,False,7.6,True,True,test,exercise day,1
2000-01-15 08:50:00,1,6.1,synthetic,False,0.0,0.0,4.449,0.0,1.0,0.0,0.0,0.1078,0.0,0.0,0.0,55.2,2.0,False,13.0,0.0,,60.33,1.285,8,5,0,False,False,False,False,8.2,True,True,test,exercise day,1
2000-01-15 08:55:00,1,6.8,synthetic,False,0.0,0.0,4.244,1.0,0.0,0.0,0.0,0.0,0.0,0.0,0.0,,,True,30.0,0.0,,60.42,1.286,8,5,0,False,False,False,False,8.9,True,True,test,exercise day,1
2000-01-15 09:00:00,1,6.5,synthetic,False,0.0,0.0,4.039,1.0,0.0,0.0,0.0,0.0,0.0,0.0,0.0,45.5,5.0,False,28.0,0.0,,60.5,1.181,9,5,0,False,False,False,False,9.6,True,True,test,exercise day,1
2000-01-15 09:05:00,1,7.1,synthetic,False,0.0,0.0,3.834,1.0,0.0,0.0,0.0,0.0,0.0,0.0,0.0,,,True,24.0,0.0,,60.58,1.081,9,5,0,False,False,False,False,10.6,True,True,test,exercise day,1
2000-01-15 09:10:00,1,7.2,synthetic,False,0.0,0.0,3.629,1.0,0.0,0.0,0.0,0.0,0.0,0.0,0.0,47.0,4.0,False,22.0,0.0,,60.67,0.986,9,5,0,False,False,False,False,11.2,True,True,test,exercise day,1
2000-01-15 09:15:00,1,7.6,synthetic,False,5.96,51.5,9.386,1.0,0.0,0.0,0.0,0.0,0.0,0.0,0.0,52.6,5.0,False,24.0,0.0,,60.75,0.895,9,5,0,False,False,False,False,12.0,True,True,test,exercise day,1
2000-01-15 09:20:00,1,8.2,synthetic,False,0.0,0.0,8.933,1.0,0.0,0.0,0.0,0.0,0.0,0.0,0.0,,,True,32.0,0.0,,60.83,0.808,9,5,0,False,False,False,False,12.1,True,True,test,exercise day,1
2000-01-15 09:25:00,1,8.9,synthetic,False,0.0,0.0,8.479,1.0,0.0,0.0,0.0,0.0,0.0,0.0,0.0,56.3,1.0,False,26.0,0.0,,60.92,0.726,9,5,0,False,False,False,False,13.3,True,True,test,exercise day,1
2000-01-15 09:30:00,1,9.6,synthetic,False,1.22,21.1,9.244,0.0,1.0,0.0,0.0,0.1078,0.0,0.0,0.0,57.1,4.0,False,15.0,0.0,,61.0,0.649,9,5,0,False,False,False,False,14.0,True,True,test,exercise day,1
2000-01-15 09:35:00,1,10.6,synthetic,False,0.0,0.0,8.74,0.0,1.0,0.0,0.0,0.1078,0.0,0.0,0.0,59.3,5.0,False,26.0,0.0,,61.08,0.68,9,5,0,False,False,False,False,14.6,True,True,test,exercise day,1
2000-01-15 09:40:00,1,11.2,synthetic,False,0.0,0.0,8.236,0.0,1.0,0.0,0.0,0.1078,0.0,0.0,0.0,,,True,21.0,0.0,,61.17,0.712,9,5,0,False,False,False,False,15.0,True,True,test,exercise day,1
2000-01-15 09:45:00,1,12.0,synthetic,False,1.37,5.0,9.103,0.0,1.0,0.0,0.0,0.1078,0.0,0.0,0.0,53.3,2.0,False,22.0,0.0,,61.25,0.743,9,5,0,False,False,False,False,15.7,True,True,test,exercise day,1
2000-01-15 09:50:00,1,12.1,synthetic,False,0.0,0.0,8.541,0.0,1.0,0.0,0.0,0.1078,0.0,0.0,0.0,57.2,5.0,False,34.0,0.0,,61.33,0.775,9,5,0,False,False,False,False,15.1,True,True,test,exercise day,1
2000-01-15 09:55:00,1,13.3,synthetic,False,0.0,0.0,7.98,1.0,0.0,0.0,0.0,0.0,0.0,0.0,0.0,41.0,4.0,False,32.0,0.0,,61.42,0.806,9,5,0,False,False,False,False,15.1,True,True,test,exercise day,1
2000-01-15 10:00:00,1,14.0,synthetic,False,0.0,0.0,7.419,1.0,0.0,0.0,0.0,0.0,0.0,0.0,0.0,,,True,28.0,0.0,,61.5,0.732,10,5,0,False,False,False,False,15.4,True,True,test,exercise day,1
2000-01-15 10:05:00,1,14.6,synthetic,False,0.0,0.0,6.857,1.0,0.0,0.0,0.0,0.0,0.0,0.0,0.0,51.6,3.0,False,23.0,0.0,,61.58,0.663,10,5,0,False,False,False,False,14.7,True,True,test,exercise day,1
2000-01-15 10:10:00,1,15.0,synthetic,False,0.0,0.0,6.296,1.0,0.0,0.0,0.0,0.0,0.0,0.0,0.0,48.3,1.0,False,27.0,0.0,,61.67,0.597,10,5,0,False,False,False,False,14.0,True,True,test,exercise day,1
2000-01-15 10:15:00,1,15.7,synthetic,False,0.0,0.0,5.735,1.0,0.0,0.0,0.0,0.0,0.0,0.0,0.0,54.7,5.0,False,27.0,0.0,,61.75,0.537,10,5,0,False,False,False,False,13.6,True,True,test,exercise day,1
2000-01-15 10:20:00,1,15.1,synthetic,False,0.0,0.0,5.173,1.0,0.0,0.0,0.0,0.0,0.0,0.0,0.0,59.1,2.0,False,28.0,0.0,,61.83,0.481,10,5,0,False,False,False,False,13.0,True,True,test,exercise day,1
2000-01-15 10:25:00,1,15.1,synthetic,False,0.0,0.0,4.612,1.0,0.0,0.0,0.0,0.0,0.0,0.0,0.0,34.8,5.0,False,17.0,0.0,,61.92,0.429,10,5,0,False,False,False,False,13.5,True,True,test,exercise day,1
2000-01-15 10:30:00,1,15.4,synthetic,False,0.0,0.0,4.051,1.0,0.0,0.0,0.0,0.0,0.0,0.0,0.0,,,True,15.0,0.0,,62.0,0.382,10,5,0,False,False,False,False,12.8,True,True,test,exercise day,1
2000-01-15 10:35:00,1,14.7,synthetic,False,0.0,0.0,3.52,1.0,0.0,0.0,0.0,0.0,0.0,0.0,0.0,51.3,2.0,False,28.0,0.0,,62.08,0.339,10,5,0,False,False,False,False,12.4,True,True,test,exercise day,1
2000-01-15 10:40:00,1,14.0,synthetic,False,0.0,0.0,2.989,1.0,0.0,0.0,0.0,0.0,0.0,0.0,0.0,,,True,25.0,0.0,,62.17,0.301,10,5,0,False,False,False,False,12.2,True,True,test,exercise day,1
2000-01-15 10:45:00,1,13.6,synthetic,False,0.0,0.0,2.633,1.0,0.0,0.0,0.0,0.0,0.0,0.0,0.0,,,True,22.0,0.0,,62.25,0.267,10,5,0,False,False,False,False,12.7,True,True,test,exercise day,1
2000-01-15 10:50:00,1,13.0,synthetic,False,0.0,0.0,2.277,1.0,0.0,0.0,0.0,0.0,0.0,0.0,0.0,,,True,29.0,0.0,,62.33,0.238,10,5,0,False,False,False,False,12.3,True,True,test,exercise day,1
2000-01-15 10:55:00,1,13.5,synthetic,False,0.0,0.0,1.92,1.0,0.0,0.0,0.0,0.0,0.0,0.0,0.0,49.3,5.0,False,27.0,0.0,,62.42,0.213,10,5,0,False,False,False,False,11.9,True,True,test,exercise day,1
2000-01-15 11:00:00,1,12.8,synthetic,False,0.0,0.0,1.564,1.0,0.0,0.0,0.0,0.0,0.0,0.0,0.0,47.4,1.0,False,27.0,0.0,,62.5,0.191,11,5,0,False,False,False,False,11.4,True,True,test,exercise day,1
2000-01-15 11:05:00,1,12.4,synthetic,False,0.0,0.0,1.208,1.0,0.0,0.0,0.0,0.0,0.0,0.0,0.0,46.1,2.0,False,19.0,0.0,,62.58,0.168,11,5,0,False,False,False,False,11.3,True,True,test,exercise day,1
2000-01-15 11:10:00,1,12.2,synthetic,False,0.0,0.0,0.851,1.0,0.0,0.0,0.0,0.0,0.0,0.0,0.0,,,True,23.0,0.0,,62.67,0.146,11,5,0,False,False,False,False,11.5,True,True,test,exercise day,1
2000-01-15 11:15:00,1,12.7,synthetic,False,0.0,0.0,0.495,1.0,0.0,0.0,0.0,0.0,0.0,0.0,0.0,54.2,3.0,False,17.0,0.0,,62.75,0.124,11,5,0,False,False,False,False,10.8,True,True,test,exercise day,1
2000-01-15 11:20:00,1,12.3,synthetic,False,0.0,0.0,0.387,1.0,0.0,0.0,0.0,0.0,0.0,0.0,0.0,,,True,27.0,0.0,,62.83,0.101,11,5,0,False,False,False,False,10.6,True,True,test,exercise day,1
2000-01-15 11:25:00,1,11.9,synthetic,False,0.0,0.0,0.279,1.0,0.0,0.0,0.0,0.0,0.0,0.0,0.0,43.4,4.0,False,25.0,0.0,,62.92,0.079,11,5,0,False,False,False,False,10.1,True,True,test,exercise day,1
2000-01-15 11:30:00,1,11.4,synthetic,False,0.0,0.0,0.171,1.0,0.0,0.0,0.0,0.0,0.0,0.0,0.0,45.1,4.0,False,27.0,0.0,,63.0,0.056,11,5,0,False,False,False,False,9.1,True,True,test,exercise day,1
2000-01-15 11:35:00,1,11.3,synthetic,False,0.0,0.0,0.114,1.0,0.0,0.0,0.0,0.0,0.0,0.0,0.0,,,True,27.0,0.0,,63.08,0.036,11,5,0,False,False,False,False,8.9,True,True,test,exercise day,1
2000-01-15 11:40:00,1,11.5,synthetic,False,0.0,0.0,0.057,1.0,0.0,0.0,0.0,0.0,0.0,0.0,0.0,45.9,1.0,False,23.0,0.0,,63.17,0.02,11,5,0,False,False,False,False,8.9,True,True,test,exercise day,1
2000-01-15 11:45:00,1,10.8,synthetic,False,0.0,0.0,0.0,1.0,0.0,0.0,0.0,0.0,0.0,0.0,0.0,53.2,3.0,False,27.0,0.0,,63.25,0.009,11,5,0,False,False,False,False,8.6,True,True,test,exercise day,1
2000-01-15 11:50:00,1,10.6,synthetic,False,0.0,0.0,0.0,1.0,0.0,0.0,0.0,0.0,0.0,0.0,0.0,50.5,5.0,False,24.0,0.0,,63.33,0.002,11,5,0,False,False,False,False,8.5,True,True,test,exercise day,1
2000-01-15 11:55:00,1,10.1,synthetic,False,0.0,0.0,0.0,1.0,0.0,0.0,0.0,0.0,0.0,0.0,0.0,62.4,1.0,False,24.0,0.0,,63.42,0.0,11,5,0,False,False,False,False,8.1,True,True,test,exercise day,1
2000-01-15 12:00:00,1,9.1,synthetic,False,0.0,0.0,0.0,1.0,0.0,0.0,0.0,0.0,0.0,0.0,0.0,46.9,4.0,False,23.0,0.0,,63.5,0.0,12,5,0,False,False,False,False,8.1,True,True,test,exercise day,1
2000-01-15 12:05:00,1,8.9,synthetic,False,0.0,0.0,0.0,1.0,0.0,0.0,0.0,0.0,0.0,0.0,0.0,58.0,2.0,False,18.0,0.0,,63.58,0.0,12,5,0,False,False,False,False,8.1,True,True,test,exercise day,1
2000-01-15 12:10:00,1,8.9,synthetic,False,0.0,0.0,0.0,1.0,0.0,0.0,0.0,0.0,0.0,0.0,0.0,,,True,27.0,0.0,,63.67,0.0,12,5,0,False,False,False,False,8.2,True,True,test,exercise day,1
2000-01-15 12:15:00,1,8.6,synthetic,False,0.0,0.0,0.0,1.0,0.0,0.0,0.0,0.0,0.0,0.0,0.0,50.8,5.0,False,41.0,0.0,,63.75,0.0,12,5,0,False,False,False,False,8.0,True,True,test,exercise day,1
2000-01-15 12:20:00,1,8.5,synthetic,False,0.0,0.0,0.0,1.0,0.0,0.0,0.0,0.0,0.0,0.0,0.0,,,True,25.0,0.0,,63.83,0.0,12,5,0,False,False,False,False,8.4,True,True,test,exercise day,1
2000-01-15 12:25:00,1,8.1,synthetic,False,0.0,0.0,0.0,1.0,0.0,0.0,0.0,0.0,0.0,0.0,0.0,45.3,2.0,False,26.0,0.0,,63.92,0.0,12,5,0,False,False,False,False,8.0,True,True,test,exercise day,1
2000-01-15 12:30:00,1,8.1,synthetic,False,0.0,0.0,0.0,1.0,0.0,0.0,0.0,0.0,0.0,0.0,0.0,,,True,24.0,0.0,,64.0,0.0,12,5,0,False,False,False,False,7.7,True,True,test,exercise day,1
2000-01-15 12:35:00,1,8.1,synthetic,False,0.0,0.0,0.0,1.0,0.0,0.0,0.0,0.0,0.0,0.0,0.0,,,True,21.0,0.0,,64.08,0.0,12,5,0,False,False,False,False,8.3,True,True,test,exercise day,1
2000-01-15 12:40:00,1,8.2,synthetic,False,0.0,0.0,0.0,1.0,0.0,0.0,0.0,0.0,0.0,0.0,0.0,,,True,25.0,0.0,,64.17,0.0,12,5,0,False,False,False,False,8.6,True,True,test,exercise day,1
2000-01-15 12:45:00,1,8.0,synthetic,False,0.0,0.0,0.0,0.0,1.0,0.0,0.0,0.1078,0.0,0.0,0.0,,,True,30.0,0.0,,64.25,0.0,12,5,0,False,False,False,False,8.7,True,True,test,exercise day,1
2000-01-15 12:50:00,1,8.4,synthetic,False,0.0,0.0,0.0,0.0,0.0,1.0,0.0,0.0833,0.0,0.0,0.0,48.8,3.0,False,27.0,0.0,,64.33,0.106,12,5,0,False,False,False,False,8.9,True,True,test,exercise day,1
2000-01-15 12:55:00,1,8.0,synthetic,False,0.0,0.0,0.0,0.0,1.0,0.0,0.0,0.1078,0.0,0.0,0.0,53.6,5.0,False,26.0,0.0,,64.42,0.183,12,5,0,False,False,False,False,9.1,True,True,test,exercise day,1
2000-01-15 13:00:00,1,7.7,synthetic,False,0.0,0.0,0.0,0.0,1.0,0.0,0.0,0.1078,0.0,0.0,0.0,50.0,5.0,False,27.0,0.0,,64.5,0.28,13,5,0,False,False,False,False,9.2,True,True,test,exercise day,1
2000-01-15 13:05:00,1,8.3,synthetic,False,0.0,0.0,0.0,0.0,1.0,0.0,0.0,0.1078,0.0,0.0,0.0,58.6,5.0,False,29.0,0.0,,64.58,0.373,13,5,0,False,False,False,False,9.2,True,True,test,exercise day,1
2000-01-15 13:10:00,1,8.6,synthetic,False,0.0,0.0,0.0,0.0,1.0,0.0,0.0,0.1078,0.0,0.0,0.0,,,True,31.0,0.0,,64.67,0.462,13,5,0,False,False,False,False,8.6,True,True,test,exercise day,1
2000-01-15 13:15:00,1,8.7,synthetic,False,0.0,0.0,0.0,0.0,1.0,0.0,0.0,0.1078,0.0,0.0,0.0,,,True,21.0,0.0,,64.75,0.546,13,5,0,False,False,False,False,8.9,True,True,test,exercise day,1
2000-01-15 13:20:00,1,8.9,synthetic,False,0.0,0.0,0.0,0.0,1.0,0.0,0.0,0.1078,0.0,0.0,0.0,,,True,25.0,0.0,,64.83,0.626,13,5,0,False,False,False,False,9.4,True,True,test,exercise day,1
2000-01-15 13:25:00,1,9.1,synthetic,False,0.0,0.0,0.0,0.0,1.0,0.0,0.0,0.1078,0.0,0.0,0.0,58.5,4.0,False,27.0,0.0,,64.92,0.701,13,5,0,False,False,False,False,9.4,True,True,test,exercise day,1
2000-01-15 13:30:00,1,9.2,synthetic,False,0.0,0.0,0.0,0.0,1.0,0.0,0.0,0.1078,0.0,0.0,0.0,59.1,2.0,False,20.0,0.0,,65.0,0.771,13,5,0,False,False,False,False,9.9,True,True,test,exercise day,1
2000-01-15 13:35:00,1,9.2,synthetic,False,0.0,0.0,0.0,0.0,1.0,0.0,0.0,0.1078,0.0,0.0,0.0,,,True,23.0,0.0,,65.08,0.838,13,5,0,False,False,False,False,10.0,True,True,test,exercise day,1
2000-01-15 13:40:00,1,8.6,synthetic,False,0.0,0.0,0.0,0.0,1.0,0.0,0.0,0.1078,0.0,0.0,0.0,,,True,20.0,0.0,,65.17,0.899,13,5,0,False,False,False,False,7.4,True,True,test,exercise day,1
2000-01-15 13:45:00,1,8.9,synthetic,False,0.0,0.0,0.0,0.0,0.0,1.0,0.0,0.0833,0.0,0.0,0.0,59.6,4.0,False,23.0,0.0,,65.25,0.956,13,5,0,False,False,False,False,8.0,True,True,test,exercise day,1
2000-01-15 13:50:00,1,9.4,synthetic,False,0.0,0.0,0.0,0.0,1.0,0.0,0.0,0.1078,0.0,0.0,0.0,47.6,5.0,False,213.0,0.0,,65.33,0.985,13,5,0,False,False,False,False,7.8,True,True,test,exercise day,1
2000-01-15 13:55:00,1,9.4,synthetic,False,0.0,0.0,0.0,0.0,1.0,0.0,0.0,0.1078,0.0,0.0,0.0,,,True,238.0,0.0,,65.42,1.034,13,5,0,False,False,False,False,8.8,True,True,test,exercise day,1
2000-01-15 14:00:00,1,9.9,synthetic,False,0.0,0.0,0.0,0.0,1.0,0.0,0.0,0.1078,0.0,0.0,0.0,38.6,4.0,False,237.0,0.0,,65.5,1.079,14,5,0,False,False,False,False,8.4,True,True,test,exercise day,1
2000-01-15 14:05:00,1,10.0,synthetic,False,0.0,0.0,0.0,0.0,1.0,0.0,0.0,0.1078,0.0,0.0,0.0,49.2,3.0,False,208.0,0.0,,65.58,1.119,14,5,0,False,False,False,False,8.5,True,True,test,exercise day,1
2000-01-15 14:10:00,1,7.4,synthetic,False,0.0,0.0,0.0,0.0,1.0,0.0,0.0,0.1078,0.0,0.0,0.0,101.6,2.0,False,254.0,5.0,gym,65.67,1.155,14,5,0,False,False,False,False,8.2,True,True,test,exercise day,1
2000-01-15 14:15:00,1,8.0,synthetic,False,0.0,0.0,0.0,0.0,1.0,0.0,0.0,0.1078,0.0,0.0,0.0,105.3,1.0,False,270.0,5.0,gym,65.75,1.186,14,5,0,False,False,False,False,8.3,True,True,test,exercise day,1
2000-01-15 14:20:00,1,7.8,synthetic,False,0.0,0.0,0.0,1.0,0.0,0.0,0.0,0.0,0.0,0.0,0.0,104.3,3.0,False,255.0,5.0,gym,65.83,1.213,14,5,0,False,False,False,False,8.5,True,True,test,exercise day,1
2000-01-15 14:25:00,1,8.8,synthetic,False,0.0,0.0,0.0,1.0,0.0,0.0,0.0,0.0,0.0,0.0,0.0,96.6,4.0,False,228.0,5.0,gym,65.92,1.13,14,5,0,False,False,False,False,8.8,True,True,test,exercise day,1
2000-01-15 14:30:00,1,8.4,synthetic,False,0.0,0.0,0.0,1.0,0.0,0.0,0.0,0.0,0.0,0.0,0.0,90.3,3.0,False,236.0,5.0,gym,66.0,1.046,14,5,0,False,False,False,False,9.0,True,True,test,exercise day,1
2000-01-15 14:35:00,1,8.5,synthetic,False,0.0,0.0,0.0,1.0,0.0,0.0,0.0,0.0,0.0,0.0,0.0,104.1,2.0,False,271.0,5.0,gym,66.08,0.963,14,5,0,False,False,False,False,9.5,True,True,test,exercise day,1
2000-01-15 14:40:00,1,8.2,synthetic,False,0.0,0.0,0.0,1.0,0.0,0.0,0.0,0.0,0.0,0.0,0.0,104.0,3.0,False,242.0,5.0,gym,66.17,0.88,14,5,0,False,False,False,False,9.2,True,True,test,exercise day,1
2000-01-15 14:45:00,1,8.3,synthetic,False,0.0,0.0,0.0,1.0,0.0,0.0,0.0,0.0,0.0,0.0,0.0,93.3,3.0,False,267.0,5.0,gym,66.25,0.796,14,5,0,False,False,False,False,9.1,True,True,test,exercise day,1
2000-01-15 14:50:00,1,8.5,synthetic,False,0.0,0.0,0.0,1.0,0.0,0.0,0.0,0.0,0.0,0.0,0.0,93.4,1.0,False,238.0,5.0,gym,66.33,0.715,14,5,0,False,False,False,False,8.9,True,True,test,exercise day,1
2000-01-15 14:55:00,1,8.8,synthetic,False,0.0,0.0,0.0,1.0,0.0,0.0,0.0,0.0,0.0,0.0,0.0,103.5,5.0,False,230.0,5.0,gym,66.42,0.638,14,5,0,False,False,False,False,8.9,True,True,test,exercise day,1
2000-01-15 15:00:00,1,9.0,synthetic,False,0.0,0.0,0.0,1.0,0.0,0.0,0.0,0.0,0.0,0.0,0.0,123.6,1.0,False,243.0,5.0,gym,66.5,0.565,15,5,0,False,False,False,False,9.1,True,True,test,exercise day,1
2000-01-15 15:05:00,1,9.5,synthetic,False,0.0,0.0,0.0,1.0,0.0,0.0,0.0,0.0,0.0,0.0,0.0,94.4,2.0,False,251.0,5.0,gym,66.58,0.497,15,5,0,False,False,False,False,9.0,True,True,test,exercise day,1
2000-01-15 15:10:00,1,9.2,synthetic,False,0.0,0.0,0.0,1.0,0.0,0.0,0.0,0.0,0.0,0.0,0.0,95.0,4.0,False,234.0,5.0,gym,66.67,0.433,15,5,0,False,False,False,False,8.9,True,True,test,exercise day,1
2000-01-15 15:15:00,1,9.1,synthetic,False,0.0,0.0,0.0,1.0,0.0,0.0,0.0,0.0,0.0,0.0,0.0,113.1,2.0,False,255.0,5.0,gym,66.75,0.373,15,5,0,False,False,False,False,8.5,True,True,test,exercise day,1
2000-01-15 15:20:00,1,8.9,synthetic,False,0.0,0.0,0.0,1.0,0.0,0.0,0.0,0.0,0.0,0.0,0.0,,,True,27.0,0.0,,0.0,0.318,15,5,0,False,False,False,False,8.1,True,True,test,exercise day,1
2000-01-15 15:25:00,1,8.9,synthetic,False,0.0,0.0,0.0,1.0,0.0,0.0,0.0,0.0,0.0,0.0,0.0,59.2,2.0,False,31.0,0.0,,0.08,0.267,15,5,0,False,False,False,False,8.2,True,True,test,exercise day,1
2000-01-15 15:30:00,1,9.1,synthetic,False,0.0,0.0,0.0,1.0,0.0,0.0,0.0,0.0,0.0,0.0,0.0,77.7,1.0,False,29.0,0.0,,0.17,0.221,15,5,0,False,False,False,False,8.2,True,True,test,exercise day,1
2000-01-15 15:35:00,1,9.0,synthetic,False,0.0,0.0,0.0,1.0,0.0,0.0,0.0,0.0,0.0,0.0,0.0,,,True,27.0,0.0,,0.25,0.179,15,5,0,False,False,False,False,,True,False,test,exercise day,1
2000-01-15 15:40:00,1,8.9,synthetic,False,0.0,0.0,0.0,1.0,0.0,0.0,0.0,0.0,0.0,0.0,0.0,,,True,22.0,0.0,,0.33,0.142,15,5,0,False,False,False,False,8.0,True,True,test,exercise day,1
2000-01-15 15:45:00,1,8.5,synthetic,False,0.0,0.0,0.0,1.0,0.0,0.0,0.0,0.0,0.0,0.0,0.0,,,True,23.0,0.0,,0.42,0.11,15,5,0,False,False,False,False,9.0,True,True,test,exercise day,1
2000-01-15 15:50:00,1,8.1,synthetic,False,0.0,0.0,0.0,1.0,0.0,0.0,0.0,0.0,0.0,0.0,0.0,58.5,4.0,False,25.0,0.0,,0.5,0.081,15,5,0,False,False,False,False,8.9,True,True,test,exercise day,1
2000-01-15 15:55:00,1,8.2,synthetic,False,0.0,0.0,0.0,1.0,0.0,0.0,0.0,0.0,0.0,0.0,0.0,52.8,3.0,False,22.0,0.0,,0.58,0.056,15,5,0,False,False,False,False,9.3,True,True,test,exercise day,1
2000-01-15 16:00:00,1,8.2,synthetic,False,0.0,0.0,0.0,1.0,0.0,0.0,0.0,0.0,0.0,0.0,0.0,,,True,30.0,0.0,,0.67,0.036,16,5,0,False,False,False,False,8.8,True,True,test,exercise day,1
2000-01-15 16:05:00,1,,,False,0.0,0.0,0.0,1.0,0.0,0.0,0.0,0.0,0.0,0.0,0.0,55.0,5.0,False,18.0,0.0,,0.75,0.02,16,5,0,False,False,False,True,8.5,False,False,test,exercise day,1
2000-01-15 16:10:00,1,8.0,synthetic,False,0.0,0.0,0.0,1.0,0.0,0.0,0.0,0.0,0.0,0.0,0.0,39.6,1.0,False,31.0,0.0,,0.83,0.009,16,5,0,False,False,False,False,8.6,False,False,test,exercise day,1
2000-01-15 16:15:00,1,9.0,synthetic,False,0.0,0.0,0.0,1.0,0.0,0.0,0.0,0.0,0.0,0.0,0.0,58.1,3.0,False,23.0,0.0,,0.92,0.002,16,5,0,False,False,False,False,8.5,False,False,test,exercise day,1
2000-01-15 16:20:00,1,8.9,synthetic,False,0.0,0.0,0.0,1.0,0.0,0.0,0.0,0.0,0.0,0.0,0.0,50.7,3.0,False,25.0,0.0,,1.0,0.0,16,5,0,False,False,False,False,8.0,False,False,test,exercise day,1
2000-01-15 16:25:00,1,9.3,synthetic,False,0.0,0.0,0.0,1.0,0.0,0.0,0.0,0.0,0.0,0.0,0.0,53.3,1.0,False,20.0,0.0,,1.08,0.0,16,5,0,False,False,False,False,7.7,False,False,test,exercise day,1
2000-01-15 16:30:00,1,8.8,synthetic,False,0.0,0.0,0.0,1.0,0.0,0.0,0.0,0.0,0.0,0.0,0.0,63.8,1.0,False,24.0,0.0,,1.17,0.0,16,5,0,False,False,False,False,8.2,False,False,test,exercise day,1
2000-01-15 16:35:00,1,8.5,synthetic,False,0.0,0.0,0.0,0.0,1.0,0.0,0.0,0.1078,0.0,0.0,0.0,63.4,5.0,False,25.0,0.0,,1.25,0.0,16,5,0,False,False,False,False,7.9,False,False,test,exercise day,1
2000-01-15 16:40:00,1,8.6,synthetic,False,0.0,0.0,0.0,0.0,1.0,0.0,0.0,0.1078,0.0,0.0,0.0,56.2,2.0,False,22.0,0.0,,1.33,0.106,16,5,0,False,False,False,False,8.0,False,False,test,exercise day,1
2000-01-15 16:45:00,1,8.5,synthetic,False,0.0,0.0,0.0,0.0,1.0,0.0,0.0,0.1078,0.0,0.0,0.0,,,True,30.0,0.0,,1.42,0.207,16,5,0,False,False,False,False,8.4,False,False,test,exercise day,1
2000-01-15 16:50:00,1,8.0,synthetic,False,0.0,0.0,0.0,0.0,1.0,0.0,0.0,0.1078,0.0,0.0,0.0,57.9,2.0,False,33.0,0.0,,1.5,0.303,16,5,0,False,False,False,False,10.5,False,False,test,exercise day,1
2000-01-15 16:55:00,1,7.7,synthetic,False,0.0,0.0,0.0,0.0,1.0,0.0,0.0,0.1078,0.0,0.0,0.0,58.5,2.0,False,21.0,0.0,,1.58,0.395,16,5,0,False,False,False,False,10.4,False,False,test,exercise day,1
2000-01-15 17:00:00,1,8.2,synthetic,False,0.0,0.0,0.0,0.0,1.0,0.0,0.0,0.1078,0.0,0.0,0.0,,,True,28.0,0.0,,1.67,0.483,17,5,0,False,False,False,False,10.6,False,False,test,exercise day,1
2000-01-15 17:05:00,1,7.9,synthetic,False,0.0,0.0,0.0,0.0,1.0,0.0,0.0,0.1078,0.0,0.0,0.0,55.3,4.0,False,26.0,0.0,,1.75,0.566,17,5,0,False,False,False,False,10.4,True,True,test,exercise day,1
2000-01-15 17:10:00,1,8.0,synthetic,False,0.0,0.0,0.0,0.0,1.0,0.0,0.0,0.1078,0.0,0.0,0.0,,,True,28.0,0.0,,1.83,0.645,17,5,0,False,False,False,False,,True,False,test,exercise day,1
2000-01-15 17:15:00,1,8.4,synthetic,False,0.0,0.0,0.0,0.0,1.0,0.0,0.0,0.1078,0.0,0.0,0.0,,,True,27.0,0.0,,1.92,0.719,17,5,0,False,False,False,False,10.2,True,True,test,exercise day,1
2000-01-15 17:20:00,1,10.5,synthetic,False,0.0,0.0,0.0,0.0,1.0,0.0,0.0,0.1078,0.0,0.0,0.0,62.0,1.0,False,26.0,0.0,,2.0,0.788,17,5,0,False,False,False,False,10.3,True,True,test,exercise day,1
2000-01-15 17:25:00,1,10.4,synthetic,False,0.0,0.0,0.0,0.0,1.0,0.0,0.0,0.1078,0.0,0.0,0.0,61.9,5.0,False,21.0,0.0,,2.08,0.853,17,5,0,False,False,False,False,10.0,True,True,test,exercise day,1
2000-01-15 17:30:00,1,10.6,synthetic,False,0.0,0.0,0.0,0.0,1.0,0.0,0.0,0.1078,0.0,0.0,0.0,49.5,3.0,False,20.0,0.0,,2.17,0.914,17,5,0,False,False,False,False,10.2,True,True,test,exercise day,1
2000-01-15 17:35:00,1,10.4,synthetic,False,0.0,0.0,0.0,0.0,1.0,0.0,0.0,0.1078,0.0,0.0,0.0,,,True,23.0,0.0,,2.25,0.97,17,5,0,False,False,False,False,6.4,True,True,test,exercise day,1
2000-01-15 17:40:00,1,,,False,0.0,0.0,0.0,0.0,1.0,0.0,0.0,0.1078,0.0,0.0,0.0,,,True,25.0,0.0,,2.33,1.022,17,5,0,False,False,False,True,6.4,False,False,test,exercise day,1
2000-01-15 17:45:00,1,10.2,synthetic,False,0.0,0.0,0.0,0.0,1.0,0.0,0.0,0.1078,0.0,0.0,0.0,51.4,4.0,False,214.0,0.0,,2.42,1.069,17,5,0,False,False,False,False,,False,False,test,exercise day,1
2000-01-15 17:50:00,1,10.3,synthetic,False,0.0,0.0,0.0,0.0,1.0,0.0,0.0,0.1078,0.0,0.0,0.0,52.8,5.0,False,244.0,0.0,,2.5,1.112,17,5,0,False,False,False,False,6.5,False,False,test,exercise day,1
2000-01-15 17:55:00,1,10.0,synthetic,False,0.0,0.0,0.0,0.0,1.0,0.0,0.0,0.1078,0.0,0.0,0.0,60.3,5.0,False,241.0,0.0,,2.58,1.15,17,5,0,False,False,False,False,6.9,False,False,test,exercise day,1
2000-01-15 18:00:00,1,10.2,synthetic,False,0.0,0.0,0.0,0.0,1.0,0.0,0.0,0.1078,0.0,0.0,0.0,62.6,1.0,False,225.0,0.0,,2.67,1.184,18,5,0,False,False,False,False,8.2,False,False,test,exercise day,1
2000-01-15 18:05:00,1,6.4,synthetic,False,0.0,0.0,0.0,0.0,1.0,0.0,0.0,0.1078,0.0,0.0,0.0,102.5,3.0,False,235.0,5.0,football,2.75,1.213,18,5,0,False,False,False,False,8.1,False,False,test,exercise day,1
2000-01-15 18:10:00,1,6.4,synthetic,False,2.28,49.5,2.281,0.0,1.0,0.0,0.0,0.1078,0.0,0.0,0.0,109.3,4.0,False,225.0,5.0,football,2.83,1.237,18,5,0,False,False,False,False,8.6,False,False,test,exercise day,1
2000-01-15 18:15:00,1,,,False,0.0,0.0,2.186,1.0,0.0,0.0,0.0,0.0,0.0,0.0,0.0,102.3,1.0,False,247.0,5.0,football,2.92,1.258,18,5,0,False,False,False,True,9.0,False,False,test,exercise day,1
2000-01-15 18:20:00,1,6.5,synthetic,False,0.0,0.0,2.091,1.0,0.0,0.0,0.0,0.0,0.0,0.0,0.0,112.3,2.0,False,248.0,5.0,football,3.0,1.168,18,5,0,False,False,False,False,9.4,False,False,test,exercise day,1
2000-01-15 18:25:00,1,6.9,synthetic,False,0.0,0.0,1.996,1.0,0.0,0.0,0.0,0.0,0.0,0.0,0.0,109.0,5.0,False,262.0,5.0,football,3.08,1.078,18,5,0,False,False,False,False,9.3,False,False,test,exercise day,1
2000-01-15 18:30:00,1,8.2,synthetic,False,0.0,0.0,1.901,1.0,0.0,0.0,0.0,0.0,0.0,0.0,0.0,99.7,1.0,False,226.0,5.0,football,3.17,0.988,18,5,0,False,False,False,False,9.8,False,False,test,exercise day,1
2000-01-15 18:35:00,1,8.1,synthetic,False,0.0,0.0,1.806,1.0,0.0,0.0,0.0,0.0,0.0,0.0,0.0,114.4,4.0,False,224.0,5.0,football,3.25,0.898,18,5,0,False,False,False,False,10.8,False,False,test,exercise day,1
2000-01-15 18:40:00,1,8.6,synthetic,False,0.0,0.0,1.711,1.0,0.0,0.0,0.0,0.0,0.0,0.0,0.0,106.1,2.0,False,229.0,5.0,football,3.33,0.811,18,5,0,False,False,False,False,11.0,False,False,test,exercise day,1
2000-01-15 18:45:00,1,9.0,synthetic,False,3.23,5.0,4.842,1.0,0.0,0.0,0.0,0.0,0.0,0.0,0.0,87.4,1.0,False,261.0,5.0,football,3.42,0.728,18,5,0,False,False,False,False,10.7,False,False,test,exercise day,1
2000-01-15 18:50:00,1,9.4,synthetic,False,0.0,0.0,4.612,1.0,0.0,0.0,0.0,0.0,0.0,0.0,0.0,105.8,5.0,False,279.0,5.0,football,3.5,0.649,18,5,0,False,False,False,False,10.4,False,False,test,exercise day,1
2000-01-15 18:55:00,1,9.3,synthetic,False,0.0,0.0,4.383,1.0,0.0,0.0,0.0,0.0,0.0,0.0,0.0,113.0,5.0,False,259.0,5.0,football,3.58,0.575,18,5,0,False,False,False,False,10.6,False,False,test,exercise day,1
2000-01-15 19:00:00,1,9.8,synthetic,False,0.0,0.0,4.153,1.0,0.0,0.0,0.0,0.0,0.0,0.0,0.0,107.0,3.0,False,229.0,5.0,football,3.67,0.505,19,5,0,False,False,False,False,10.3,False,False,test,exercise day,1
2000-01-15 19:05:00,1,10.8,synthetic,False,0.0,0.0,3.924,1.0,0.0,0.0,0.0,0.0,0.0,0.0,0.0,,,True,18.0,0.0,,0.0,0.44,19,5,0,False,False,False,False,10.5,False,False,test,exercise day,1
2000-01-15 19:10:00,1,11.0,synthetic,False,0.0,0.0,3.694,1.0,0.0,0.0,0.0,0.0,0.0,0.0,0.0,,,True,26.0,0.0,,0.08,0.38,19,5,0,False,False,False,False,9.7,False,False,test,exercise day,1
2000-01-15 19:15:00,1,10.7,synthetic,False,0.0,0.0,3.465,1.0,0.0,0.0,0.0,0.0,0.0,0.0,0.0,91.5,1.0,False,22.0,0.0,,0.17,0.323,19,5,0,False,False,False,False,9.3,True,True,test,exercise day,1
2000-01-15 19:20:00,1,10.4,synthetic,False,0.0,0.0,3.235,1.0,0.0,0.0,0.0,0.0,0.0,0.0,0.0,68.8,4.0,False,22.0,0.0,,0.25,0.272,19,5,0,False,False,False,False,9.6,True,True,test,exercise day,1
2000-01-15 19:25:00,1,10.6,synthetic,False,0.0,0.0,3.006,1.0,0.0,0.0,0.0,0.0,0.0,0.0,0.0,,,True,24.0,0.0,,0.33,0.225,19,5,0,False,False,False,False,,True,False,test,exercise day,1
2000-01-15 19:30:00,1,10.3,synthetic,False,3.54,5.0,6.314,1.0,0.0,0.0,0.0,0.0,0.0,0.0,0.0,82.0,1.0,False,21.0,0.0,,0.42,0.182,19,5,0,False,False,False,False,8.8,True,True,test,exercise day,1
2000-01-15 19:35:00,1,10.5,synthetic,False,0.0,0.0,5.937,0.0,1.0,0.0,0.0,0.1078,0.0,0.0,0.0,56.5,2.0,False,22.0,0.0,,0.5,0.144,19,5,0,False,False,False,False,8.4,True,True,test,exercise day,1
2000-01-15 19:40:00,1,9.7,synthetic,False,0.0,0.0,5.56,0.0,1.0,0.0,0.0,0.1078,0.0,0.0,0.0,,,True,23.0,0.0,,0.58,0.216,19,5,0,False,False,False,False,8.8,True,True,test,exercise day,1
2000-01-15 19:45:00,1,9.3,synthetic,False,0.0,0.0,5.183,0.0,1.0,0.0,0.0,0.1078,0.0,0.0,0.0,55.0,2.0,False,22.0,0.0,,0.67,0.287,19,5,0,False,False,False,False,8.4,True,True,test,exercise day,1
2000-01-15 19:50:00,1,9.6,synthetic,False,0.0,0.0,4.806,0.0,1.0,0.0,0.0,0.1078,0.0,0.0,0.0,54.5,4.0,False,22.0,0.0,,0.75,0.359,19,5,0,False,False,False,False,8.1,True,True,test,exercise day,1
2000-01-15 19:55:00,1,,,False,0.0,0.0,4.429,0.0,1.0,0.0,0.0,0.1078,0.0,0.0,0.0,,,True,22.0,0.0,,0.83,0.431,19,5,0,False,False,False,True,6.9,False,False,test,exercise day,1
2000-01-15 20:00:00,1,8.8,synthetic,False,0.0,0.0,4.053,0.0,1.0,0.0,0.0,0.1078,0.0,0.0,0.0,55.2,1.0,False,22.0,0.0,,0.92,0.503,20,5,0,False,False,False,False,7.0,False,False,test,exercise day,1
2000-01-15 20:05:00,1,8.4,synthetic,False,0.0,0.0,3.676,0.0,1.0,0.0,0.0,0.1078,0.0,0.0,0.0,,,True,30.0,0.0,,1.0,0.575,20,5,0,False,False,False,False,6.8,False,False,test,exercise day,1
2000-01-15 20:10:00,1,8.8,synthetic,False,0.0,0.0,3.299,0.0,1.0,0.0,0.0,0.1078,0.0,0.0,0.0,55.8,1.0,False,27.0,0.0,,1.08,0.647,20,5,0,False,False,False,False,6.2,False,False,test,exercise day,1
2000-01-15 20:15:00,1,8.4,synthetic,False,0.0,0.0,3.017,0.0,1.0,0.0,0.0,0.1078,0.0,0.0,0.0,69.4,5.0,False,25.0,0.0,,1.17,0.719,20,5,0,False,False,False,False,5.4,False,False,test,exercise day,1
2000-01-15 20:20:00,1,8.1,synthetic,False,0.0,0.0,2.735,0.0,1.0,0.0,0.0,0.1078,0.0,0.0,0.0,64.0,1.0,False,27.0,0.0,,1.25,0.788,20,5,0,False,False,False,False,5.5,False,False,test,exercise day,1
2000-01-15 20:25:00,1,6.9,synthetic,False,0.0,0.0,2.454,0.0,1.0,0.0,0.0,0.1078,0.0,0.0,0.0,55.6,5.0,False,29.0,0.0,,1.33,0.853,20,5,0,False,False,False,False,5.3,False,False,test,exercise day,1
2000-01-15 20:30:00,1,7.0,synthetic,False,0.0,0.0,2.172,0.0,1.0,0.0,0.0,0.1078,0.0,0.0,0.0,,,True,24.0,0.0,,1.42,0.914,20,5,0,False,False,False,False,5.2,False,False,test,exercise day,1
2000-01-15 20:35:00,1,6.8,synthetic,False,0.0,0.0,1.89,0.0,1.0,0.0,0.0,0.1078,0.0,0.0,0.0,54.9,4.0,False,25.0,0.0,,1.5,0.97,20,5,0,False,False,False,False,8.4,False,False,test,exercise day,1
2000-01-15 20:40:00,1,6.2,synthetic,False,0.0,0.0,1.608,0.0,1.0,0.0,0.0,0.1078,0.0,0.0,0.0,67.7,2.0,False,21.0,0.0,,1.58,1.022,20,5,0,False,False,False,False,7.6,False,False,test,exercise day,1
2000-01-15 20:45:00,1,5.4,synthetic,False,0.0,0.0,1.326,0.0,1.0,0.0,0.0,0.1078,0.0,0.0,0.0,,,True,24.0,0.0,,1.67,1.069,20,5,0,False,False,False,False,7.6,False,False,test,exercise day,1
2000-01-15 20:50:00,1,5.5,synthetic,False,0.0,0.0,1.179,0.0,1.0,0.0,0.0,0.1078,0.0,0.0,0.0,70.3,3.0,False,19.0,0.0,,1.75,1.112,20,5,0,False,False,False,False,7.0,False,False,test,exercise day,1
2000-01-15 20:55:00,1,5.3,synthetic,False,0.0,0.0,1.032,0.0,1.0,0.0,0.0,0.1078,0.0,0.0,0.0,68.7,2.0,False,33.0,0.0,,1.83,1.15,20,5,0,False,False,False,False,7.2,True,True,test,exercise day,1
2000-01-15 21:00:00,1,5.2,synthetic,False,0.0,0.0,0.884,0.0,1.0,0.0,0.0,0.1078,0.0,0.0,0.0,76.0,5.0,False,25.0,0.0,,1.92,1.184,21,5,0,False,False,False,False,8.1,True,True,test,exercise day,1
2000-01-15 21:05:00,1,8.4,synthetic,False,0.0,0.0,0.737,0.0,1.0,0.0,0.0,0.1078,0.0,0.0,0.0,,,True,22.0,0.0,,2.0,1.213,21,5,0,False,False,False,False,8.7,True,True,test,exercise day,1
2000-01-15 21:10:00,1,7.6,synthetic,False,0.0,0.0,0.59,0.0,1.0,0.0,0.0,0.1078,0.0,0.0,0.0,,,True,30.0,0.0,,2.08,1.237,21,5,0,False,False,False,False,9.4,True,True,test,exercise day,1
2000-01-15 21:15:00,1,7.6,synthetic,False,0.0,0.0,0.442,0.0,1.0,0.0,0.0,0.1078,0.0,0.0,0.0,,,True,20.0,0.0,,2.17,1.258,21,5,0,False,False,False,False,9.6,True,True,test,exercise day,1
2000-01-15 21:20:00,1,7.0,synthetic,False,4.45,37.5,4.749,0.0,1.0,0.0,0.0,0.1078,0.0,0.0,0.0,,,True,18.0,0.0,,2.25,1.273,21,5,0,False,False,False,False,9.8,True,True,test,exercise day,1
2000-01-15 21:25:00,1,7.2,synthetic,False,0.0,0.0,4.416,0.0,1.0,0.0,0.0,0.1078,0.0,0.0,0.0,,,True,28.0,0.0,,2.33,1.285,21,5,0,False,False,False,False,9.9,True,True,test,exercise day,1
2000-01-15 21:30:00,1,8.1,synthetic,False,0.0,0.0,4.083,0.0,1.0,0.0,0.0,0.1078,0.0,0.0,0.0,,,True,29.0,0.0,,2.42,1.291,21,5,0,False,False,False,False,9.9,True,True,test,exercise day,1
2000-01-15 21:35:00,1,8.7,synthetic,False,0.0,0.0,3.898,0.0,1.0,0.0,0.0,0.1078,0.0,0.0,0.0,46.6,3.0,False,27.0,0.0,,2.5,1.294,21,5,0,False,False,False,False,10.7,True,True,test,exercise day,1
2000-01-15 21:40:00,1,9.4,synthetic,False,0.0,0.0,3.712,0.0,1.0,0.0,0.0,0.1078,0.0,0.0,0.0,54.7,1.0,False,23.0,0.0,,2.58,1.294,21,5,0,False,False,False,False,,True,False,test,exercise day,1
2000-01-15 21:45:00,1,9.6,synthetic,False,0.0,0.0,3.526,0.0,1.0,0.0,0.0,0.1078,0.0,0.0,0.0,65.6,2.0,False,22.0,0.0,,2.67,1.294,21,5,0,False,False,False,False,11.6,True,True,test,exercise day,1
2000-01-15 21:50:00,1,9.8,synthetic,False,0.0,0.0,3.341,0.0,1.0,0.0,0.0,0.1078,0.0,0.0,0.0,68.3,4.0,False,22.0,0.0,,2.75,1.294,21,5,0,False,False,False,False,11.7,True,True,test,exercise day,1
2000-01-15 21:55:00,1,9.9,synthetic,False,0.0,0.0,3.155,0.0,1.0,0.0,0.0,0.1078,0.0,0.0,0.0,,,True,26.0,0.0,,2.83,1.294,21,5,0,False,False,False,False,12.1,True,True,test,exercise day,1
2000-01-15 22:00:00,1,9.9,synthetic,False,0.0,0.0,2.97,0.0,1.0,0.0,0.0,0.1078,0.0,0.0,0.0,67.6,3.0,False,31.0,0.0,,2.92,1.294,22,5,0,False,False,False,False,11.9,True,True,test,exercise day,1
2000-01-15 22:05:00,1,10.7,synthetic,False,0.0,0.0,2.784,0.0,1.0,0.0,0.0,0.1078,0.0,0.0,0.0,,,True,29.0,0.0,,3.0,1.294,22,5,0,False,False,False,False,11.4,True,True,test,exercise day,1
2000-01-15 22:10:00,1,,,False,0.0,0.0,2.598,0.0,1.0,0.0,0.0,0.1078,0.0,0.0,0.0,,,True,27.0,0.0,,3.08,1.294,22,5,0,False,False,False,True,10.6,False,False,test,exercise day,1
2000-01-15 22:15:00,1,11.6,synthetic,False,0.0,0.0,2.413,0.0,1.0,0.0,0.0,0.1078,0.0,0.0,0.0,68.3,3.0,False,21.0,0.0,,3.17,1.294,22,5,0,False,False,False,False,10.3,False,False,test,exercise day,1
2000-01-15 22:20:00,1,11.7,synthetic,False,0.0,0.0,2.227,0.0,1.0,0.0,0.0,0.1078,0.0,0.0,0.0,50.3,2.0,False,26.0,0.0,,3.25,1.294,22,5,0,False,False,False,False,9.6,False,False,test,exercise day,1
2000-01-15 22:25:00,1,12.1,synthetic,False,0.0,0.0,2.042,0.0,1.0,0.0,0.0,0.1078,0.0,0.0,0.0,52.7,5.0,False,29.0,0.0,,3.33,1.294,22,5,0,False,False,False,False,9.7,False,False,test,exercise day,1
2000-01-15 22:30:00,1,11.9,synthetic,False,0.0,0.0,1.856,0.0,1.0,0.0,0.0,0.1078,0.0,0.0,0.0,,,True,21.0,0.0,,3.42,1.294,22,5,0,False,False,False,False,9.8,False,False,test,exercise day,1
2000-01-15 22:35:00,1,11.4,synthetic,False,0.0,0.0,1.67,0.0,1.0,0.0,0.0,0.1078,0.0,0.0,0.0,64.8,4.0,False,16.0,0.0,,3.5,1.294,22,5,0,False,False,False,False,9.3,False,False,test,exercise day,1
2000-01-15 22:40:00,1,10.6,synthetic,False,0.0,0.0,1.485,0.0,1.0,0.0,0.0,0.1078,0.0,0.0,0.0,,,True,17.0,0.0,,3.58,1.294,22,5,0,False,False,False,False,9.1,False,False,test,exercise day,1
2000-01-15 22:45:00,1,10.3,synthetic,False,0.0,0.0,1.299,0.0,1.0,0.0,0.0,0.1078,0.0,0.0,0.0,,,True,26.0,0.0,,3.67,1.294,22,5,0,False,False,False,False,9.3,False,False,test,exercise day,1
2000-01-15 22:50:00,1,9.6,synthetic,False,0.0,0.0,1.114,0.0,1.0,0.0,0.0,0.1078,0.0,0.0,0.0,55.8,3.0,False,23.0,0.0,,3.75,1.294,22,5,0,False,False,False,False,8.7,False,False,test,exercise day,1
2000-01-15 22:55:00,1,9.7,synthetic,False,0.0,0.0,0.928,0.0,1.0,0.0,0.0,0.1078,0.0,0.0,0.0,53.9,1.0,False,21.0,0.0,,3.83,1.294,22,5,0,False,False,False,False,8.8,False,False,test,exercise day,1
2000-01-15 23:00:00,1,9.8,synthetic,False,0.0,0.0,0.742,0.0,1.0,0.0,0.0,0.1078,0.0,0.0,0.0,62.0,5.0,False,0.0,0.0,,3.92,1.294,23,5,0,False,False,False,False,8.3,False,False,test,exercise day,1
2000-01-15 23:05:00,1,9.3,synthetic,False,0.0,0.0,0.557,0.0,1.0,0.0,0.0,0.1078,0.0,0.0,0.0,61.3,3.0,False,1.0,0.0,,4.0,1.294,23,5,0,False,False,False,False,8.4,False,False,test,exercise day,1
2000-01-15 23:10:00,1,9.1,synthetic,False,0.0,0.0,0.371,0.0,1.0,0.0,0.0,0.1078,0.0,0.0,0.0,67.9,2.0,False,2.0,0.0,,4.08,1.294,23,5,0,False,False,False,False,8.0,True,True,test,exercise day,1
2000-01-15 23:15:00,1,9.3,synthetic,False,0.0,0.0,0.186,0.0,1.0,0.0,0.0,0.1078,0.0,0.0,0.0,,,True,0.0,0.0,,4.17,1.294,23,5,0,False,False,False,False,7.6,True,True,test,exercise day,1
2000-01-15 23:20:00,1,8.7,synthetic,False,0.0,0.0,0.0,0.0,1.0,0.0,0.0,0.1078,0.0,0.0,0.0,68.0,5.0,False,3.0,0.0,,4.25,1.294,23,5,0,False,False,False,False,,True,False,test,exercise day,1
2000-01-15 23:25:00,1,8.8,synthetic,False,0.0,0.0,0.0,0.0,1.0,0.0,0.0,0.1078,0.0,0.0,0.0,,,True,0.0,0.0,,4.33,1.294,23,5,0,False,False,False,False,6.6,True,True,test,exercise day,1
2000-01-15 23:30:00,1,8.3,synthetic,False,0.0,0.0,0.0,0.0,1.0,0.0,0.0,0.1078,0.0,0.0,0.0,,,True,2.0,0.0,,4.42,1.294,23,5,0,False,False,False,False,6.2,True,True,test,exercise day,1
2000-01-15 23:35:00,1,8.4,synthetic,False,0.0,0.0,0.0,0.0,1.0,0.0,0.0,0.1078,0.0,0.0,0.0,,,True,3.0,0.0,,4.5,1.294,23,5,0,False,False,False,False,6.2,True,True,test,exercise day,1
2000-01-15 23:40:00,1,8.0,synthetic,False,0.0,0.0,0.0,0.0,1.0,0.0,0.0,0.1078,0.0,0.0,0.0,62.4,2.0,False,0.0,0.0,,4.58,1.294,23,5,0,False,False,False,False,5.6,True,True,test,exercise day,1
2000-01-15 23:45:00,1,7.6,synthetic,False,0.0,0.0,0.0,0.0,1.0,0.0,0.0,0.1078,0.0,0.0,0.0,65.5,2.0,False,0.0,0.0,,4.67,1.294,23,5,0,False,False,False,False,5.6,True,True,test,exercise day,1
2000-01-15 23:50:00,1,,,False,0.0,0.0,0.0,0.0,1.0,0.0,0.0,0.1078,0.0,0.0,0.0,,,True,3.0,0.0,,4.75,1.294,23,5,0,False,False,False,True,5.6,False,False,test,exercise day,1
2000-01-15 23:55:00,1,6.6,synthetic,False,0.0,0.0,0.0,0.0,1.0,0.0,0.0,0.1078,0.0,0.0,0.0,,,True,2.0,0.0,,4.83,1.294,23,5,0,False,False,False,False,5.0,False,False,test,exercise day,1
2000-01-16 00:00:00,1,6.2,synthetic,False,0.0,0.0,0.0,0.0,1.0,0.0,0.0,0.1078,0.0,0.0,0.0,46.2,4.0,False,2.0,0.0,,4.92,1.294,0,6,0,False,False,False,False,4.6,False,False,test,exercise day,1
2000-01-16 00:05:00,1,6.2,synthetic,False,0.0,0.0,0.0,0.0,1.0,0.0,0.0,0.1078,0.0,0.0,0.0,56.8,5.0,False,0.0,0.0,,5.0,1.294,0,6,0,False,False,False,False,5.3,False,False,test,exercise day,1
2000-01-16 00:10:00,1,5.6,synthetic,False,0.0,0.0,0.0,0.0,1.0,0.0,0.0,0.1078,0.0,0.0,0.0,,,True,0.0,0.0,,5.08,1.294,0,6,0,False,False,False,False,5.1,False,False,test,exercise day,1
2000-01-16 00:15:00,1,5.6,synthetic,False,0.0,0.0,0.0,0.0,1.0,0.0,0.0,0.1078,0.0,0.0,0.0,54.5,5.0,False,0.0,0.0,,5.17,1.294,0,6,0,False,False,False,False,5.5,False,False,test,exercise day,1
2000-01-16 00:20:00,1,5.6,synthetic,False,0.0,0.0,0.0,0.0,1.0,0.0,0.0,0.1078,0.0,0.0,0.0,52.2,2.0,False,2.0,0.0,,5.25,1.294,0,6,0,False,False,False,False,5.5,False,False,test,exercise day,1
2000-01-16 00:25:00,1,5.0,synthetic,False,0.0,0.0,0.0,0.0,1.0,0.0,0.0,0.1078,0.0,0.0,0.0,43.5,3.0,False,1.0,0.0,,5.33,1.294,0,6,0,False,False,False,False,5.5,False,False,test,exercise day,1
2000-01-16 00:30:00,1,4.6,synthetic,False,0.0,0.0,0.0,1.0,0.0,0.0,0.0,0.0,0.0,0.0,0.0,,,True,0.0,0.0,,5.42,1.294,0,6,0,False,False,False,False,6.1,False,False,test,exercise day,1
2000-01-16 00:35:00,1,5.3,synthetic,False,0.0,0.0,0.0,0.0,1.0,0.0,0.0,0.1078,0.0,0.0,0.0,,,True,1.0,0.0,,5.5,1.188,0,6,0,False,False,False,False,6.4,False,False,test,exercise day,1
2000-01-16 00:40:00,1,5.1,synthetic,False,0.0,0.0,0.0,0.0,1.0,0.0,0.0,0.1078,0.0,0.0,0.0,63.9,2.0,False,0.0,0.0,,5.58,1.193,0,6,0,False,False,False,False,6.6,False,False,test,exercise day,1
2000-01-16 00:45:00,1,5.5,synthetic,False,0.0,0.0,0.0,0.0,1.0,0.0,0.0,0.1078,0.0,0.0,0.0,,,True,1.0,0.0,,5.67,1.197,0,6,0,False,False,False,False,7.3,False,False,test,exercise day,1
2000-01-16 00:50:00,1,5.5,synthetic,False,0.0,0.0,0.0,0.0,1.0,0.0,0.0,0.1078,0.0,0.0,0.0,67.4,4.0,False,0.0,0.0,,5.75,1.202,0,6,0,False,False,False,False,7.0,True,True,test,exercise day,1
2000-01-16 00:55:00,1,5.5,synthetic,False,0.0,0.0,0.0,0.0,1.0,0.0,0.0,0.1078,0.0,0.0,0.0,53.7,1.0,False,2.0,0.0,,5.83,1.206,0,6,0,False,False,False,False,,True,False,test,exercise day,1
2000-01-16 01:00:00,1,6.1,synthetic,False,0.0,0.0,0.0,0.0,1.0,0.0,0.0,0.1078,0.0,0.0,0.0,71.1,1.0,False,1.0,0.0,,5.92,1.211,1,6,0,False,False,False,False,6.6,True,True,test,exercise day,1
2000-01-16 01:05:00,1,6.4,synthetic,False,0.0,0.0,0.0,0.0,1.0,0.0,0.0,0.1078,0.0,0.0,0.0,50.9,3.0,False,1.0,0.0,,6.0,1.215,1,6,0,False,False,False,False,6.7,True,True,test,exercise day,1
2000-01-16 01:10:00,1,6.6,synthetic,False,0.0,0.0,0.0,0.0,1.0,0.0,0.0,0.1078,0.0,0.0,0.0,,,True,0.0,0.0,,6.08,1.219,1,6,0,False,False,False,False,6.7,True,True,test,exercise day,1
2000-01-16 01:15:00,1,7.3,synthetic,False,0.0,0.0,0.0,0.0,1.0,0.0,0.0,0.1078,0.0,0.0,0.0,,,True,1.0,0.0,,6.17,1.224,1,6,0,False,False,False,False,5.9,True,True,test,exercise day,1
2000-01-16 01:20:00,1,7.0,synthetic,False,0.0,0.0,0.0,0.0,1.0,0.0,0.0,0.1078,0.0,0.0,0.0,,,True,2.0,0.0,,6.25,1.228,1,6,0,False,False,False,False,6.3,True,True,test,exercise day,1
2000-01-16 01:25:00,1,,,False,0.0,0.0,0.0,0.0,1.0,0.0,0.0,0.1078,0.0,0.0,0.0,54.8,5.0,False,1.0,0.0,,6.33,1.233,1,6,0,False,False,False,True,6.4,False,False,test,exercise day,1
2000-01-16 01:30:00,1,6.6,synthetic,False,0.0,0.0,0.0,0.0,1.0,0.0,0.0,0.1078,0.0,0.0,0.0,59.3,2.0,False,2.0,0.0,,6.42,1.237,1,6,0,False,False,False,False,6.2,False,False,test,exercise day,1
2000-01-16 01:35:00,1,6.7,synthetic,False,0.0,0.0,0.0,0.0,1.0,0.0,0.0,0.1078,0.0,0.0,0.0,43.6,3.0,False,4.0,0.0,,6.5,1.242,1,6,0,False,False,False,False,6.1,False,False,test,exercise day,1
2000-01-16 01:40:00,1,6.7,synthetic,False,0.0,0.0,0.0,0.0,1.0,0.0,0.0,0.1078,0.0,0.0,0.0,63.4,5.0,False,3.0,0.0,,6.58,1.246,1,6,0,False,False,False,False,5.9,False,False,test,exercise day,1
2000-01-16 01:45:00,1,5.9,synthetic,False,0.0,0.0,0.0,0.0,1.0,0.0,0.0,0.1078,0.0,0.0,0.0,,,True,3.0,0.0,,6.67,1.251,1,6,0,False,False,False,False,5.4,False,False,test,exercise day,1
2000-01-16 01:50:00,1,6.3,synthetic,False,0.0,0.0,0.0,0.0,1.0,0.0,0.0,0.1078,0.0,0.0,0.0,64.0,2.0,False,2.0,0.0,,6.75,1.255,1,6,0,False,False,False,False,5.6,False,False,test,exercise day,1
2000-01-16 01:55:00,1,6.4,synthetic,False,0.0,0.0,0.0,0.0,1.0,0.0,0.0,0.1078,0.0,0.0,0.0,62.9,5.0,False,1.0,0.0,,6.83,1.26,1,6,0,False,False,False,False,5.5,False,False,test,exercise day,1
2000-01-16 02:00:00,1,6.2,synthetic,False,0.0,0.0,0.0,0.0,0.0,1.0,0.0,0.0833,0.0,0.0,0.0,55.3,3.0,False,1.0,0.0,,6.92,1.264,2,6,0,False,False,False,False,5.5,False,False,test,exercise day,1
2000-01-16 02:05:00,1,6.1,synthetic,False,0.0,0.0,0.0,0.0,1.0,0.0,0.0,0.1078,0.0,0.0,0.0,,,True,0.0,0.0,,7.0,1.245,2,6,0,False,False,False,False,4.8,False,False,test,exercise day,1
2000-01-16 02:10:00,1,5.9,synthetic,False,0.0,0.0,0.0,0.0,1.0,0.0,0.0,0.1078,0.0,0.0,0.0,60.7,4.0,False,4.0,0.0,,7.08,1.25,2,6,0,False,False,False,False,5.2,False,False,test,exercise day,1
2000-01-16 02:15:00,1,5.4,synthetic,False,0.0,0.0,0.0,0.0,1.0,0.0,0.0,0.1078,0.0,0.0,0.0,,,True,1.0,0.0,,7.17,1.256,2,6,0,False,False,False,False,5.4,False,False,test,exercise day,1
2000-01-16 02:20:00,1,5.6,synthetic,False,0.0,0.0,0.0,0.0,1.0,0.0,0.0,0.1078,0.0,0.0,0.0,,,True,0.0,0.0,,7.25,1.261,2,6,0,False,False,False,False,5.6,False,False,test,exercise day,1
2000-01-16 02:25:00,1,5.5,synthetic,False,0.0,0.0,0.0,0.0,1.0,0.0,0.0,0.1078,0.0,0.0,0.0,,,True,1.0,0.0,,7.33,1.267,2,6,0,False,False,False,False,5.5,True,True,test,exercise day,1
2000-01-16 02:30:00,1,5.5,synthetic,False,0.0,0.0,0.0,0.0,0.0,1.0,0.0,0.0833,0.0,0.0,0.0,67.3,3.0,False,4.0,0.0,,7.42,1.272,2,6,0,False,False,False,False,5.8,True,True,test,exercise day,1
2000-01-16 02:35:00,1,4.8,synthetic,False,0.0,0.0,0.0,0.0,1.0,0.0,0.0,0.1078,0.0,0.0,0.0,,,True,2.0,0.0,,7.5,1.252,2,6,0,False,False,False,False,5.5,True,True,test,exercise day,1
2000-01-16 02:40:00,1,5.2,synthetic,False,0.0,0.0,0.0,0.0,1.0,0.0,0.0,0.1078,0.0,0.0,0.0,51.7,5.0,False,1.0,0.0,,7.58,1.254,2,6,0,False,False,False,False,6.0,True,True,test,exercise day,1
2000-01-16 02:45:00,1,5.4,synthetic,False,0.0,0.0,0.0,0.0,0.0,1.0,0.0,0.0833,0.0,0.0,0.0,51.4,5.0,False,2.0,0.0,,7.67,1.256,2,6,0,False,False,False,False,6.6,True,True,test,exercise day,1
2000-01-16 02:50:00,1,5.6,synthetic,False,0.0,0.0,0.0,0.0,1.0,0.0,0.0,0.1078,0.0,0.0,0.0,63.0,5.0,False,1.0,0.0,,7.75,1.234,2,6,0,False,False,False,False,6.0,True,True,test,exercise day,1
2000-01-16 02:55:00,1,5.5,synthetic,False,0.0,0.0,0.0,0.0,1.0,0.0,0.0,0.1078,0.0,0.0,0.0,,,True,1.0,0.0,,7.83,1.237,2,6,0,False,False,False,False,5.8,True,True,test,exercise day,1
2000-01-16 03:00:00,1,5.8,synthetic,False,0.0,0.0,0.0,0.0,1.0,0.0,0.0,0.1078,0.0,0.0,0.0,45.6,5.0,False,1.0,0.0,,7.92,1.24,3,6,0,False,False,False,False,6.0,True,True,test,exercise day,1
2000-01-16 03:05:00,1,5.5,synthetic,False,0.0,0.0,0.0,0.0,1.0,0.0,0.0,0.1078,0.0,0.0,0.0,51.5,1.0,False,1.0,0.0,,8.0,1.243,3,6,0,False,False,False,False,7.0,True,True,test,exercise day,1
2000-01-16 03:10:00,1,6.0,synthetic,False,0.0,0.0,0.0,0.0,1.0,0.0,0.0,0.1078,0.0,0.0,0.0,48.1,4.0,False,2.0,0.0,,8.08,1.246,3,6,0,False,False,False,False,7.1,True,True,test,exercise day,1
2000-01-16 03:15:00,1,6.6,synthetic,False,0.0,0.0,0.0,0.0,1.0,0.0,0.0,0.1078,0.0,0.0,0.0,69.1,1.0,False,3.0,0.0,,8.17,1.249,3,6,0,False,False,False,False,7.4,True,True,test,exercise day,1
2000-01-16 03:20:00,1,6.0,synthetic,False,0.0,0.0,0.0,0.0,1.0,0.0,0.0,0.1078,0.0,0.0,0.0,51.8,2.0,False,1.0,0.0,,8.25,1.252,3,6,0,False,False,False,False,7.8,True,True,test,exercise day,1
2000-01-16 03:25:00,1,5.8,synthetic,False,0.0,0.0,0.0,0.0,1.0,0.0,0.0,0.1078,0.0,0.0,0.0,,,True,0.0,0.0,,8.33,1.255,3,6,0,False,False,False,False,8.4,True,True,test,exercise day,1
2000-01-16 03:30:00,1,6.0,synthetic,False,0.0,0.0,0.0,0.0,1.0,0.0,0.0,0.1078,0.0,0.0,0.0,,,True,0.0,0.0,,8.42,1.258,3,6,0,False,False,False,False,8.8,True,True,test,exercise day,1
2000-01-16 03:35:00,1,7.0,synthetic,False,0.0,0.0,0.0,0.0,1.0,0.0,0.0,0.1078,0.0,0.0,0.0,53.9,3.0,False,3.0,0.0,,8.5,1.261,3,6,0,False,False,False,False,9.1,True,True,test,exercise day,1
2000-01-16 03:40:00,1,7.1,synthetic,False,0.0,0.0,0.0,0.0,1.0,0.0,0.0,0.1078,0.0,0.0,0.0,47.4,5.0,False,1.0,0.0,,8.58,1.265,3,6,0,False,False,False,False,9.2,True,True,test,exercise day,1
2000-01-16 03:45:00,1,7.4,synthetic,False,0.0,0.0,0.0,0.0,1.0,0.0,0.0,0.1078,0.0,0.0,0.0,51.3,3.0,False,2.0,0.0,,8.67,1.268,3,6,0,False,False,False,False,9.1,True,True,test,exercise day,1
2000-01-16 03:50:00,1,7.8,synthetic,False,0.0,0.0,0.0,0.0,1.0,0.0,0.0,0.1078,0.0,0.0,0.0,57.3,4.0,False,0.0,0.0,,8.75,1.271,3,6,0,False,False,False,False,9.7,True,True,test,exercise day,1
2000-01-16 03:55:00,1,8.4,synthetic,False,0.0,0.0,0.0,0.0,1.0,0.0,0.0,0.1078,0.0,0.0,0.0,,,True,2.0,0.0,,8.83,1.274,3,6,0,False,False,False,False,10.0,True,True,test,exercise day,1
2000-01-16 04:00:00,1,8.8,synthetic,False,0.0,0.0,0.0,0.0,1.0,0.0,0.0,0.1078,0.0,0.0,0.0,46.2,2.0,False,0.0,0.0,,8.92,1.277,4,6,0,False,False,False,False,9.9,True,True,test,exercise day,1
2000-01-16 04:05:00,1,9.1,synthetic,False,0.0,0.0,0.0,0.0,1.0,0.0,0.0,0.1078,0.0,0.0,0.0,55.7,5.0,False,1.0,0.0,,9.0,1.279,4,6,0,False,False,False,False,10.5,True,True,test,exercise day,1
2000-01-16 04:10:00,1,9.2,synthetic,False,0.0,0.0,0.0,0.0,1.0,0.0,0.0,0.1078,0.0,0.0,0.0,53.9,1.0,False,2.0,0.0,,9.08,1.281,4,6,0,False,False,False,False,10.2,True,True,test,exercise day,1
2000-01-16 04:15:00,1,9.1,synthetic,False,0.0,0.0,0.0,1.0,0.0,0.0,0.0,0.0,0.0,0.0,0.0,52.5,2.0,False,0.0,0.0,,9.17,1.283,4,6,0,False,False,False,False,10.0,True,True,test,exercise day,1
2000-01-16 04:20:00,1,9.7,synthetic,False,0.0,0.0,0.0,1.0,0.0,0.0,0.0,0.0,0.0,0.0,0.0,54.8,4.0,False,1.0,0.0,,9.25,1.18,4,6,0,False,False,False,False,9.8,True,True,test,exercise day,1
2000-01-16 04:25:00,1,10.0,synthetic,False,0.0,0.0,0.0,1.0,0.0,0.0,0.0,0.0,0.0,0.0,0.0,,,True,0.0,0.0,,9.33,1.081,4,6,0,False,False,False,False,9.5,True,True,test,exercise day,1
2000-01-16 04:30:00,1,9.9,synthetic,False,0.0,0.0,0.0,1.0,0.0,0.0,0.0,0.0,0.0,0.0,0.0,46.2,4.0,False,0.0,0.0,,9.42,0.986,4,6,0,False,False,False,False,9.7,True,True,test,exercise day,1
2000-01-16 04:35:00,1,10.5,synthetic,False,0.0,0.0,0.0,1.0,0.0,0.0,0.0,0.0,0.0,0.0,0.0,41.9,5.0,False,1.0,0.0,,9.5,0.896,4,6,0,False,False,False,False,9.9,True,True,test,exercise day,1
2000-01-16 04:40:00,1,10.2,synthetic,False,0.0,0.0,0.0,1.0,0.0,0.0,0.0,0.0,0.0,0.0,0.0,49.3,3.0,False,1.0,0.0,,9.58,0.809,4,6,0,False,False,False,False,9.2,True,True,test,exercise day,1
2000-01-16 04:45:00,1,10.0,synthetic,False,0.0,0.0,0.0,1.0,0.0,0.0,0.0,0.0,0.0,0.0,0.0,,,True,3.0,0.0,,9.67,0.727,4,6,0,False,False,False,False,9.8,True,True,test,exercise day,1
2000-01-16 04:50:00,1,9.8,synthetic,False,0.0,0.0,0.0,1.0,0.0,0.0,0.0,0.0,0.0,0.0,0.0,63.0,5.0,False,1.0,0.0,,9.75,0.649,4,6,0,False,False,False,False,9.5,True,True,test,exercise day,1
2000-01-16 04:55:00,1,9.5,synthetic,False,0.0,0.0,0.0,1.0,0.0,0.0,0.0,0.0,0.0,0.0,0.0,46.5,4.0,False,0.0,0.0,,9.83,0.575,4,6,0,False,False,False,False,9.3,True,True,test,exercise day,1
2000-01-16 05:00:00,1,9.7,synthetic,False,0.0,0.0,0.0,1.0,0.0,0.0,0.0,0.0,0.0,0.0,0.0,,,True,2.0,0.0,,9.92,0.505,5,6,0,False,False,False,False,8.5,True,True,test,exercise day,1
2000-01-16 05:05:00,1,9.9,synthetic,False,0.0,0.0,0.0,1.0,0.0,0.0,0.0,0.0,0.0,0.0,0.0,59.4,4.0,False,0.0,0.0,,10.0,0.44,5,6,0,False,False,False,False,8.5,True,True,test,exercise day,1
2000-01-16 05:10:00,1,9.2,synthetic,False,0.0,0.0,0.0,1.0,0.0,0.0,0.0,0.0,0.0,0.0,0.0,,,True,0.0,0.0,,10.08,0.38,5,6,0,False,False,False,False,7.5,True,True,test,exercise day,1
2000-01-16 05:15:00,1,9.8,synthetic,False,0.0,0.0,0.0,1.0,0.0,0.0,0.0,0.0,0.0,0.0,0.0,47.5,4.0,False,0.0,0.0,,10.17,0.323,5,6,0,False,False,False,False,7.4,True,True,test,exercise day,1
2000-01-16 05:20:00,1,9.5,synthetic,False,0.0,0.0,0.0,1.0,0.0,0.0,0.0,0.0,0.0,0.0,0.0,,,True,0.0,0.0,,10.25,0.272,5,6,0,False,False,False,False,7.8,True,True,test,exercise day,1
2000-01-16 05:25:00,1,9.3,synthetic,False,0.0,0.0,0.0,1.0,0.0,0.0,0.0,0.0,0.0,0.0,0.0,,,True,1.0,0.0,,10.33,0.225,5,6,0,False,False,False,False,8.5,True,True,test,exercise day,1
2000-01-16 05:30:00,1,8.5,synthetic,False,0.0,0.0,0.0,1.0,0.0,0.0,0.0,0.0,0.0,0.0,0.0,50.1,3.0,False,0.0,0.0,,10.42,0.182,5,6,0,False,False,False,False,8.6,True,True,test,exercise day,1
2000-01-16 05:35:00,1,8.5,synthetic,False,0.0,0.0,0.0,1.0,0.0,0.0,0.0,0.0,0.0,0.0,0.0,56.1,2.0,False,0.0,0.0,,10.5,0.144,5,6,0,False,False,False,False,9.0,True,True,test,exercise day,1
2000-01-16 05:40:00,1,7.5,synthetic,False,0.0,0.0,0.0,1.0,0.0,0.0,0.0,0.0,0.0,0.0,0.0,,,True,1.0,0.0,,10.58,0.11,5,6,0,False,False,False,False,9.3,True,True,test,exercise day,1
2000-01-16 05:45:00,1,7.4,synthetic,False,0.0,0.0,0.0,1.0,0.0,0.0,0.0,0.0,0.0,0.0,0.0,,,True,1.0,0.0,,10.67,0.081,5,6,0,False,False,False,False,9.1,True,True,test,exercise day,1
2000-01-16 05:50:00,1,7.8,synthetic,False,0.0,0.0,0.0,1.0,0.0,0.0,0.0,0.0,0.0,0.0,0.0,66.8,5.0,False,1.0,0.0,,10.75,0.056,5,6,0,False,False,False,False,8.8,True,True,test,exercise day,1
2000-01-16 05:55:00,1,8.5,synthetic,False,0.0,0.0,0.0,1.0,0.0,0.0,0.0,0.0,0.0,0.0,0.0,,,True,2.0,0.0,,10.83,0.036,5,6,0,False,False,False,False,8.6,True,True,test,exercise day,1
2000-01-16 06:00:00,1,8.6,synthetic,False,0.0,0.0,0.0,1.0,0.0,0.0,0.0,0.0,0.0,0.0,0.0,38.8,1.0,False,1.0,0.0,,10.92,0.02,6,6,0,False,False,False,False,8.7,True,True,test,exercise day,1
2000-01-16 06:05:00,1,9.0,synthetic,False,0.0,0.0,0.0,1.0,0.0,0.0,0.0,0.0,0.0,0.0,0.0,53.0,5.0,False,0.0,0.0,,11.0,0.009,6,6,0,False,False,False,False,8.2,True,True,test,exercise day,1
2000-01-16 06:10:00,1,9.3,synthetic,False,0.0,0.0,0.0,1.0,0.0,0.0,0.0,0.0,0.0,0.0,0.0,60.8,3.0,False,0.0,0.0,,11.08,0.002,6,6,0,False,False,False,False,8.2,True,True,test,exercise day,1
2000-01-16 06:15:00,1,9.1,synthetic,False,0.0,0.0,0.0,1.0,0.0,0.0,0.0,0.0,0.0,0.0,0.0,,,True,0.0,0.0,,11.17,0.0,6,6,0,False,False,False,False,7.9,True,True,test,exercise day,1
2000-01-16 06:20:00,1,8.8,synthetic,False,0.0,0.0,0.0,1.0,0.0,0.0,0.0,0.0,0.0,0.0,0.0,42.3,3.0,False,1.0,0.0,,11.25,0.0,6,6,0,False,False,False,False,7.6,True,True,test,exercise day,1
2000-01-16 06:25:00,1,8.6,synthetic,False,0.0,0.0,0.0,1.0,0.0,0.0,0.0,0.0,0.0,0.0,0.0,46.6,4.0,False,2.0,0.0,,11.33,0.0,6,6,0,False,False,False,False,7.0,True,True,test,exercise day,1
2000-01-16 06:30:00,1,8.7,synthetic,False,0.0,0.0,0.0,1.0,0.0,0.0,0.0,0.0,0.0,0.0,0.0,42.4,4.0,False,2.0,0.0,,11.42,0.0,6,6,0,False,False,False,False,7.3,True,True,test,exercise day,1
2000-01-16 06:35:00,1,8.2,synthetic,False,0.0,0.0,0.0,1.0,0.0,0.0,0.0,0.0,0.0,0.0,0.0,50.7,4.0,False,0.0,0.0,,11.5,0.0,6,6,0,False,False,False,False,7.3,True,True,test,exercise day,1
2000-01-16 06:40:00,1,8.2,synthetic,False,0.0,0.0,0.0,0.0,1.0,0.0,0.0,0.1078,0.0,0.0,0.0,46.1,2.0,False,0.0,0.0,,11.58,0.0,6,6,0,False,False,False,False,8.1,True,True,test,exercise day,1
2000-01-16 06:45:00,1,7.9,synthetic,False,0.0,0.0,0.0,0.0,1.0,0.0,0.0,0.1078,0.0,0.0,0.0,47.3,4.0,False,1.0,0.0,,11.67,0.106,6,6,0,False,False,False,False,8.0,True,True,test,exercise day,1
2000-01-16 06:50:00,1,7.6,synthetic,False,0.0,0.0,0.0,0.0,1.0,0.0,0.0,0.1078,0.0,0.0,0.0,,,True,1.0,0.0,,11.75,0.207,6,6,0,False,False,False,False,7.9,True,True,test,exercise day,1
2000-01-16 06:55:00,1,7.0,synthetic,False,0.0,0.0,0.0,0.0,1.0,0.0,0.0,0.1078,0.0,0.0,0.0,,,True,2.0,0.0,,11.83,0.303,6,6,0,False,False,False,False,8.0,True,True,test,exercise day,1
2000-01-16 07:00:00,1,7.3,synthetic,False,0.0,0.0,0.0,0.0,1.0,0.0,0.0,0.1078,0.0,0.0,0.0,45.8,4.0,False,22.0,0.0,,11.92,0.395,7,6,0,False,False,False,False,7.7,True,True,test,exercise day,1
2000-01-16 07:05:00,1,7.3,synthetic,False,0.0,0.0,0.0,0.0,1.0,0.0,0.0,0.1078,0.0,0.0,0.0,53.0,2.0,False,20.0,0.0,,12.0,0.483,7,6,0,False,False,False,False,6.8,True,True,test,exercise day,1
2000-01-16 07:10:00,1,8.1,synthetic,False,0.0,0.0,0.0,0.0,1.0,0.0,0.0,0.1078,0.0,0.0,0.0,,,True,27.0,0.0,,12.08,0.566,7,6,0,False,False,False,False,6.8,True,True,test,exercise day,1
2000-01-16 07:15:00,1,8.0,synthetic,False,0.0,0.0,0.0,0.0,1.0,0.0,0.0,0.1078,0.0,0.0,0.0,49.5,4.0,False,24.0,0.0,,12.17,0.645,7,6,0,False,False,False,False,6.6,True,True,test,exercise day,1
2000-01-16 07:20:00,1,7.9,synthetic,False,0.0,0.0,0.0,0.0,1.0,0.0,0.0,0.1078,0.0,0.0,0.0,51.6,4.0,False,22.0,0.0,,12.25,0.719,7,6,0,False,False,False,False,6.1,True,True,test,exercise day,1
2000-01-16 07:25:00,1,8.0,synthetic,False,0.0,0.0,0.0,1.0,0.0,0.0,0.0,0.0,0.0,0.0,0.0,,,True,21.0,0.0,,12.33,0.788,7,6,0,False,False,False,False,5.7,True,True,test,exercise day,1
2000-01-16 07:30:00,1,7.7,synthetic,False,0.0,0.0,0.0,1.0,0.0,0.0,0.0,0.0,0.0,0.0,0.0,44.1,4.0,False,25.0,0.0,,12.42,0.748,7,6,0,False,False,False,False,5.9,True,True,test,exercise day,1
2000-01-16 07:35:00,1,6.8,synthetic,False,0.0,0.0,0.0,1.0,0.0,0.0,0.0,0.0,0.0,0.0,0.0,47.7,2.0,False,17.0,0.0,,12.5,0.707,7,6,0,False,False,False,False,6.0,True,True,test,exercise day,1
2000-01-16 07:40:00,1,6.8,synthetic,False,0.0,0.0,0.0,1.0,0.0,0.0,0.0,0.0,0.0,0.0,0.0,42.7,3.0,False,25.0,0.0,,12.58,0.667,7,6,0,False,False,False,False,6.1,True,True,test,exercise day,1
2000-01-16 07:45:00,1,6.6,synthetic,False,0.0,0.0,0.0,1.0,0.0,0.0,0.0,0.0,0.0,0.0,0.0,,,True,23.0,0.0,,12.67,0.627,7,6,0,False,False,False,False,5.6,True,True,test,exercise day,1
2000-01-16 07:50:00,1,6.1,synthetic,False,0.0,0.0,0.0,1.0,0.0,0.0,0.0,0.0,0.0,0.0,0.0,41.3,1.0,False,29.0,0.0,,12.75,0.586,7,6,0,False,False,False,False,5.6,True,True,test,exercise day,1
2000-01-16 07:55:00,1,5.7,synthetic,False,0.0,0.0,0.0,1.0,0.0,0.0,0.0,0.0,0.0,0.0,0.0,42.8,5.0,False,25.0,0.0,,12.83,0.546,7,6,0,False,False,False,False,6.7,True,True,test,exercise day,1
2000-01-16 08:00:00,1,5.9,synthetic,False,0.0,0.0,0.0,1.0,0.0,0.0,0.0,0.0,0.0,0.0,0.0,51.3,3.0,False,29.0,0.0,,12.92,0.505,8,6,0,False,False,False,False,6.3,True,True,test,exercise day,1
2000-01-16 08:05:00,1,6.0,synthetic,False,0.0,0.0,0.0,1.0,0.0,0.0,0.0,0.0,0.0,0.0,0.0,48.3,3.0,False,34.0,0.0,,13.0,0.465,8,6,0,False,False,False,False,6.2,True,True,test,exercise day,1
2000-01-16 08:10:00,1,6.1,synthetic,False,0.0,0.0,0.0,1.0,0.0,0.0,0.0,0.0,0.0,0.0,0.0,51.3,5.0,False,25.0,0.0,,13.08,0.424,8,6,0,False,False,False,False,6.9,True,True,test,exercise day,1
2000-01-16 08:15:00,1,5.6,synthetic,False,0.0,0.0,0.0,0.0,1.0,0.0,0.0,0.1078,0.0,0.0,0.0,64.7,4.0,False,20.0,0.0,,13.17,0.384,8,6,0,False,False,False,False,7.2,True,True,test,exercise day,1
2000-01-16 08:20:00,1,5.6,synthetic,False,0.0,0.0,0.0,0.0,1.0,0.0,0.0,0.1078,0.0,0.0,0.0,55.0,3.0,False,24.0,0.0,,13.25,0.449,8,6,0,False,False,False,False,8.1,True,True,test,exercise day,1
2000-01-16 08:25:00,1,6.7,synthetic,False,0.0,0.0,0.0,0.0,1.0,0.0,0.0,0.1078,0.0,0.0,0.0,,,True,23.0,0.0,,13.33,0.51,8,6,0,False,False,False,False,7.3,True,True,test,exercise day,1
2000-01-16 08:30:00,1,6.3,synthetic,False,0.0,0.0,0.0,0.0,1.0,0.0,0.0,0.1078,0.0,0.0,0.0,41.8,1.0,False,16.0,0.0,,13.42,0.566,8,6,0,False,False,False,False,6.4,True,True,test,exercise day,1
2000-01-16 08:35:00,1,6.2,synthetic,False,0.0,0.0,0.0,0.0,1.0,0.0,0.0,0.1078,0.0,0.0,0.0,52.9,4.0,False,18.0,0.0,,13.5,0.618,8,6,0,False,False,False,False,6.5,True,True,test,exercise day,1
2000-01-16 08:40:00,1,6.9,synthetic,False,0.0,0.0,0.0,0.0,1.0,0.0,0.0,0.1078,0.0,0.0,0.0,,,True,28.0,0.0,,13.58,0.665,8,6,0,False,False,False,False,6.5,True,True,test,exercise day,1
2000-01-16 08:45:00,1,7.2,synthetic,False,0.0,0.0,0.0,0.0,1.0,0.0,0.0,0.1078,0.0,0.0,0.0,53.7,5.0,False,26.0,0.0,,13.67,0.71,8,6,0,False,False,False,False,6.4,True,True,test,exercise day,1
2000-01-16 08:50:00,1,8.1,synthetic,False,0.0,0.0,0.0,0.0,1.0,0.0,0.0,0.1078,0.0,0.0,0.0,43.7,2.0,False,37.0,0.0,,13.75,0.755,8,6,0,False,False,False,False,6.8,True,True,test,exercise day,1
2000-01-16 08:55:00,1,7.3,synthetic,False,0.0,0.0,0.0,0.0,1.0,0.0,0.0,0.1078,0.0,0.0,0.0,45.2,5.0,False,21.0,0.0,,13.83,0.8,8,6,0,False,False,False,False,6.8,True,True,test,exercise day,1
2000-01-16 09:00:00,1,6.4,synthetic,False,0.0,0.0,0.0,0.0,1.0,0.0,0.0,0.1078,0.0,0.0,0.0,,,True,38.0,0.0,,13.92,0.844,9,6,0,False,False,False,False,7.2,True,True,test,exercise day,1
2000-01-16 09:05:00,1,6.5,synthetic,False,0.0,0.0,0.0,0.0,1.0,0.0,0.0,0.1078,0.0,0.0,0.0,,,True,21.0,0.0,,14.0,0.889,9,6,0,False,False,False,False,7.1,True,True,test,exercise day,1
2000-01-16 09:10:00,1,6.5,synthetic,False,0.0,0.0,0.0,0.0,1.0,0.0,0.0,0.1078,0.0,0.0,0.0,,,True,25.0,0.0,,14.08,0.934,9,6,0,False,False,False,False,7.0,True,True,test,exercise day,1
2000-01-16 09:15:00,1,6.4,synthetic,False,0.0,0.0,0.0,0.0,1.0,0.0,0.0,0.1078,0.0,0.0,0.0,,,True,24.0,0.0,,14.17,0.979,9,6,0,False,False,False,False,7.2,True,True,test,exercise day,1
2000-01-16 09:20:00,1,6.8,synthetic,False,0.0,0.0,0.0,0.0,1.0,0.0,0.0,0.1078,0.0,0.0,0.0,60.4,2.0,False,29.0,0.0,,14.25,1.024,9,6,0,False,False,False,False,7.1,True,True,test,exercise day,1
2000-01-16 09:25:00,1,6.8,synthetic,False,0.0,0.0,0.0,0.0,1.0,0.0,0.0,0.1078,0.0,0.0,0.0,,,True,18.0,0.0,,14.33,1.069,9,6,0,False,False,False,False,7.3,True,True,test,exercise day,1
2000-01-16 09:30:00,1,7.2,synthetic,False,0.0,0.0,0.0,0.0,1.0,0.0,0.0,0.1078,0.0,0.0,0.0,,,True,24.0,0.0,,14.42,1.112,9,6,0,False,False,False,False,6.9,True,True,test,exercise day,1
2000-01-16 09:35:00,1,7.1,synthetic,False,0.0,0.0,0.0,0.0,1.0,0.0,0.0,0.1078,0.0,0.0,0.0,51.2,5.0,False,28.0,0.0,,14.5,1.15,9,6,0,False,False,False,False,7.7,True,True,test,exercise day,1
2000-01-16 09:40:00,1,7.0,synthetic,False,0.0,0.0,0.0,0.0,1.0,0.0,0.0,0.1078,0.0,0.0,0.0,45.4,4.0,False,23.0,0.0,,14.58,1.184,9,6,0,False,False,False,False,7.6,True,True,test,exercise day,1
2000-01-16 09:45:00,1,7.2,synthetic,False,0.0,0.0,0.0,0.0,1.0,0.0,0.0,0.1078,0.0,0.0,0.0,,,True,17.0,0.0,,14.67,1.213,9,6,0,False,False,False,False,7.4,True,True,test,exercise day,1
2000-01-16 09:50:00,1,7.1,synthetic,False,0.0,0.0,0.0,0.0,0.0,1.0,0.0,0.0833,0.0,0.0,0.0,,,True,24.0,0.0,,14.75,1.237,9,6,0,False,False,False,False,8.0,True,True,test,exercise day,1
2000-01-16 09:55:00,1,7.3,synthetic,False,0.0,0.0,0.0,0.0,1.0,0.0,0.0,0.1078,0.0,0.0,0.0,,,True,28.0,0.0,,14.83,1.234,9,6,0,False,False,False,False,7.8,True,True,test,exercise day,1
2000-01-16 10:00:00,1,6.9,synthetic,False,0.0,0.0,0.0,0.0,1.0,0.0,0.0,0.1078,0.0,0.0,0.0,50.3,3.0,False,26.0,0.0,,14.92,1.25,10,6,0,False,False,False,False,7.7,True,True,test,exercise day,1
2000-01-16 10:05:00,1,7.7,synthetic,False,0.0,0.0,0.0,0.0,1.0,0.0,0.0,0.1078,0.0,0.0,0.0,48.6,4.0,False,27.0,0.0,,15.0,1.263,10,6,0,False,False,False,False,7.0,True,True,test,exercise day,1
2000-01-16 10:10:00,1,7.6,synthetic,False,0.0,0.0,0.0,0.0,1.0,0.0,0.0,0.1078,0.0,0.0,0.0,,,True,23.0,0.0,,15.08,1.27,10,6,0,False,False,False,False,6.5,True,True,test,exercise day,1
2000-01-16 10:15:00,1,7.4,synthetic,False,0.0,0.0,0.0,0.0,1.0,0.0,0.0,0.1078,0.0,0.0,0.0,49.3,4.0,False,27.0,0.0,,15.17,1.274,10,6,0,False,False,False,False,6.4,True,True,test,exercise day,1
2000-01-16 10:20:00,1,8.0,synthetic,False,0.0,0.0,0.0,0.0,1.0,0.0,0.0,0.1078,0.0,0.0,0.0,49.4,3.0,False,28.0,0.0,,15.25,1.275,10,6,0,False,False,False,False,6.0,True,True,test,exercise day,1
2000-01-16 10:25:00,1,7.8,synthetic,False,0.0,0.0,0.0,0.0,1.0,0.0,0.0,0.1078,0.0,0.0,0.0,46.5,4.0,False,17.0,0.0,,15.33,1.276,10,6,0,False,False,False,False,6.9,True,True,test,exercise day,1
2000-01-16 10:30:00,1,7.7,synthetic,False,0.0,0.0,0.0,0.0,1.0,0.0,0.0,0.1078,0.0,0.0,0.0,53.4,4.0,False,21.0,0.0,,15.42,1.277,10,6,0,False,False,False,False,6.6,True,True,test,exercise day,1
2000-01-16 10:35:00,1,7.0,synthetic,False,0.0,0.0,0.0,0.0,1.0,0.0,0.0,0.1078,0.0,0.0,0.0,46.4,3.0,False,34.0,0.0,,15.5,1.278,10,6,0,False,False,False,False,5.9,True,True,test,exercise day,1
2000-01-16 10:40:00,1,6.5,synthetic,False,0.0,0.0,0.0,0.0,1.0,0.0,0.0,0.1078,0.0,0.0,0.0,55.2,2.0,False,25.0,0.0,,15.58,1.279,10,6,0,False,False,False,False,6.8,True,True,test,exercise day,1
2000-01-16 10:45:00,1,6.4,synthetic,False,0.0,0.0,0.0,0.0,1.0,0.0,0.0,0.1078,0.0,0.0,0.0,46.9,1.0,False,23.0,0.0,,15.67,1.28,10,6,0,False,False,False,False,7.6,True,True,test,exercise day,1
2000-01-16 10:50:00,1,6.0,synthetic,False,0.0,0.0,0.0,0.0,1.0,0.0,0.0,0.1078,0.0,0.0,0.0,,,True,17.0,0.0,,15.75,1.281,10,6,0,False,False,False,False,8.5,True,True,test,exercise day,1
2000-01-16 10:55:00,1,6.9,synthetic,False,0.0,0.0,0.0,0.0,1.0,0.0,0.0,0.1078,0.0,0.0,0.0,,,True,31.0,0.0,,15.83,1.282,10,6,0,False,False,False,False,8.8,True,True,test,exercise day,1
2000-01-16 11:00:00,1,6.6,synthetic,False,0.0,0.0,0.0,0.0,1.0,0.0,0.0,0.1078,0.0,0.0,0.0,52.7,5.0,False,21.0,0.0,,15.92,1.283,11,6,0,False,False,False,False,8.5,True,True,test,exercise day,1
2000-01-16 11:05:00,1,5.9,synthetic,False,0.0,0.0,0.0,0.0,1.0,0.0,0.0,0.1078,0.0,0.0,0.0,,,True,22.0,0.0,,16.0,1.284,11,6,0,False,False,False,False,8.6,True,True,test,exercise day,1
2000-01-16 11:10:00,1,6.8,synthetic,False,0.0,0.0,0.0,0.0,1.0,0.0,0.0,0.1078,0.0,0.0,0.0,,,True,18.0,0.0,,16.08,1.285,11,6,0,False,False,False,False,,True,False,test,exercise day,1
2000-01-16 11:15:00,1,7.6,synthetic,False,0.0,0.0,0.0,0.0,0.0,1.0,0.0,0.0833,0.0,0.0,0.0,,,True,14.0,0.0,,16.17,1.286,11,6,0,False,False,False,False,9.6,True,True,test,exercise day,1
2000-01-16 11:20:00,1,8.5,synthetic,False,0.0,0.0,0.0,0.0,1.0,0.0,0.0,0.1078,0.0,0.0,0.0,,,True,16.0,0.0,,16.25,1.263,11,6,0,False,False,False,False,10.1,True,True,test,exercise day,1
2000-01-16 11:25:00,1,8.8,synthetic,False,0.0,0.0,0.0,0.0,1.0,0.0,0.0,0.1078,0.0,0.0,0.0,,,True,19.0,0.0,,16.33,1.265,11,6,0,False,False,False,False,9.9,True,True,test,exercise day,1
2000-01-16 11:30:00,1,8.5,synthetic,False,0.0,0.0,0.0,0.0,1.0,0.0,0.0,0.1078,0.0,0.0,0.0,56.4,3.0,False,27.0,0.0,,16.42,1.267,11,6,0,False,False,False,False,10.1,True,True,test,exercise day,1
2000-01-16 11:35:00,1,8.6,synthetic,False,0.0,0.0,0.0,0.0,1.0,0.0,0.0,0.1078,0.0,0.0,0.0,,,True,19.0,0.0,,16.5,1.269,11,6,0,False,False,False,False,10.0,True,True,test,exercise day,1
2000-01-16 11:40:00,1,,,False,0.0,0.0,0.0,0.0,1.0,0.0,0.0,0.1078,0.0,0.0,0.0,58.3,1.0,False,22.0,0.0,,16.58,1.271,11,6,0,False,False,False,True,10.0,False,False,test,exercise day,1
2000-01-16 11:45:00,1,9.6,synthetic,False,0.0,0.0,0.0,0.0,1.0,0.0,0.0,0.1078,0.0,0.0,0.0,43.9,2.0,False,28.0,0.0,,16.67,1.273,11,6,0,False,False,False,False,9.8,False,False,test,exercise day,1
2000-01-16 11:50:00,1,10.1,synthetic,False,0.0,0.0,0.0,0.0,1.0,0.0,0.0,0.1078,0.0,0.0,0.0,,,True,19.0,0.0,,16.75,1.275,11,6,0,False,False,False,False,9.6,False,False,test,exercise day,1
2000-01-16 11:55:00,1,9.9,synthetic,False,0.0,0.0,0.0,0.0,1.0,0.0,0.0,0.1078,0.0,0.0,0.0,,,True,25.0,0.0,,16.83,1.277,11,6,0,False,False,False,False,9.7,False,False,test,exercise day,1
2000-01-16 12:00:00,1,10.1,synthetic,False,0.0,0.0,0.0,0.0,1.0,0.0,0.0,0.1078,0.0,0.0,0.0,,,True,21.0,0.0,,16.92,1.278,12,6,0,False,False,False,False,10.1,False,False,test,exercise day,1
2000-01-16 12:05:00,1,10.0,synthetic,False,0.0,0.0,0.0,1.0,0.0,0.0,0.0,0.0,0.0,0.0,0.0,,,True,26.0,0.0,,17.0,1.279,12,6,0,False,False,False,False,10.1,False,False,test,exercise day,1
2000-01-16 12:10:00,1,10.0,synthetic,False,0.0,0.0,0.0,1.0,0.0,0.0,0.0,0.0,0.0,0.0,0.0,58.4,1.0,False,28.0,0.0,,17.08,1.174,12,6,0,False,False,False,False,9.8,False,False,test,exercise day,1
2000-01-16 12:15:00,1,9.8,synthetic,False,0.0,0.0,0.0,0.0,1.0,0.0,0.0,0.1078,0.0,0.0,0.0,,,True,25.0,0.0,,17.17,1.074,12,6,0,False,False,False,False,10.3,False,False,test,exercise day,1
2000-01-16 12:20:00,1,9.6,synthetic,False,0.0,0.0,0.0,0.0,1.0,0.0,0.0,0.1078,0.0,0.0,0.0,,,True,26.0,0.0,,17.25,1.084,12,6,0,False,False,False,False,9.8,False,False,test,exercise day,1
2000-01-16 12:25:00,1,9.7,synthetic,False,0.0,0.0,0.0,0.0,0.362,0.0,0.638,0.039,0.0,0.0,0.0,,,True,16.0,0.0,,17.33,1.094,12,6,0,False,False,True,False,9.7,False,False,test,exercise day,1
2000-01-16 12:30:00,1,10.1,synthetic,False,0.0,0.0,0.0,0.0,1.0,0.0,0.0,0.1078,0.0,0.0,0.0,54.0,3.0,False,35.0,0.0,,17.42,1.037,12,6,0,False,False,False,False,9.2,False,False,test,exercise day,1
2000-01-16 12:35:00,1,10.1,synthetic,False,0.0,0.0,0.0,0.0,0.0,1.0,0.0,0.0833,0.0,0.0,0.0,50.8,1.0,False,29.0,0.0,,17.5,1.05,12,6,0,False,False,False,False,8.9,False,False,test,exercise day,1
2000-01-16 12:40:00,1,9.8,synthetic,False,0.0,0.0,0.0,0.0,1.0,0.0,0.0,0.1078,0.0,0.0,0.0,,,True,26.0,0.0,,17.58,1.039,12,6,0,False,False,False,False,8.8,True,True,test,exercise day,1
2000-01-16 12:45:00,1,10.3,synthetic,False,0.0,0.0,0.0,0.0,1.0,0.0,0.0,0.1078,0.0,0.0,0.0,37.2,3.0,False,23.0,0.0,,17.67,1.053,12,6,0,False,False,False,False,7.2,True,True,test,exercise day,1
2000-01-16 12:50:00,1,9.8,synthetic,False,0.0,0.0,0.0,0.0,1.0,0.0,0.0,0.1078,0.0,0.0,0.0,54.4,2.0,False,23.0,0.0,,17.75,1.066,12,6,0,False,False,False,False,7.2,True,True,test,exercise day,1
2000-01-16 12:55:00,1,9.7,synthetic,False,0.0,0.0,0.0,0.0,1.0,0.0,0.0,0.1078,0.0,0.0,0.0,,,True,235.0,0.0,,17.83,1.08,12,6,0,False,False,False,False,8.1,True,True,test,exercise day,1
2000-01-16 13:00:00,1,9.2,synthetic,False,0.0,0.0,0.0,0.0,1.0,0.0,0.0,0.1078,0.0,0.0,0.0,49.8,4.0,False,205.0,0.0,,17.92,1.094,13,6,0,False,False,False,False,7.9,True,True,test,exercise day,1
2000-01-16 13:05:00,1,8.9,synthetic,False,0.0,0.0,0.0,0.0,1.0,0.0,0.0,0.1078,0.0,0.0,0.0,,,True,247.0,0.0,,18.0,1.108,13,6,0,False,False,False,False,7.2,True,True,test,exercise day,1
2000-01-16 13:10:00,1,8.8,synthetic,False,0.0,0.0,0.0,0.0,1.0,0.0,0.0,0.1078,0.0,0.0,0.0,54.4,4.0,False,192.0,0.0,,18.08,1.122,13,6,0,False,False,False,False,7.5,True,True,test,exercise day,1
2000-01-16 13:15:00,1,7.2,synthetic,False,0.0,0.0,0.0,0.0,1.0,0.0,0.0,0.1078,0.0,0.0,0.0,111.2,1.0,False,236.0,5.0,cricket,18.17,1.136,13,6,0,False,False,False,False,7.6,True,True,test,exercise day,1
2000-01-16 13:20:00,1,7.2,synthetic,False,0.0,0.0,0.0,0.0,1.0,0.0,0.0,0.1078,0.0,0.0,0.0,116.8,3.0,False,276.0,5.0,cricket,18.25,1.149,13,6,0,False,False,False,False,7.0,True,True,test,exercise day,1
2000-01-16 13:25:00,1,8.1,synthetic,False,0.0,0.0,0.0,1.0,0.0,0.0,0.0,0.0,0.0,0.0,0.0,92.3,1.0,False,234.0,5.0,cricket,18.33,1.162,13,6,0,False,False,False,False,7.2,True,True,test,exercise day,1
2000-01-16 13:30:00,1,7.9,synthetic,False,0.0,0.0,0.0,1.0,0.0,0.0,0.0,0.0,0.0,0.0,0.0,105.3,1.0,False,258.0,5.0,cricket,18.42,1.069,13,6,0,False,False,False,False,7.6,True,True,test,exercise day,1
2000-01-16 13:35:00,1,7.2,synthetic,False,0.0,0.0,0.0,1.0,0.0,0.0,0.0,0.0,0.0,0.0,0.0,101.5,1.0,False,243.0,5.0,cricket,18.5,0.981,13,6,0,False,False,False,False,8.6,True,True,test,exercise day,1
2000-01-16 13:40:00,1,7.5,synthetic,False,0.0,0.0,0.0,1.0,0.0,0.0,0.0,0.0,0.0,0.0,0.0,96.7,2.0,False,262.0,5.0,cricket,18.58,0.898,13,6,0,False,False,False,False,9.4,True,True,test,exercise day,1
2000-01-16 13:45:00,1,7.6,synthetic,False,0.0,0.0,0.0,1.0,0.0,0.0,0.0,0.0,0.0,0.0,0.0,112.3,1.0,False,270.0,5.0,cricket,18.67,0.818,13,6,0,False,False,False,False,9.4,True,True,test,exercise day,1
2000-01-16 13:50:00,1,7.0,synthetic,False,0.0,0.0,0.0,1.0,0.0,0.0,0.0,0.0,0.0,0.0,0.0,100.4,1.0,False,258.0,5.0,cricket,18.75,0.744,13,6,0,False,False,False,False,9.1,True,True,test,exercise day,1
2000-01-16 13:55:00,1,7.2,synthetic,False,0.85,22.4,0.846,1.0,0.0,0.0,0.0,0.0,0.0,0.0,0.0,123.1,2.0,False,219.0,5.0,cricket,18.83,0.673,13,6,0,False,False,False,False,8.8,True,True,test,exercise day,1
2000-01-16 14:00:00,1,7.6,synthetic,False,0.0,0.0,0.811,1.0,0.0,0.0,0.0,0.0,0.0,0.0,0.0,99.2,2.0,False,290.0,5.0,cricket,18.92,0.608,14,6,0,False,False,False,False,9.4,True,True,test,exercise day,1
2000-01-16 14:05:00,1,8.6,synthetic,False,0.0,0.0,0.776,1.0,0.0,0.0,0.0,0.0,0.0,0.0,0.0,104.5,5.0,False,258.0,5.0,cricket,19.0,0.546,14,6,0,False,False,False,False,9.8,True,True,test,exercise day,1
2000-01-16 14:10:00,1,9.4,synthetic,False,0.0,0.0,0.741,1.0,0.0,0.0,0.0,0.0,0.0,0.0,0.0,112.9,2.0,False,254.0,5.0,cricket,19.08,0.487,14,6,0,False,False,False,False,9.9,True,True,test,exercise day,1
2000-01-16 14:15:00,1,9.4,synthetic,False,0.0,0.0,0.705,1.0,0.0,0.0,0.0,0.0,0.0,0.0,0.0,100.0,5.0,False,227.0,5.0,cricket,19.17,0.428,14,6,0,False,False,False,False,10.5,True,True,test,exercise day,1
2000-01-16 14:20:00,1,9.1,synthetic,False,0.0,0.0,0.67,1.0,0.0,0.0,0.0,0.0,0.0,0.0,0.0,114.5,4.0,False,258.0,5.0,cricket,19.25,0.372,14,6,0,False,False,False,False,11.3,True,True,test,exercise day,1
2000-01-16 14:25:00,1,8.8,synthetic,False,0.0,0.0,0.635,1.0,0.0,0.0,0.0,0.0,0.0,0.0,0.0,105.9,4.0,False,277.0,5.0,cricket,19.33,0.319,14,6,0,False,False,False,False,11.0,True,True,test,exercise day,1
2000-01-16 14:30:00,1,9.4,synthetic,False,0.0,0.0,0.599,1.0,0.0,0.0,0.0,0.0,0.0,0.0,0.0,104.0,5.0,False,228.0,5.0,cricket,19.42,0.27,14,6,0,False,False,False,False,11.0,True,True,test,exercise day,1
2000-01-16 14:35:00,1,9.8,synthetic,False,0.0,0.0,0.564,1.0,0.0,0.0,0.0,0.0,0.0,0.0,0.0,91.3,1.0,False,250.0,5.0,cricket,19.5,0.224,14,6,0,False,False,False,False,10.8,True,True,test,exercise day,1
2000-01-16 14:40:00,1,9.9,synthetic,False,0.0,0.0,0.529,1.0,0.0,0.0,0.0,0.0,0.0,0.0,0.0,103.1,1.0,False,257.0,5.0,cricket,19.58,0.182,14,6,0,False,False,False,False,10.5,True,True,test,exercise day,1
2000-01-16 14:45:00,1,10.5,synthetic,False,0.0,0.0,0.494,1.0,0.0,0.0,0.0,0.0,0.0,0.0,0.0,113.3,5.0,False,237.0,5.0,cricket,19.67,0.144,14,6,0,False,False,False,False,,True,False,test,exercise day,1
2000-01-16 14:50:00,1,11.3,synthetic,False,0.0,0.0,0.458,1.0,0.0,0.0,0.0,0.0,0.0,0.0,0.0,115.1,4.0,False,279.0,5.0,cricket,19.75,0.11,14,6,0,False,False,False,False,11.1,True,True,test,exercise day,1
2000-01-16 14:55:00,1,11.0,synthetic,False,0.0,0.0,0.423,1.0,0.0,0.0,0.0,0.0,0.0,0.0,0.0,106.4,2.0,False,255.0,5.0,cricket,19.83,0.081,14,6,0,False,False,False,False,11.7,True,True,test,exercise day,1
2000-01-16 15:00:00,1,11.0,synthetic,False,0.0,0.0,0.388,1.0,0.0,0.0,0.0,0.0,0.0,0.0,0.0,119.0,1.0,False,220.0,5.0,cricket,19.92,0.056,15,6,0,False,False,False,False,,True,False,test,exercise day,1
2000-01-16 15:05:00,1,10.8,synthetic,False,0.0,0.0,0.353,1.0,0.0,0.0,0.0,0.0,0.0,0.0,0.0,95.8,5.0,False,279.0,5.0,cricket,20.0,0.036,15,6,0,False,False,False,False,10.9,True,True,test,exercise day,1
2000-01-16 15:10:00,1,10.5,synthetic,False,0.0,0.0,0.317,1.0,0.0,0.0,0.0,0.0,0.0,0.0,0.0,106.1,3.0,False,239.0,5.0,cricket,20.08,0.02,15,6,0,False,False,False,False,10.9,True,True,test,exercise day,1
2000-01-16 15:15:00,1,,,False,0.0,0.0,0.282,1.0,0.0,0.0,0.0,0.0,0.0,0.0,0.0,111.7,5.0,False,248.0,5.0,cricket,20.17,0.009,15,6,0,False,False,False,True,10.2,False,False,test,exercise day,1
2000-01-16 15:20:00,1,11.1,synthetic,False,0.0,0.0,0.247,1.0,0.0,0.0,0.0,0.0,0.0,0.0,0.0,112.0,4.0,False,279.0,5.0,cricket,20.25,0.002,15,6,0,False,False,False,False,9.7,False,False,test,exercise day,1
2000-01-16 15:25:00,1,11.7,synthetic,False,0.0,0.0,0.212,1.0,0.0,0.0,0.0,0.0,0.0,0.0,0.0,,,True,23.0,0.0,,0.0,0.0,15,6,0,False,False,False,False,9.3,False,False,test,exercise day,1
2000-01-16 15:30:00,1,,,False,0.0,0.0,0.176,1.0,0.0,0.0,0.0,0.0,0.0,0.0,0.0,71.7,1.0,False,20.0,0.0,,0.08,0.0,15,6,0,False,False,False,True,9.1,False,False,test,exercise day,1
2000-01-16 15:35:00,1,10.9,synthetic,False,0.0,0.0,0.141,1.0,0.0,0.0,0.0,0.0,0.0,0.0,0.0,,,True,17.0,0.0,,0.17,0.0,15,6,0,False,False,False,False,8.1,False,False,test,exercise day,1
2000-01-16 15:40:00,1,10.9,synthetic,False,0.0,0.0,0.106,1.0,0.0,0.0,0.0,0.0,0.0,0.0,0.0,,,True,17.0,0.0,,0.25,0.0,15,6,0,False,False,False,False,8.5,False,False,test,exercise day,1
2000-01-16 15:45:00,1,10.2,synthetic,False,2.43,24.8,2.497,1.0,0.0,0.0,0.0,0.0,0.0,0.0,0.0,,,True,17.0,0.0,,0.33,0.0,15,6,0,False,False,False,False,8.7,False,False,test,exercise day,1
2000-01-16 15:50:00,1,9.7,synthetic,False,0.0,0.0,2.361,1.0,0.0,0.0,0.0,0.0,0.0,0.0,0.0,64.9,1.0,False,13.0,0.0,,0.42,0.0,15,6,0,False,False,False,False,8.7,False,False,test,exercise day,1
2000-01-16 15:55:00,1,9.3,synthetic,False,0.0,0.0,2.225,0.0,1.0,0.0,0.0,0.1078,0.0,0.0,0.0,59.7,4.0,False,28.0,0.0,,0.5,0.0,15,6,0,False,False,False,False,9.5,False,False,test,exercise day,1
2000-01-16 16:00:00,1,9.1,synthetic,False,0.0,0.0,2.124,1.0,0.0,0.0,0.0,0.0,0.0,0.0,0.0,,,True,35.0,0.0,,0.58,0.106,16,6,0,False,False,False,False,9.7,False,False,test,exercise day,1
2000-01-16 16:05:00,1,8.1,synthetic,False,0.0,0.0,2.022,1.0,0.0,0.0,0.0,0.0,0.0,0.0,0.0,,,True,24.0,0.0,,0.67,0.101,16,6,0,False,False,False,False,10.1,False,False,test,exercise day,1
2000-01-16 16:10:00,1,8.5,synthetic,False,0.0,0.0,1.921,1.0,0.0,0.0,0.0,0.0,0.0,0.0,0.0,,,True,26.0,0.0,,0.75,0.097,16,6,0,False,False,False,False,10.2,False,False,test,exercise day,1
2000-01-16 16:15:00,1,8.7,synthetic,False,0.0,0.0,1.82,1.0,0.0,0.0,0.0,0.0,0.0,0.0,0.0,57.7,3.0,False,30.0,0.0,,0.83,0.092,16,6,0,False,False,False,False,10.5,False,False,test,exercise day,1
2000-01-16 16:20:00,1,8.7,synthetic,False,3.2,46.1,4.923,1.0,0.0,0.0,0.0,0.0,0.0,0.0,0.0,57.1,2.0,False,20.0,0.0,,0.92,0.088,16,6,0,False,False,False,False,10.6,False,False,test,exercise day,1
2000-01-16 16:25:00,1,9.5,synthetic,False,0.0,0.0,4.688,1.0,0.0,0.0,0.0,0.0,0.0,0.0,0.0,59.8,2.0,False,30.0,0.0,,1.0,0.083,16,6,0,False,False,False,False,10.6,False,False,test,exercise day,1
2000-01-16 16:30:00,1,9.7,synthetic,False,0.0,0.0,4.454,1.0,0.0,0.0,0.0,0.0,0.0,0.0,0.0,,,True,29.0,0.0,,1.08,0.079,16,6,0,False,False,False,False,10.5,True,True,test,exercise day,1
2000-01-16 16:35:00,1,10.1,synthetic,False,0.0,0.0,4.219,1.0,0.0,0.0,0.0,0.0,0.0,0.0,0.0,59.6,1.0,False,29.0,0.0,,1.17,0.074,16,6,0,False,False,False,False,11.2,True,True,test,exercise day,1
2000-01-16 16:40:00,1,10.2,synthetic,False,0.0,0.0,3.984,1.0,0.0,0.0,0.0,0.0,0.0,0.0,0.0,,,True,26.0,0.0,,1.25,0.07,16,6,0,False,False,False,False,10.8,True,True,test,exercise day,1
2000-01-16 16:45:00,1,10.5,synthetic,False,0.0,0.0,3.75,1.0,0.0,0.0,0.0,0.0,0.0,0.0,0.0,63.6,1.0,False,19.0,0.0,,1.33,0.065,16,6,0,False,False,False,False,10.9,True,True,test,exercise day,1
2000-01-16 16:50:00,1,10.6,synthetic,False,0.0,0.0,3.515,1.0,0.0,0.0,0.0,0.0,0.0,0.0,0.0,61.7,2.0,False,28.0,0.0,,1.42,0.061,16,6,0,False,False,False,False,11.3,True,True,test,exercise day,1
2000-01-16 16:55:00,1,10.6,synthetic,False,0.0,0.0,3.281,1.0,0.0,0.0,0.0,0.0,0.0,0.0,0.0,,,True,25.0,0.0,,1.5,0.056,16,6,0,False,False,False,False,12.0,True,True,test,exercise day,1
2000-01-16 17:00:00,1,10.5,synthetic,False,0.0,0.0,3.046,1.0,0.0,0.0,0.0,0.0,0.0,0.0,0.0,,,True,26.0,0.0,,1.58,0.052,17,6,0,False,False,False,False,11.2,True,True,test,exercise day,1
2000-01-16 17:05:00,1,11.2,synthetic,False,0.0,0.0,2.811,1.0,0.0,0.0,0.0,0.0,0.0,0.0,0.0,63.5,5.0,False,19.0,0.0,,1.67,0.047,17,6,0,False,False,False,False,11.0,True,True,test,exercise day,1
2000-01-16 17:10:00,1,10.8,synthetic,False,0.0,0.0,2.577,1.0,0.0,0.0,0.0,0.0,0.0,0.0,0.0,64.5,3.0,False,25.0,0.0,,1.75,0.043,17,6,0,False,False,False,False,10.4,True,True,test,exercise day,1
2000-01-16 17:15:00,1,10.9,synthetic,False,0.0,0.0,2.342,1.0,0.0,0.0,0.0,0.0,0.0,0.0,0.0,63.1,2.0,False,34.0,0.0,,1.83,0.038,17,6,0,False,False,False,False,9.7,True,True,test,exercise day,1
2000-01-16 17:20:00,1,11.3,synthetic,False,0.0,0.0,2.107,1.0,0.0,0.0,0.0,0.0,0.0,0.0,0.0,60.2,3.0,False,14.0,0.0,,1.92,0.034,17,6,0,False,False,False,False,9.7,True,True,test,exercise day,1
2000-01-16 17:25:00,1,12.0,synthetic,False,0.0,0.0,1.873,1.0,0.0,0.0,0.0,0.0,0.0,0.0,0.0,,,True,29.0,0.0,,2.0,0.029,17,6,0,False,False,False,False,9.0,True,True,test,exercise day,1
2000-01-16 17:30:00,1,11.2,synthetic,False,0.0,0.0,1.638,1.0,0.0,0.0,0.0,0.0,0.0,0.0,0.0,63.6,1.0,False,26.0,0.0,,2.08,0.025,17,6,0,False,False,False,False,8.4,True,True,test,exercise day,1
2000-01-16 17:35:00,1,11.0,synthetic,False,5.9,17.2,7.301,1.0,0.0,0.0,0.0,0.0,0.0,0.0,0.0,,,True,22.0,0.0,,2.17,0.02,17,6,0,False,False,False,False,7.8,True,True,test,exercise day,1
2000-01-16 17:40:00,1,10.4,synthetic,False,0.0,0.0,6.82,1.0,0.0,0.0,0.0,0.0,0.0,0.0,0.0,59.7,5.0,False,22.0,0.0,,2.25,0.016,17,6,0,False,False,False,False,8.1,True,True,test,exercise day,1
2000-01-16 17:45:00,1,9.7,synthetic,False,0.0,0.0,6.34,1.0,0.0,0.0,0.0,0.0,0.0,0.0,0.0,,,True,18.0,0.0,,2.33,0.011,17,6,0,False,False,False,False,8.5,True,True,test,exercise day,1
2000-01-16 17:50:00,1,9.7,synthetic,False,0.0,0.0,5.961,1.0,0.0,0.0,0.0,0.0,0.0,0.0,0.0,,,True,26.0,0.0,,2.42,0.007,17,6,0,False,False,False,False,8.1,True,True,test,exercise day,1
2000-01-16 17:55:00,1,9.0,synthetic,False,0.0,0.0,5.582,1.0,0.0,0.0,0.0,0.0,0.0,0.0,0.0,,,True,23.0,0.0,,2.5,0.002,17,6,0,False,False,False,False,8.0,True,True,test,exercise day,1
2000-01-16 18:00:00,1,8.4,synthetic,False,0.0,0.0,5.203,1.0,0.0,0.0,0.0,0.0,0.0,0.0,0.0,,,True,22.0,0.0,,2.58,0.0,18,6,0,False,False,False,False,7.4,True,True,test,exercise day,1
2000-01-16 18:05:00,1,7.8,synthetic,False,0.0,0.0,4.823,1.0,0.0,0.0,0.0,0.0,0.0,0.0,0.0,,,True,21.0,0.0,,2.67,0.0,18,6,0,False,False,False,False,7.7,True,True,test,exercise day,1
2000-01-16 18:10:00,1,8.1,synthetic,False,0.0,0.0,4.444,1.0,0.0,0.0,0.0,0.0,0.0,0.0,0.0,,,True,17.0,0.0,,2.75,0.0,18,6,0,False,False,False,False,6.8,True,True,test,exercise day,1
2000-01-16 18:15:00,1,8.5,synthetic,False,0.0,0.0,4.065,1.0,0.0,0.0,0.0,0.0,0.0,0.0,0.0,,,True,25.0,0.0,,2.83,0.0,18,6,0,False,False,False,False,6.4,True,True,test,exercise day,1
2000-01-16 18:20:00,1,8.1,synthetic,False,0.0,0.0,3.686,1.0,0.0,0.0,0.0,0.0,0.0,0.0,0.0,57.1,1.0,False,29.0,0.0,,2.92,0.0,18,6,0,False,False,False,False,5.6,True,True,test,exercise day,1
2000-01-16 18:25:00,1,8.0,synthetic,False,0.0,0.0,3.44,1.0,0.0,0.0,0.0,0.0,0.0,0.0,0.0,,,True,23.0,0.0,,3.0,0.0,18,6,0,False,False,False,False,5.8,True,True,test,exercise day,1
2000-01-16 18:30:00,1,7.4,synthetic,False,0.0,0.0,3.194,1.0,0.0,0.0,0.0,0.0,0.0,0.0,0.0,,,True,24.0,0.0,,3.08,0.0,18,6,0,False,False,False,False,6.4,True,True,test,exercise day,1
2000-01-16 18:35:00,1,7.7,synthetic,False,0.0,0.0,2.949,1.0,0.0,0.0,0.0,0.0,0.0,0.0,0.0,,,True,22.0,0.0,,3.17,0.0,18,6,0,False,False,False,False,6.3,True,True,test,exercise day,1
2000-01-16 18:40:00,1,6.8,synthetic,False,0.0,0.0,2.703,1.0,0.0,0.0,0.0,0.0,0.0,0.0,0.0,67.4,1.0,False,24.0,0.0,,3.25,0.0,18,6,0,False,False,False,False,7.2,True,True,test,exercise day,1
2000-01-16 18:45:00,1,6.4,synthetic,False,0.0,0.0,2.457,1.0,0.0,0.0,0.0,0.0,0.0,0.0,0.0,57.2,5.0,False,25.0,0.0,,3.33,0.0,18,6,0,False,False,False,False,7.5,True,True,test,exercise day,1
2000-01-16 18:50:00,1,5.6,synthetic,False,0.0,0.0,2.211,1.0,0.0,0.0,0.0,0.0,0.0,0.0,0.0,,,True,22.0,0.0,,3.42,0.0,18,6,0,False,False,False,False,8.0,True,True,test,exercise day,1
2000-01-16 18:55:00,1,5.8,synthetic,False,0.1,38.4,2.066,1.0,0.0,0.0,0.0,0.0,0.0,0.0,0.0,70.3,3.0,False,24.0,0.0,,3.5,0.0,18,6,0,False,False,False,False,8.7,True,True,test,exercise day,1
2000-01-16 19:00:00,1,6.4,synthetic,False,5.09,25.8,6.904,1.0,0.0,0.0,0.0,0.0,0.0,0.0,0.0,62.0,2.0,False,24.0,0.0,,3.58,0.0,19,6,0,False,False,False,False,8.8,True,True,test,exercise day,1
2000-01-16 19:05:00,1,6.3,synthetic,False,0.0,0.0,6.443,1.0,0.0,0.0,0.0,0.0,0.0,0.0,0.0,,,True,20.0,0.0,,3.67,0.0,19,6,0,False,False,False,False,9.6,True,True,test,exercise day,1
2000-01-16 19:10:00,1,7.2,synthetic,False,0.0,0.0,5.981,1.0,0.0,0.0,0.0,0.0,0.0,0.0,0.0,,,True,18.0,0.0,,3.75,0.0,19,6,0,False,False,False,False,10.1,True,True,test,exercise day,1
2000-01-16 19:15:00,1,7.5,synthetic,False,0.0,0.0,5.519,1.0,0.0,0.0,0.0,0.0,0.0,0.0,0.0,,,True,23.0,0.0,,3.83,0.0,19,6,0,False,False,False,False,11.3,True,True,test,exercise day,1
2000-01-16 19:20:00,1,8.0,synthetic,False,0.0,0.0,5.057,1.0,0.0,0.0,0.0,0.0,0.0,0.0,0.0,63.7,4.0,False,24.0,0.0,,3.92,0.0,19,6,0,False,False,False,False,11.8,True,True,test,exercise day,1
2000-01-16 19:25:00,1,8.7,synthetic,False,0.0,0.0,4.595,1.0,0.0,0.0,0.0,0.0,0.0,0.0,0.0,58.8,5.0,False,22.0,0.0,,4.0,0.0,19,6,0,False,False,False,False,12.9,True,True,test,exercise day,1
2000-01-16 19:30:00,1,8.8,synthetic,False,0.0,0.0,4.133,1.0,0.0,0.0,0.0,0.0,0.0,0.0,0.0,,,True,25.0,0.0,,4.08,0.0,19,6,0,False,False,False,False,13.8,True,True,test,exercise day,1
2000-01-16 19:35:00,1,9.6,synthetic,False,0.0,0.0,3.671,1.0,0.0,0.0,0.0,0.0,0.0,0.0,0.0,57.2,2.0,False,19.0,0.0,,4.17,0.0,19,6,0,False,False,False,False,14.0,True,True,test,exercise day,1
2000-01-16 19:40:00,1,10.1,synthetic,False,0.0,0.0,3.455,1.0,0.0,0.0,0.0,0.0,0.0,0.0,0.0,59.8,4.0,False,14.0,0.0,,4.25,0.0,19,6,0,False,False,False,False,14.5,True,True,test,exercise day,1
2000-01-16 19:45:00,1,11.3,synthetic,False,0.0,0.0,3.239,1.0,0.0,0.0,0.0,0.0,0.0,0.0,0.0,46.6,2.0,False,18.0,0.0,,4.33,0.0,19,6,0,False,False,False,False,14.6,True,True,test,exercise day,1
2000-01-16 19:50:00,1,11.8,synthetic,False,0.0,0.0,3.023,1.0,0.0,0.0,0.0,0.0,0.0,0.0,0.0,,,True,30.0,0.0,,4.42,0.0,19,6,0,False,False,False,False,13.9,True,True,test,exercise day,1
2000-01-16 19:55:00,1,12.9,synthetic,False,0.1,30.3,2.906,1.0,0.0,0.0,0.0,0.0,0.0,0.0,0.0,61.5,1.0,False,27.0,0.0,,4.5,0.0,19,6,0,False,False,False,False,14.1,True,True,test,exercise day,1
2000-01-16 20:00:00,1,13.8,synthetic,False,0.0,0.0,2.686,1.0,0.0,0.0,0.0,0.0,0.0,0.0,0.0,62.2,2.0,False,23.0,0.0,,4.58,0.0,20,6,0,False,False,False,False,14.8,True,True,test,exercise day,1
2000-01-16 20:05:00,1,14.0,synthetic,False,0.0,0.0,2.466,1.0,0.0,0.0,0.0,0.0,0.0,0.0,0.0,,,True,33.0,0.0,,4.67,0.0,20,6,0,False,False,False,False,14.7,True,True,test,exercise day,1
2000-01-16 20:10:00,1,14.5,synthetic,False,0.0,0.0,2.245,1.0,0.0,0.0,0.0,0.0,0.0,0.0,0.0,,,True,25.0,0.0,,4.75,0.0,20,6,0,False,False,False,False,14.2,True,True,test,exercise day,1
2000-01-16 20:15:00,1,14.6,synthetic,False,0.0,0.0,2.025,1.0,0.0,0.0,0.0,0.0,0.0,0.0,0.0,63.6,5.0,False,20.0,0.0,,4.83,0.0,20,6,0,False,False,False,False,14.0,True,True,test,exercise day,1
2000-01-16 20:20:00,1,13.9,synthetic,False,0.0,0.0,1.805,1.0,0.0,0.0,0.0,0.0,0.0,0.0,0.0,74.4,4.0,False,28.0,0.0,,4.92,0.0,20,6,0,False,False,False,False,14.1,True,True,test,exercise day,1
2000-01-16 20:25:00,1,14.1,synthetic,False,0.0,0.0,1.584,1.0,0.0,0.0,0.0,0.0,0.0,0.0,0.0,,,True,23.0,0.0,,5.0,0.0,20,6,0,False,False,False,False,14.7,True,True,test,exercise day,1
2000-01-16 20:30:00,1,14.8,synthetic,False,0.0,0.0,1.364,1.0,0.0,0.0,0.0,0.0,0.0,0.0,0.0,62.3,2.0,False,23.0,0.0,,5.08,0.0,20,6,0,False,False,False,False,14.7,True,True,test,exercise day,1
2000-01-16 20:35:00,1,14.7,synthetic,False,0.0,0.0,1.143,1.0,0.0,0.0,0.0,0.0,0.0,0.0,0.0,74.7,3.0,False,28.0,0.0,,5.17,0.0,20,6,0,False,False,False,False,15.0,True,True,test,exercise day,1
2000-01-16 20:40:00,1,14.2,synthetic,False,0.0,0.0,0.923,0.0,1.0,0.0,0.0,0.1078,0.0,0.0,0.0,74.5,1.0,False,31.0,0.0,,5.25,0.0,20,6,0,False,False,False,False,14.7,True,True,test,exercise day,1
2000-01-16 20:45:00,1,14.0,synthetic,False,0.0,0.0,0.703,0.0,1.0,0.0,0.0,0.1078,0.0,0.0,0.0,65.3,5.0,False,23.0,0.0,,5.33,0.106,20,6,0,False,False,False,False,14.2,True,True,test,exercise day,1
2000-01-16 20:50:00,1,14.1,synthetic,False,0.0,0.0,0.482,0.0,1.0,0.0,0.0,0.1078,0.0,0.0,0.0,,,True,20.0,0.0,,5.42,0.207,20,6,0,False,False,False,False,14.1,True,True,test,exercise day,1
2000-01-16 20:55:00,1,14.7,synthetic,False,0.0,0.0,0.262,0.0,1.0,0.0,0.0,0.1078,0.0,0.0,0.0,,,True,30.0,0.0,,5.5,0.303,20,6,0,False,False,False,False,13.8,True,True,test,exercise day,1
2000-01-16 21:00:00,1,14.7,synthetic,False,0.0,0.0,0.046,0.0,1.0,0.0,0.0,0.1078,0.0,0.0,0.0,,,True,27.0,0.0,,5.58,0.395,21,6,0,False,False,False,False,13.8,True,True,test,exercise day,1
2000-01-16 21:05:00,1,15.0,synthetic,False,0.0,0.0,0.042,0.0,1.0,0.0,0.0,0.1078,0.0,0.0,0.0,,,True,21.0,0.0,,5.67,0.483,21,6,0,False,False,False,False,13.4,True,True,test,exercise day,1
2000-01-16 21:10:00,1,14.7,synthetic,False,0.0,0.0,0.038,0.0,1.0,0.0,0.0,0.1078,0.0,0.0,0.0,,,True,22.0,0.0,,5.75,0.566,21,6,0,False,False,False,False,12.8,True,True,test,exercise day,1
2000-01-16 21:15:00,1,14.2,synthetic,False,0.0,0.0,0.033,0.0,1.0,0.0,0.0,0.1078,0.0,0.0,0.0,63.0,2.0,False,28.0,0.0,,5.83,0.645,21,6,0,False,False,False,False,12.0,True,True,test,exercise day,1
2000-01-16 21:20:00,1,14.1,synthetic,False,0.0,0.0,0.029,0.0,1.0,0.0,0.0,0.1078,0.0,0.0,0.0,,,True,16.0,0.0,,5.92,0.719,21,6,0,False,False,False,False,11.0,True,True,test,exercise day,1
2000-01-16 21:25:00,1,13.8,synthetic,False,0.0,0.0,0.025,0.0,1.0,0.0,0.0,0.1078,0.0,0.0,0.0,63.4,2.0,False,23.0,0.0,,6.0,0.788,21,6,0,False,False,False,False,10.3,True,True,test,exercise day,1
2000-01-16 21:30:00,1,13.8,synthetic,False,0.0,0.0,0.021,0.0,1.0,0.0,0.0,0.1078,0.0,0.0,0.0,,,True,20.0,0.0,,6.08,0.853,21,6,0,False,False,False,False,9.2,True,True,test,exercise day,1
2000-01-16 21:35:00,1,13.4,synthetic,False,0.0,0.0,0.017,0.0,1.0,0.0,0.0,0.1078,0.0,0.0,0.0,64.9,1.0,False,25.0,0.0,,6.17,0.914,21,6,0,False,False,False,False,8.9,True,True,test,exercise day,1
2000-01-16 21:40:00,1,12.8,synthetic,False,0.0,0.0,0.012,0.0,1.0,0.0,0.0,0.1078,0.0,0.0,0.0,63.4,3.0,False,33.0,0.0,,6.25,0.97,21,6,0,False,False,False,False,8.5,True,True,test,exercise day,1
2000-01-16 21:45:00,1,12.0,synthetic,False,0.0,0.0,0.008,0.0,1.0,0.0,0.0,0.1078,0.0,0.0,0.0,59.9,1.0,False,20.0,0.0,,6.33,1.022,21,6,0,False,False,False,False,8.1,True,True,test,exercise day,1
2000-01-16 21:50:00,1,11.0,synthetic,False,0.0,0.0,0.004,0.0,1.0,0.0,0.0,0.1078,0.0,0.0,0.0,48.1,1.0,False,25.0,0.0,,6.42,1.069,21,6,0,False,False,False,False,7.0,True,True,test,exercise day,1
2000-01-16 21:55:00,1,10.3,synthetic,False,0.0,0.0,0.0,0.0,1.0,0.0,0.0,0.1078,0.0,0.0,0.0,53.9,3.0,False,21.0,0.0,,6.5,1.112,21,6,0,False,False,False,False,6.4,True,True,test,exercise day,1
2000-01-16 22:00:00,1,9.2,synthetic,False,0.0,0.0,0.0,0.0,1.0,0.0,0.0,0.1078,0.0,0.0,0.0,,,True,17.0,0.0,,6.58,1.15,22,6,0,False,False,False,False,6.0,True,True,test,exercise day,1
2000-01-16 22:05:00,1,8.9,synthetic,False,0.0,0.0,0.0,0.0,1.0,0.0,0.0,0.1078,0.0,0.0,0.0,71.4,3.0,False,25.0,0.0,,6.67,1.184,22,6,0,False,False,False,False,6.3,True,True,test,exercise day,1
2000-01-16 22:10:00,1,8.5,synthetic,False,0.0,0.0,0.0,0.0,1.0,0.0,0.0,0.1078,0.0,0.0,0.0,,,True,28.0,0.0,,6.75,1.213,22,6,0,False,False,False,False,6.5,True,True,test,exercise day,1
2000-01-16 22:15:00,1,8.1,synthetic,False,0.0,0.0,0.0,0.0,1.0,0.0,0.0,0.1078,0.0,0.0,0.0,,,True,29.0,0.0,,6.83,1.237,22,6,0,False,False,False,False,7.1,True,True,test,exercise day,1
2000-01-16 22:20:00,1,7.0,synthetic,False,0.0,0.0,0.0,0.0,1.0,0.0,0.0,0.1078,0.0,0.0,0.0,,,True,21.0,0.0,,6.92,1.258,22,6,0,False,False,False,False,6.7,True,True,test,exercise day,1
2000-01-16 22:25:00,1,6.4,synthetic,False,3.19,38.1,3.186,0.0,1.0,0.0,0.0,0.1078,0.0,0.0,0.0,,,True,26.0,0.0,,7.0,1.273,22,6,0,False,False,False,False,7.0,True,True,test,exercise day,1
2000-01-16 22:30:00,1,6.0,synthetic,False,0.0,0.0,3.053,0.0,1.0,0.0,0.0,0.1078,0.0,0.0,0.0,54.4,2.0,False,36.0,0.0,,7.08,1.285,22,6,0,False,False,False,False,7.6,True,True,test,exercise day,1
2000-01-16 22:35:00,1,6.3,synthetic,False,0.0,0.0,2.92,0.0,1.0,0.0,0.0,0.1078,0.0,0.0,0.0,55.3,4.0,False,19.0,0.0,,7.17,1.291,22,6,0,False,False,False,False,8.5,True,True,test,exercise day,1
2000-01-16 22:40:00,1,6.5,synthetic,False,0.0,0.0,2.787,0.0,1.0,0.0,0.0,0.1078,0.0,0.0,0.0,69.4,4.0,False,26.0,0.0,,7.25,1.294,22,6,0,False,False,False,False,9.0,True,True,test,exercise day,1
2000-01-16 22:45:00,1,7.1,synthetic,False,0.0,0.0,2.655,0.0,1.0,0.0,0.0,0.1078,0.0,0.0,0.0,,,True,25.0,0.0,,7.33,1.294,22,6,0,False,False,False,False,9.3,True,True,test,exercise day,1
2000-01-16 22:50:00,1,6.7,synthetic,False,0.0,0.0,2.522,0.0,1.0,0.0,0.0,0.1078,0.0,0.0,0.0,56.9,2.0,False,26.0,0.0,,7.42,1.294,22,6,0,False,False,False,False,10.3,True,True,test,exercise day,1
2000-01-16 22:55:00,1,7.0,synthetic,False,0.0,0.0,2.389,0.0,1.0,0.0,0.0,0.1078,0.0,0.0,0.0,61.9,3.0,False,27.0,0.0,,7.5,1.294,22,6,0,False,False,False,False,11.0,True,True,test,exercise day,1
2000-01-16 23:00:00,1,7.6,synthetic,False,0.0,0.0,2.256,0.0,1.0,0.0,0.0,0.1078,0.0,0.0,0.0,58.1,3.0,False,4.0,0.0,,7.58,1.294,23,6,0,False,False,False,False,11.4,True,True,test,exercise day,1
2000-01-16 23:05:00,1,8.5,synthetic,False,0.0,0.0,2.124,0.0,1.0,0.0,0.0,0.1078,0.0,0.0,0.0,,,True,1.0,0.0,,7.67,1.294,23,6,0,False,False,False,False,11.3,True,True,test,exercise day,1
2000-01-16 23:10:00,1,9.0,synthetic,False,0.0,0.0,1.991,0.0,1.0,0.0,0.0,0.1078,0.0,0.0,0.0,61.1,2.0,False,2.0,0.0,,7.75,1.294,23,6,0,False,False,False,False,11.2,True,True,test,exercise day,1
2000-01-16 23:15:00,1,9.3,synthetic,False,0.0,0.0,1.858,0.0,1.0,0.0,0.0,0.1078,0.0,0.0,0.0,,,True,2.0,0.0,,7.83,1.294,23,6,0,False,False,False,False,11.3,True,True,test,exercise day,1
2000-01-16 23:20:00,1,10.3,synthetic,False,0.0,0.0,1.726,0.0,1.0,0.0,0.0,0.1078,0.0,0.0,0.0,,,True,1.0,0.0,,7.92,1.294,23,6,0,False,False,False,False,10.6,True,True,test,exercise day,1
2000-01-16 23:25:00,1,11.0,synthetic,False,0.0,0.0,1.593,0.0,1.0,0.0,0.0,0.1078,0.0,0.0,0.0,78.5,2.0,False,3.0,0.0,,8.0,1.294,23,6,0,False,False,False,False,9.9,True,True,test,exercise day,1
2000-01-16 23:30:00,1,11.4,synthetic,False,0.0,0.0,1.46,0.0,1.0,0.0,0.0,0.1078,0.0,0.0,0.0,57.0,2.0,False,1.0,0.0,,8.08,1.294,23,6,0,False,False,False,False,,True,False,test,exercise day,1
2000-01-16 23:35:00,1,11.3,synthetic,False,0.0,0.0,1.327,0.0,1.0,0.0,0.0,0.1078,0.0,0.0,0.0,,,True,2.0,0.0,,8.17,1.294,23,6,0,False,False,False,False,,True,False,test,exercise day,1
2000-01-16 23:40:00,1,11.2,synthetic,False,0.0,0.0,1.195,0.0,1.0,0.0,0.0,0.1078,0.0,0.0,0.0,,,True,1.0,0.0,,8.25,1.294,23,6,0,False,False,False,False,,True,False,test,exercise day,1
2000-01-16 23:45:00,1,11.3,synthetic,False,0.0,0.0,1.062,0.0,1.0,0.0,0.0,0.1078,0.0,0.0,0.0,50.2,5.0,False,1.0,0.0,,8.33,1.294,23,6,0,False,False,False,False,,True,False,test,exercise day,1
2000-01-16 23:50:00,1,10.6,synthetic,False,0.0,0.0,0.929,0.0,1.0,0.0,0.0,0.1078,0.0,0.0,0.0,48.6,1.0,False,3.0,0.0,,8.42,1.294,23,6,0,False,False,False,False,,True,False,test,exercise day,1
2000-01-16 23:55:00,1,9.9,synthetic,False,0.0,0.0,0.796,0.0,1.0,0.0,0.0,0.1078,0.0,0.0,0.0,,,True,2.0,0.0,,8.5,1.294,23,6,0,False,False,False,False,,True,False,test,exercise day,1
